Copyright 1986-2022 Xilinx, Inc. All Rights Reserved. Copyright 2022-2024 Advanced Micro Devices, Inc. All Rights Reserved.
------------------------------------------------------------------------------------------------------------------------------------------------------------------------------------------------------------------------------------------
| Tool Version : Vivado v.2024.2 (win64) Build 5239630 Fri Nov 08 22:35:27 MST 2024
| Date         : Tue Dec  2 17:48:37 2025
| Host         : Anas running 64-bit major release  (build 9200)
| Command      : report_timing_summary -max_paths 10 -report_unconstrained -file lab_7_top_level_timing_summary_routed.rpt -pb lab_7_top_level_timing_summary_routed.pb -rpx lab_7_top_level_timing_summary_routed.rpx -warn_on_violation
| Design       : lab_7_top_level
| Device       : 7a35t-cpg236
| Speed File   : -1  PRODUCTION 1.23 2018-06-13
| Design State : Routed
------------------------------------------------------------------------------------------------------------------------------------------------------------------------------------------------------------------------------------------

Timing Summary Report

------------------------------------------------------------------------------------------------
| Timer Settings
| --------------
------------------------------------------------------------------------------------------------

  Enable Multi Corner Analysis               :  Yes
  Enable Pessimism Removal                   :  Yes
  Pessimism Removal Resolution               :  Nearest Common Node
  Enable Input Delay Default Clock           :  No
  Enable Preset / Clear Arcs                 :  No
  Disable Flight Delays                      :  No
  Ignore I/O Paths                           :  No
  Timing Early Launch at Borrowing Latches   :  No
  Borrow Time for Max Delay Exceptions       :  Yes
  Merge Timing Exceptions                    :  Yes
  Inter-SLR Compensation                     :  Conservative

  Corner  Analyze    Analyze    
  Name    Max Paths  Min Paths  
  ------  ---------  ---------  
  Slow    Yes        Yes        
  Fast    Yes        Yes        


------------------------------------------------------------------------------------------------
| Report Methodology
| ------------------
------------------------------------------------------------------------------------------------

Rule       Severity          Description                                                       Violations  
---------  ----------------  ----------------------------------------------------------------  ----------  
TIMING-6   Critical Warning  No common primary clock between related clocks                    2           
TIMING-18  Warning           Missing input or output delay                                     47          
TIMING-56  Warning           Missing logically or physically excluded clock groups constraint  2           

Note: This report is based on the most recent report_methodology run and may not be up-to-date. Run report_methodology on the current design for the latest report.



check_timing report

Table of Contents
-----------------
1. checking no_clock (0)
2. checking constant_clock (0)
3. checking pulse_width_clock (0)
4. checking unconstrained_internal_endpoints (0)
5. checking no_input_delay (10)
6. checking no_output_delay (37)
7. checking multiple_clock (1596)
8. checking generated_clocks (0)
9. checking loops (0)
10. checking partial_input_delay (0)
11. checking partial_output_delay (0)
12. checking latch_loops (0)

1. checking no_clock (0)
------------------------
 There are 0 register/latch pins with no clock.


2. checking constant_clock (0)
------------------------------
 There are 0 register/latch pins with constant_clock.


3. checking pulse_width_clock (0)
---------------------------------
 There are 0 register/latch pins which need pulse_width check


4. checking unconstrained_internal_endpoints (0)
------------------------------------------------
 There are 0 pins that are not constrained for maximum delay.

 There are 0 pins that are not constrained for maximum delay due to constant clock.


5. checking no_input_delay (10)
-------------------------------
 There are 10 input ports with no input delay specified. (HIGH)

 There are 0 input ports with no input delay but user has a false path constraint.


6. checking no_output_delay (37)
--------------------------------
 There are 37 ports with no output delay specified. (HIGH)

 There are 0 ports with no output delay but user has a false path constraint

 There are 0 ports with no output delay but with a timing clock defined on it or propagating through it


7. checking multiple_clock (1596)
---------------------------------
 There are 1596 register/latch pins with multiple clocks. (HIGH)


8. checking generated_clocks (0)
--------------------------------
 There are 0 generated clocks that are not connected to a clock source.


9. checking loops (0)
---------------------
 There are 0 combinational loops in the design.


10. checking partial_input_delay (0)
------------------------------------
 There are 0 input ports with partial input delay specified.


11. checking partial_output_delay (0)
-------------------------------------
 There are 0 ports with partial output delay specified.


12. checking latch_loops (0)
----------------------------
 There are 0 combinational latch loops in the design through latch input



------------------------------------------------------------------------------------------------
| Design Timing Summary
| ---------------------
------------------------------------------------------------------------------------------------

    WNS(ns)      TNS(ns)  TNS Failing Endpoints  TNS Total Endpoints      WHS(ns)      THS(ns)  THS Failing Endpoints  THS Total Endpoints     WPWS(ns)     TPWS(ns)  TPWS Failing Endpoints  TPWS Total Endpoints  
    -------      -------  ---------------------  -------------------      -------      -------  ---------------------  -------------------     --------     --------  ----------------------  --------------------  
      4.136        0.000                      0                 3190        0.048        0.000                      0                 3190        3.000        0.000                       0                  1602  


All user specified timing constraints are met.


------------------------------------------------------------------------------------------------
| Clock Summary
| -------------
------------------------------------------------------------------------------------------------

Clock                   Waveform(ns)       Period(ns)      Frequency(MHz)
-----                   ------------       ----------      --------------
clk_in                  {0.000 5.000}      10.000          100.000         
  clk_out1_clk_wiz_0    {0.000 5.000}      10.000          100.000         
  clkfbout_clk_wiz_0    {0.000 5.000}      10.000          100.000         
sys_clk_pin             {0.000 5.000}      10.000          100.000         
  clk_out1_clk_wiz_0_1  {0.000 5.000}      10.000          100.000         
  clkfbout_clk_wiz_0_1  {0.000 5.000}      10.000          100.000         


------------------------------------------------------------------------------------------------
| Intra Clock Table
| -----------------
------------------------------------------------------------------------------------------------

Clock                       WNS(ns)      TNS(ns)  TNS Failing Endpoints  TNS Total Endpoints      WHS(ns)      THS(ns)  THS Failing Endpoints  THS Total Endpoints     WPWS(ns)     TPWS(ns)  TPWS Failing Endpoints  TPWS Total Endpoints  
-----                       -------      -------  ---------------------  -------------------      -------      -------  ---------------------  -------------------     --------     --------  ----------------------  --------------------  
clk_in                                                                                                                                                                    3.000        0.000                       0                     1  
  clk_out1_clk_wiz_0          4.136        0.000                      0                 3190        0.125        0.000                      0                 3190        4.020        0.000                       0                  1598  
  clkfbout_clk_wiz_0                                                                                                                                                      7.845        0.000                       0                     3  
sys_clk_pin                                                                                                                                                               3.000        0.000                       0                     1  
  clk_out1_clk_wiz_0_1        4.137        0.000                      0                 3190        0.125        0.000                      0                 3190        4.020        0.000                       0                  1598  
  clkfbout_clk_wiz_0_1                                                                                                                                                    7.845        0.000                       0                     3  


------------------------------------------------------------------------------------------------
| Inter Clock Table
| -----------------
------------------------------------------------------------------------------------------------

From Clock            To Clock                  WNS(ns)      TNS(ns)  TNS Failing Endpoints  TNS Total Endpoints      WHS(ns)      THS(ns)  THS Failing Endpoints  THS Total Endpoints  
----------            --------                  -------      -------  ---------------------  -------------------      -------      -------  ---------------------  -------------------  
clk_out1_clk_wiz_0_1  clk_out1_clk_wiz_0          4.136        0.000                      0                 3190        0.048        0.000                      0                 3190  
clk_out1_clk_wiz_0    clk_out1_clk_wiz_0_1        4.136        0.000                      0                 3190        0.048        0.000                      0                 3190  


------------------------------------------------------------------------------------------------
| Other Path Groups Table
| -----------------------
------------------------------------------------------------------------------------------------

Path Group    From Clock    To Clock          WNS(ns)      TNS(ns)  TNS Failing Endpoints  TNS Total Endpoints      WHS(ns)      THS(ns)  THS Failing Endpoints  THS Total Endpoints  
----------    ----------    --------          -------      -------  ---------------------  -------------------      -------      -------  ---------------------  -------------------  


------------------------------------------------------------------------------------------------
| User Ignored Path Table
| -----------------------
------------------------------------------------------------------------------------------------

Path Group    From Clock    To Clock    
----------    ----------    --------    


------------------------------------------------------------------------------------------------
| Unconstrained Path Table
| ------------------------
------------------------------------------------------------------------------------------------

Path Group            From Clock            To Clock            
----------            ----------            --------            
(none)                clk_out1_clk_wiz_0                          
(none)                clk_out1_clk_wiz_0_1                        
(none)                clkfbout_clk_wiz_0                          
(none)                clkfbout_clk_wiz_0_1                        
(none)                                      clk_out1_clk_wiz_0    
(none)                                      clk_out1_clk_wiz_0_1  


------------------------------------------------------------------------------------------------
| Timing Details
| --------------
------------------------------------------------------------------------------------------------


---------------------------------------------------------------------------------------------------
From Clock:  clk_in
  To Clock:  clk_in

Setup :           NA  Failing Endpoints,  Worst Slack           NA  ,  Total Violation           NA
Hold  :           NA  Failing Endpoints,  Worst Slack           NA  ,  Total Violation           NA
PW    :            0  Failing Endpoints,  Worst Slack        3.000ns,  Total Violation        0.000ns
---------------------------------------------------------------------------------------------------


Pulse Width Checks
--------------------------------------------------------------------------------------
Clock Name:         clk_in
Waveform(ns):       { 0.000 5.000 }
Period(ns):         10.000
Sources:            { clk_in }

Check Type        Corner  Lib Pin           Reference Pin  Required(ns)  Actual(ns)  Slack(ns)  Location        Pin
Min Period        n/a     PLLE2_ADV/CLKIN1  n/a            1.249         10.000      8.751      PLLE2_ADV_X1Y0  u_clk_wiz/inst/plle2_adv_inst/CLKIN1
Max Period        n/a     PLLE2_ADV/CLKIN1  n/a            52.633        10.000      42.633     PLLE2_ADV_X1Y0  u_clk_wiz/inst/plle2_adv_inst/CLKIN1
Low Pulse Width   Slow    PLLE2_ADV/CLKIN1  n/a            2.000         5.000       3.000      PLLE2_ADV_X1Y0  u_clk_wiz/inst/plle2_adv_inst/CLKIN1
Low Pulse Width   Fast    PLLE2_ADV/CLKIN1  n/a            2.000         5.000       3.000      PLLE2_ADV_X1Y0  u_clk_wiz/inst/plle2_adv_inst/CLKIN1
High Pulse Width  Slow    PLLE2_ADV/CLKIN1  n/a            2.000         5.000       3.000      PLLE2_ADV_X1Y0  u_clk_wiz/inst/plle2_adv_inst/CLKIN1
High Pulse Width  Fast    PLLE2_ADV/CLKIN1  n/a            2.000         5.000       3.000      PLLE2_ADV_X1Y0  u_clk_wiz/inst/plle2_adv_inst/CLKIN1



---------------------------------------------------------------------------------------------------
From Clock:  clk_out1_clk_wiz_0
  To Clock:  clk_out1_clk_wiz_0

Setup :            0  Failing Endpoints,  Worst Slack        4.136ns,  Total Violation        0.000ns
Hold  :            0  Failing Endpoints,  Worst Slack        0.125ns,  Total Violation        0.000ns
PW    :            0  Failing Endpoints,  Worst Slack        4.020ns,  Total Violation        0.000ns
---------------------------------------------------------------------------------------------------


Max Delay Paths
--------------------------------------------------------------------------------------
Slack (MET) :             4.136ns  (required time - arrival time)
  Source:                 XADC_INST/inst/DCLK
                            (rising edge-triggered cell XADC clocked by clk_out1_clk_wiz_0  {rise@0.000ns fall@5.000ns period=10.000ns})
  Destination:            ADC_PROC_XADC/averager/sum_reg[21]/D
                            (rising edge-triggered cell FDRE clocked by clk_out1_clk_wiz_0  {rise@0.000ns fall@5.000ns period=10.000ns})
  Path Group:             clk_out1_clk_wiz_0
  Path Type:              Setup (Max at Slow Process Corner)
  Requirement:            10.000ns  (clk_out1_clk_wiz_0 rise@10.000ns - clk_out1_clk_wiz_0 rise@0.000ns)
  Data Path Delay:        5.745ns  (logic 3.030ns (52.742%)  route 2.715ns (47.258%))
  Logic Levels:           8  (CARRY4=6 LUT2=1 LUT4=1)
  Clock Path Skew:        -0.103ns (DCD - SCD + CPR)
    Destination Clock Delay (DCD):    -2.090ns = ( 7.910 - 10.000 ) 
    Source Clock Delay      (SCD):    -2.485ns
    Clock Pessimism Removal (CPR):    -0.498ns
  Clock Uncertainty:      0.077ns  ((TSJ^2 + DJ^2)^1/2) / 2 + PE
    Total System Jitter     (TSJ):    0.071ns
    Discrete Jitter          (DJ):    0.138ns
    Phase Error              (PE):    0.000ns

    Location             Delay type                Incr(ns)  Path(ns)    Netlist Resource(s)
  -------------------------------------------------------------------    -------------------
                         (clock clk_out1_clk_wiz_0 rise edge)
                                                      0.000     0.000 r  
    W5                                                0.000     0.000 r  clk_in (IN)
                         net (fo=0)                   0.000     0.000    u_clk_wiz/inst/clk_in1
    W5                   IBUF (Prop_ibuf_I_O)         1.458     1.458 r  u_clk_wiz/inst/clkin1_ibufg/O
                         net (fo=1, routed)           1.253     2.711    u_clk_wiz/inst/clk_in1_clk_wiz_0
    PLLE2_ADV_X1Y0       PLLE2_ADV (Prop_plle2_adv_CLKIN1_CLKOUT0)
                                                     -8.482    -5.770 r  u_clk_wiz/inst/plle2_adv_inst/CLKOUT0
                         net (fo=1, routed)           1.655    -4.115    u_clk_wiz/inst/clk_out1_clk_wiz_0
    BUFGCTRL_X0Y0        BUFG (Prop_bufg_I_O)         0.096    -4.019 r  u_clk_wiz/inst/clkout1_buf/O
                         net (fo=1596, routed)        1.534    -2.485    XADC_INST/dclk_in
    XADC_X0Y0            XADC                                         r  XADC_INST/inst/DCLK
  -------------------------------------------------------------------    -------------------
    XADC_X0Y0            XADC (Prop_xadc_DCLK_DO[0])
                                                      1.214    -1.271 r  XADC_INST/inst/DO[0]
                         net (fo=5, routed)           2.258     0.987    ADC_PROC_XADC/averager/Din[0]
    SLICE_X48Y70         LUT2 (Prop_lut2_I0_O)        0.150     1.137 r  ADC_PROC_XADC/averager/sum[3]_i_4/O
                         net (fo=2, routed)           0.448     1.585    ADC_PROC_XADC/averager/sum[3]_i_4_n_0
    SLICE_X48Y70         LUT4 (Prop_lut4_I3_O)        0.326     1.911 r  ADC_PROC_XADC/averager/sum[3]_i_8/O
                         net (fo=1, routed)           0.000     1.911    ADC_PROC_XADC/averager/sum[3]_i_8_n_0
    SLICE_X48Y70         CARRY4 (Prop_carry4_S[1]_CO[3])
                                                      0.550     2.461 r  ADC_PROC_XADC/averager/sum_reg[3]_i_1/CO[3]
                         net (fo=1, routed)           0.000     2.461    ADC_PROC_XADC/averager/sum_reg[3]_i_1_n_0
    SLICE_X48Y71         CARRY4 (Prop_carry4_CI_CO[3])
                                                      0.114     2.575 r  ADC_PROC_XADC/averager/sum_reg[7]_i_1/CO[3]
                         net (fo=1, routed)           0.000     2.575    ADC_PROC_XADC/averager/sum_reg[7]_i_1_n_0
    SLICE_X48Y72         CARRY4 (Prop_carry4_CI_CO[3])
                                                      0.114     2.689 r  ADC_PROC_XADC/averager/sum_reg[11]_i_1/CO[3]
                         net (fo=1, routed)           0.000     2.689    ADC_PROC_XADC/averager/sum_reg[11]_i_1_n_0
    SLICE_X48Y73         CARRY4 (Prop_carry4_CI_CO[3])
                                                      0.114     2.803 r  ADC_PROC_XADC/averager/sum_reg[15]_i_1/CO[3]
                         net (fo=1, routed)           0.000     2.803    ADC_PROC_XADC/averager/sum_reg[15]_i_1_n_0
    SLICE_X48Y74         CARRY4 (Prop_carry4_CI_CO[3])
                                                      0.114     2.917 r  ADC_PROC_XADC/averager/sum_reg[19]_i_1/CO[3]
                         net (fo=1, routed)           0.009     2.926    ADC_PROC_XADC/averager/sum_reg[19]_i_1_n_0
    SLICE_X48Y75         CARRY4 (Prop_carry4_CI_O[1])
                                                      0.334     3.260 r  ADC_PROC_XADC/averager/sum_reg[23]_i_1/O[1]
                         net (fo=1, routed)           0.000     3.260    ADC_PROC_XADC/averager/sum_reg[23]_i_1_n_6
    SLICE_X48Y75         FDRE                                         r  ADC_PROC_XADC/averager/sum_reg[21]/D
  -------------------------------------------------------------------    -------------------

                         (clock clk_out1_clk_wiz_0 rise edge)
                                                     10.000    10.000 r  
    W5                                                0.000    10.000 r  clk_in (IN)
                         net (fo=0)                   0.000    10.000    u_clk_wiz/inst/clk_in1
    W5                   IBUF (Prop_ibuf_I_O)         1.388    11.388 r  u_clk_wiz/inst/clkin1_ibufg/O
                         net (fo=1, routed)           1.181    12.569    u_clk_wiz/inst/clk_in1_clk_wiz_0
    PLLE2_ADV_X1Y0       PLLE2_ADV (Prop_plle2_adv_CLKIN1_CLKOUT0)
                                                     -7.750     4.819 r  u_clk_wiz/inst/plle2_adv_inst/CLKOUT0
                         net (fo=1, routed)           1.576     6.396    u_clk_wiz/inst/clk_out1_clk_wiz_0
    BUFGCTRL_X0Y0        BUFG (Prop_bufg_I_O)         0.091     6.487 r  u_clk_wiz/inst/clkout1_buf/O
                         net (fo=1596, routed)        1.424     7.910    ADC_PROC_XADC/averager/clk
    SLICE_X48Y75         FDRE                                         r  ADC_PROC_XADC/averager/sum_reg[21]/C
                         clock pessimism             -0.498     7.412    
                         clock uncertainty           -0.077     7.334    
    SLICE_X48Y75         FDRE (Setup_fdre_C_D)        0.062     7.396    ADC_PROC_XADC/averager/sum_reg[21]
  -------------------------------------------------------------------
                         required time                          7.396    
                         arrival time                          -3.260    
  -------------------------------------------------------------------
                         slack                                  4.136    

Slack (MET) :             4.157ns  (required time - arrival time)
  Source:                 XADC_INST/inst/DCLK
                            (rising edge-triggered cell XADC clocked by clk_out1_clk_wiz_0  {rise@0.000ns fall@5.000ns period=10.000ns})
  Destination:            ADC_PROC_XADC/averager/sum_reg[23]/D
                            (rising edge-triggered cell FDRE clocked by clk_out1_clk_wiz_0  {rise@0.000ns fall@5.000ns period=10.000ns})
  Path Group:             clk_out1_clk_wiz_0
  Path Type:              Setup (Max at Slow Process Corner)
  Requirement:            10.000ns  (clk_out1_clk_wiz_0 rise@10.000ns - clk_out1_clk_wiz_0 rise@0.000ns)
  Data Path Delay:        5.724ns  (logic 3.009ns (52.568%)  route 2.715ns (47.432%))
  Logic Levels:           8  (CARRY4=6 LUT2=1 LUT4=1)
  Clock Path Skew:        -0.103ns (DCD - SCD + CPR)
    Destination Clock Delay (DCD):    -2.090ns = ( 7.910 - 10.000 ) 
    Source Clock Delay      (SCD):    -2.485ns
    Clock Pessimism Removal (CPR):    -0.498ns
  Clock Uncertainty:      0.077ns  ((TSJ^2 + DJ^2)^1/2) / 2 + PE
    Total System Jitter     (TSJ):    0.071ns
    Discrete Jitter          (DJ):    0.138ns
    Phase Error              (PE):    0.000ns

    Location             Delay type                Incr(ns)  Path(ns)    Netlist Resource(s)
  -------------------------------------------------------------------    -------------------
                         (clock clk_out1_clk_wiz_0 rise edge)
                                                      0.000     0.000 r  
    W5                                                0.000     0.000 r  clk_in (IN)
                         net (fo=0)                   0.000     0.000    u_clk_wiz/inst/clk_in1
    W5                   IBUF (Prop_ibuf_I_O)         1.458     1.458 r  u_clk_wiz/inst/clkin1_ibufg/O
                         net (fo=1, routed)           1.253     2.711    u_clk_wiz/inst/clk_in1_clk_wiz_0
    PLLE2_ADV_X1Y0       PLLE2_ADV (Prop_plle2_adv_CLKIN1_CLKOUT0)
                                                     -8.482    -5.770 r  u_clk_wiz/inst/plle2_adv_inst/CLKOUT0
                         net (fo=1, routed)           1.655    -4.115    u_clk_wiz/inst/clk_out1_clk_wiz_0
    BUFGCTRL_X0Y0        BUFG (Prop_bufg_I_O)         0.096    -4.019 r  u_clk_wiz/inst/clkout1_buf/O
                         net (fo=1596, routed)        1.534    -2.485    XADC_INST/dclk_in
    XADC_X0Y0            XADC                                         r  XADC_INST/inst/DCLK
  -------------------------------------------------------------------    -------------------
    XADC_X0Y0            XADC (Prop_xadc_DCLK_DO[0])
                                                      1.214    -1.271 r  XADC_INST/inst/DO[0]
                         net (fo=5, routed)           2.258     0.987    ADC_PROC_XADC/averager/Din[0]
    SLICE_X48Y70         LUT2 (Prop_lut2_I0_O)        0.150     1.137 r  ADC_PROC_XADC/averager/sum[3]_i_4/O
                         net (fo=2, routed)           0.448     1.585    ADC_PROC_XADC/averager/sum[3]_i_4_n_0
    SLICE_X48Y70         LUT4 (Prop_lut4_I3_O)        0.326     1.911 r  ADC_PROC_XADC/averager/sum[3]_i_8/O
                         net (fo=1, routed)           0.000     1.911    ADC_PROC_XADC/averager/sum[3]_i_8_n_0
    SLICE_X48Y70         CARRY4 (Prop_carry4_S[1]_CO[3])
                                                      0.550     2.461 r  ADC_PROC_XADC/averager/sum_reg[3]_i_1/CO[3]
                         net (fo=1, routed)           0.000     2.461    ADC_PROC_XADC/averager/sum_reg[3]_i_1_n_0
    SLICE_X48Y71         CARRY4 (Prop_carry4_CI_CO[3])
                                                      0.114     2.575 r  ADC_PROC_XADC/averager/sum_reg[7]_i_1/CO[3]
                         net (fo=1, routed)           0.000     2.575    ADC_PROC_XADC/averager/sum_reg[7]_i_1_n_0
    SLICE_X48Y72         CARRY4 (Prop_carry4_CI_CO[3])
                                                      0.114     2.689 r  ADC_PROC_XADC/averager/sum_reg[11]_i_1/CO[3]
                         net (fo=1, routed)           0.000     2.689    ADC_PROC_XADC/averager/sum_reg[11]_i_1_n_0
    SLICE_X48Y73         CARRY4 (Prop_carry4_CI_CO[3])
                                                      0.114     2.803 r  ADC_PROC_XADC/averager/sum_reg[15]_i_1/CO[3]
                         net (fo=1, routed)           0.000     2.803    ADC_PROC_XADC/averager/sum_reg[15]_i_1_n_0
    SLICE_X48Y74         CARRY4 (Prop_carry4_CI_CO[3])
                                                      0.114     2.917 r  ADC_PROC_XADC/averager/sum_reg[19]_i_1/CO[3]
                         net (fo=1, routed)           0.009     2.926    ADC_PROC_XADC/averager/sum_reg[19]_i_1_n_0
    SLICE_X48Y75         CARRY4 (Prop_carry4_CI_O[3])
                                                      0.313     3.239 r  ADC_PROC_XADC/averager/sum_reg[23]_i_1/O[3]
                         net (fo=1, routed)           0.000     3.239    ADC_PROC_XADC/averager/sum_reg[23]_i_1_n_4
    SLICE_X48Y75         FDRE                                         r  ADC_PROC_XADC/averager/sum_reg[23]/D
  -------------------------------------------------------------------    -------------------

                         (clock clk_out1_clk_wiz_0 rise edge)
                                                     10.000    10.000 r  
    W5                                                0.000    10.000 r  clk_in (IN)
                         net (fo=0)                   0.000    10.000    u_clk_wiz/inst/clk_in1
    W5                   IBUF (Prop_ibuf_I_O)         1.388    11.388 r  u_clk_wiz/inst/clkin1_ibufg/O
                         net (fo=1, routed)           1.181    12.569    u_clk_wiz/inst/clk_in1_clk_wiz_0
    PLLE2_ADV_X1Y0       PLLE2_ADV (Prop_plle2_adv_CLKIN1_CLKOUT0)
                                                     -7.750     4.819 r  u_clk_wiz/inst/plle2_adv_inst/CLKOUT0
                         net (fo=1, routed)           1.576     6.396    u_clk_wiz/inst/clk_out1_clk_wiz_0
    BUFGCTRL_X0Y0        BUFG (Prop_bufg_I_O)         0.091     6.487 r  u_clk_wiz/inst/clkout1_buf/O
                         net (fo=1596, routed)        1.424     7.910    ADC_PROC_XADC/averager/clk
    SLICE_X48Y75         FDRE                                         r  ADC_PROC_XADC/averager/sum_reg[23]/C
                         clock pessimism             -0.498     7.412    
                         clock uncertainty           -0.077     7.334    
    SLICE_X48Y75         FDRE (Setup_fdre_C_D)        0.062     7.396    ADC_PROC_XADC/averager/sum_reg[23]
  -------------------------------------------------------------------
                         required time                          7.396    
                         arrival time                          -3.239    
  -------------------------------------------------------------------
                         slack                                  4.157    

Slack (MET) :             4.202ns  (required time - arrival time)
  Source:                 INPUT_SYNC/out2_reg[0]/C
                            (rising edge-triggered cell FDRE clocked by clk_out1_clk_wiz_0  {rise@0.000ns fall@5.000ns period=10.000ns})
  Destination:            AUTO_CAL/offset_reg_reg[16]/D
                            (rising edge-triggered cell FDRE clocked by clk_out1_clk_wiz_0  {rise@0.000ns fall@5.000ns period=10.000ns})
  Path Group:             clk_out1_clk_wiz_0
  Path Type:              Setup (Max at Slow Process Corner)
  Requirement:            10.000ns  (clk_out1_clk_wiz_0 rise@10.000ns - clk_out1_clk_wiz_0 rise@0.000ns)
  Data Path Delay:        5.710ns  (logic 1.635ns (28.633%)  route 4.075ns (71.367%))
  Logic Levels:           5  (CARRY4=3 LUT2=1 LUT4=1)
  Clock Path Skew:        -0.119ns (DCD - SCD + CPR)
    Destination Clock Delay (DCD):    -2.087ns = ( 7.913 - 10.000 ) 
    Source Clock Delay      (SCD):    -2.395ns
    Clock Pessimism Removal (CPR):    -0.427ns
  Clock Uncertainty:      0.077ns  ((TSJ^2 + DJ^2)^1/2) / 2 + PE
    Total System Jitter     (TSJ):    0.071ns
    Discrete Jitter          (DJ):    0.138ns
    Phase Error              (PE):    0.000ns

    Location             Delay type                Incr(ns)  Path(ns)    Netlist Resource(s)
  -------------------------------------------------------------------    -------------------
                         (clock clk_out1_clk_wiz_0 rise edge)
                                                      0.000     0.000 r  
    W5                                                0.000     0.000 r  clk_in (IN)
                         net (fo=0)                   0.000     0.000    u_clk_wiz/inst/clk_in1
    W5                   IBUF (Prop_ibuf_I_O)         1.458     1.458 r  u_clk_wiz/inst/clkin1_ibufg/O
                         net (fo=1, routed)           1.253     2.711    u_clk_wiz/inst/clk_in1_clk_wiz_0
    PLLE2_ADV_X1Y0       PLLE2_ADV (Prop_plle2_adv_CLKIN1_CLKOUT0)
                                                     -8.482    -5.770 r  u_clk_wiz/inst/plle2_adv_inst/CLKOUT0
                         net (fo=1, routed)           1.655    -4.115    u_clk_wiz/inst/clk_out1_clk_wiz_0
    BUFGCTRL_X0Y0        BUFG (Prop_bufg_I_O)         0.096    -4.019 r  u_clk_wiz/inst/clkout1_buf/O
                         net (fo=1596, routed)        1.624    -2.395    INPUT_SYNC/clk
    SLICE_X64Y60         FDRE                                         r  INPUT_SYNC/out2_reg[0]/C
  -------------------------------------------------------------------    -------------------
    SLICE_X64Y60         FDRE (Prop_fdre_C_Q)         0.518    -1.877 r  INPUT_SYNC/out2_reg[0]/Q
                         net (fo=54, routed)          3.550     1.673    AVE_DATA_EN/mode_select[0]
    SLICE_X53Y74         LUT4 (Prop_lut4_I1_O)        0.124     1.797 r  AVE_DATA_EN/data[9]_INST_0/O
                         net (fo=5, routed)           0.517     2.313    AUTO_CAL/ave_data[9]
    SLICE_X50Y74         LUT2 (Prop_lut2_I1_O)        0.124     2.437 r  AUTO_CAL/offset_reg[11]_i_4/O
                         net (fo=1, routed)           0.000     2.437    AUTO_CAL/offset_reg[11]_i_4_n_0
    SLICE_X50Y74         CARRY4 (Prop_carry4_S[1]_CO[3])
                                                      0.533     2.970 r  AUTO_CAL/offset_reg_reg[11]_i_1/CO[3]
                         net (fo=1, routed)           0.009     2.979    AUTO_CAL/offset_reg_reg[11]_i_1_n_0
    SLICE_X50Y75         CARRY4 (Prop_carry4_CI_CO[3])
                                                      0.117     3.096 r  AUTO_CAL/offset_reg_reg[15]_i_1/CO[3]
                         net (fo=1, routed)           0.000     3.096    AUTO_CAL/offset_reg_reg[15]_i_1_n_0
    SLICE_X50Y76         CARRY4 (Prop_carry4_CI_O[0])
                                                      0.219     3.315 r  AUTO_CAL/offset_reg_reg[16]_i_1/O[0]
                         net (fo=1, routed)           0.000     3.315    AUTO_CAL/offset_reg_reg[16]_i_1_n_7
    SLICE_X50Y76         FDRE                                         r  AUTO_CAL/offset_reg_reg[16]/D
  -------------------------------------------------------------------    -------------------

                         (clock clk_out1_clk_wiz_0 rise edge)
                                                     10.000    10.000 r  
    W5                                                0.000    10.000 r  clk_in (IN)
                         net (fo=0)                   0.000    10.000    u_clk_wiz/inst/clk_in1
    W5                   IBUF (Prop_ibuf_I_O)         1.388    11.388 r  u_clk_wiz/inst/clkin1_ibufg/O
                         net (fo=1, routed)           1.181    12.569    u_clk_wiz/inst/clk_in1_clk_wiz_0
    PLLE2_ADV_X1Y0       PLLE2_ADV (Prop_plle2_adv_CLKIN1_CLKOUT0)
                                                     -7.750     4.819 r  u_clk_wiz/inst/plle2_adv_inst/CLKOUT0
                         net (fo=1, routed)           1.576     6.396    u_clk_wiz/inst/clk_out1_clk_wiz_0
    BUFGCTRL_X0Y0        BUFG (Prop_bufg_I_O)         0.091     6.487 r  u_clk_wiz/inst/clkout1_buf/O
                         net (fo=1596, routed)        1.427     7.913    AUTO_CAL/clk
    SLICE_X50Y76         FDRE                                         r  AUTO_CAL/offset_reg_reg[16]/C
                         clock pessimism             -0.427     7.486    
                         clock uncertainty           -0.077     7.409    
    SLICE_X50Y76         FDRE (Setup_fdre_C_D)        0.109     7.518    AUTO_CAL/offset_reg_reg[16]
  -------------------------------------------------------------------
                         required time                          7.518    
                         arrival time                          -3.315    
  -------------------------------------------------------------------
                         slack                                  4.202    

Slack (MET) :             4.213ns  (required time - arrival time)
  Source:                 INPUT_SYNC/out2_reg[0]/C
                            (rising edge-triggered cell FDRE clocked by clk_out1_clk_wiz_0  {rise@0.000ns fall@5.000ns period=10.000ns})
  Destination:            AUTO_CAL/offset_reg_reg[13]/D
                            (rising edge-triggered cell FDRE clocked by clk_out1_clk_wiz_0  {rise@0.000ns fall@5.000ns period=10.000ns})
  Path Group:             clk_out1_clk_wiz_0
  Path Type:              Setup (Max at Slow Process Corner)
  Requirement:            10.000ns  (clk_out1_clk_wiz_0 rise@10.000ns - clk_out1_clk_wiz_0 rise@0.000ns)
  Data Path Delay:        5.697ns  (logic 1.622ns (28.470%)  route 4.075ns (71.530%))
  Logic Levels:           4  (CARRY4=2 LUT2=1 LUT4=1)
  Clock Path Skew:        -0.121ns (DCD - SCD + CPR)
    Destination Clock Delay (DCD):    -2.089ns = ( 7.911 - 10.000 ) 
    Source Clock Delay      (SCD):    -2.395ns
    Clock Pessimism Removal (CPR):    -0.427ns
  Clock Uncertainty:      0.077ns  ((TSJ^2 + DJ^2)^1/2) / 2 + PE
    Total System Jitter     (TSJ):    0.071ns
    Discrete Jitter          (DJ):    0.138ns
    Phase Error              (PE):    0.000ns

    Location             Delay type                Incr(ns)  Path(ns)    Netlist Resource(s)
  -------------------------------------------------------------------    -------------------
                         (clock clk_out1_clk_wiz_0 rise edge)
                                                      0.000     0.000 r  
    W5                                                0.000     0.000 r  clk_in (IN)
                         net (fo=0)                   0.000     0.000    u_clk_wiz/inst/clk_in1
    W5                   IBUF (Prop_ibuf_I_O)         1.458     1.458 r  u_clk_wiz/inst/clkin1_ibufg/O
                         net (fo=1, routed)           1.253     2.711    u_clk_wiz/inst/clk_in1_clk_wiz_0
    PLLE2_ADV_X1Y0       PLLE2_ADV (Prop_plle2_adv_CLKIN1_CLKOUT0)
                                                     -8.482    -5.770 r  u_clk_wiz/inst/plle2_adv_inst/CLKOUT0
                         net (fo=1, routed)           1.655    -4.115    u_clk_wiz/inst/clk_out1_clk_wiz_0
    BUFGCTRL_X0Y0        BUFG (Prop_bufg_I_O)         0.096    -4.019 r  u_clk_wiz/inst/clkout1_buf/O
                         net (fo=1596, routed)        1.624    -2.395    INPUT_SYNC/clk
    SLICE_X64Y60         FDRE                                         r  INPUT_SYNC/out2_reg[0]/C
  -------------------------------------------------------------------    -------------------
    SLICE_X64Y60         FDRE (Prop_fdre_C_Q)         0.518    -1.877 r  INPUT_SYNC/out2_reg[0]/Q
                         net (fo=54, routed)          3.550     1.673    AVE_DATA_EN/mode_select[0]
    SLICE_X53Y74         LUT4 (Prop_lut4_I1_O)        0.124     1.797 r  AVE_DATA_EN/data[9]_INST_0/O
                         net (fo=5, routed)           0.517     2.313    AUTO_CAL/ave_data[9]
    SLICE_X50Y74         LUT2 (Prop_lut2_I1_O)        0.124     2.437 r  AUTO_CAL/offset_reg[11]_i_4/O
                         net (fo=1, routed)           0.000     2.437    AUTO_CAL/offset_reg[11]_i_4_n_0
    SLICE_X50Y74         CARRY4 (Prop_carry4_S[1]_CO[3])
                                                      0.533     2.970 r  AUTO_CAL/offset_reg_reg[11]_i_1/CO[3]
                         net (fo=1, routed)           0.009     2.979    AUTO_CAL/offset_reg_reg[11]_i_1_n_0
    SLICE_X50Y75         CARRY4 (Prop_carry4_CI_O[1])
                                                      0.323     3.302 r  AUTO_CAL/offset_reg_reg[15]_i_1/O[1]
                         net (fo=1, routed)           0.000     3.302    AUTO_CAL/offset_reg_reg[15]_i_1_n_6
    SLICE_X50Y75         FDRE                                         r  AUTO_CAL/offset_reg_reg[13]/D
  -------------------------------------------------------------------    -------------------

                         (clock clk_out1_clk_wiz_0 rise edge)
                                                     10.000    10.000 r  
    W5                                                0.000    10.000 r  clk_in (IN)
                         net (fo=0)                   0.000    10.000    u_clk_wiz/inst/clk_in1
    W5                   IBUF (Prop_ibuf_I_O)         1.388    11.388 r  u_clk_wiz/inst/clkin1_ibufg/O
                         net (fo=1, routed)           1.181    12.569    u_clk_wiz/inst/clk_in1_clk_wiz_0
    PLLE2_ADV_X1Y0       PLLE2_ADV (Prop_plle2_adv_CLKIN1_CLKOUT0)
                                                     -7.750     4.819 r  u_clk_wiz/inst/plle2_adv_inst/CLKOUT0
                         net (fo=1, routed)           1.576     6.396    u_clk_wiz/inst/clk_out1_clk_wiz_0
    BUFGCTRL_X0Y0        BUFG (Prop_bufg_I_O)         0.091     6.487 r  u_clk_wiz/inst/clkout1_buf/O
                         net (fo=1596, routed)        1.425     7.911    AUTO_CAL/clk
    SLICE_X50Y75         FDRE                                         r  AUTO_CAL/offset_reg_reg[13]/C
                         clock pessimism             -0.427     7.484    
                         clock uncertainty           -0.077     7.407    
    SLICE_X50Y75         FDRE (Setup_fdre_C_D)        0.109     7.516    AUTO_CAL/offset_reg_reg[13]
  -------------------------------------------------------------------
                         required time                          7.516    
                         arrival time                          -3.302    
  -------------------------------------------------------------------
                         slack                                  4.213    

Slack (MET) :             4.221ns  (required time - arrival time)
  Source:                 INPUT_SYNC/out2_reg[0]/C
                            (rising edge-triggered cell FDRE clocked by clk_out1_clk_wiz_0  {rise@0.000ns fall@5.000ns period=10.000ns})
  Destination:            AUTO_CAL/offset_reg_reg[15]/D
                            (rising edge-triggered cell FDRE clocked by clk_out1_clk_wiz_0  {rise@0.000ns fall@5.000ns period=10.000ns})
  Path Group:             clk_out1_clk_wiz_0
  Path Type:              Setup (Max at Slow Process Corner)
  Requirement:            10.000ns  (clk_out1_clk_wiz_0 rise@10.000ns - clk_out1_clk_wiz_0 rise@0.000ns)
  Data Path Delay:        5.689ns  (logic 1.614ns (28.370%)  route 4.075ns (71.630%))
  Logic Levels:           4  (CARRY4=2 LUT2=1 LUT4=1)
  Clock Path Skew:        -0.121ns (DCD - SCD + CPR)
    Destination Clock Delay (DCD):    -2.089ns = ( 7.911 - 10.000 ) 
    Source Clock Delay      (SCD):    -2.395ns
    Clock Pessimism Removal (CPR):    -0.427ns
  Clock Uncertainty:      0.077ns  ((TSJ^2 + DJ^2)^1/2) / 2 + PE
    Total System Jitter     (TSJ):    0.071ns
    Discrete Jitter          (DJ):    0.138ns
    Phase Error              (PE):    0.000ns

    Location             Delay type                Incr(ns)  Path(ns)    Netlist Resource(s)
  -------------------------------------------------------------------    -------------------
                         (clock clk_out1_clk_wiz_0 rise edge)
                                                      0.000     0.000 r  
    W5                                                0.000     0.000 r  clk_in (IN)
                         net (fo=0)                   0.000     0.000    u_clk_wiz/inst/clk_in1
    W5                   IBUF (Prop_ibuf_I_O)         1.458     1.458 r  u_clk_wiz/inst/clkin1_ibufg/O
                         net (fo=1, routed)           1.253     2.711    u_clk_wiz/inst/clk_in1_clk_wiz_0
    PLLE2_ADV_X1Y0       PLLE2_ADV (Prop_plle2_adv_CLKIN1_CLKOUT0)
                                                     -8.482    -5.770 r  u_clk_wiz/inst/plle2_adv_inst/CLKOUT0
                         net (fo=1, routed)           1.655    -4.115    u_clk_wiz/inst/clk_out1_clk_wiz_0
    BUFGCTRL_X0Y0        BUFG (Prop_bufg_I_O)         0.096    -4.019 r  u_clk_wiz/inst/clkout1_buf/O
                         net (fo=1596, routed)        1.624    -2.395    INPUT_SYNC/clk
    SLICE_X64Y60         FDRE                                         r  INPUT_SYNC/out2_reg[0]/C
  -------------------------------------------------------------------    -------------------
    SLICE_X64Y60         FDRE (Prop_fdre_C_Q)         0.518    -1.877 r  INPUT_SYNC/out2_reg[0]/Q
                         net (fo=54, routed)          3.550     1.673    AVE_DATA_EN/mode_select[0]
    SLICE_X53Y74         LUT4 (Prop_lut4_I1_O)        0.124     1.797 r  AVE_DATA_EN/data[9]_INST_0/O
                         net (fo=5, routed)           0.517     2.313    AUTO_CAL/ave_data[9]
    SLICE_X50Y74         LUT2 (Prop_lut2_I1_O)        0.124     2.437 r  AUTO_CAL/offset_reg[11]_i_4/O
                         net (fo=1, routed)           0.000     2.437    AUTO_CAL/offset_reg[11]_i_4_n_0
    SLICE_X50Y74         CARRY4 (Prop_carry4_S[1]_CO[3])
                                                      0.533     2.970 r  AUTO_CAL/offset_reg_reg[11]_i_1/CO[3]
                         net (fo=1, routed)           0.009     2.979    AUTO_CAL/offset_reg_reg[11]_i_1_n_0
    SLICE_X50Y75         CARRY4 (Prop_carry4_CI_O[3])
                                                      0.315     3.294 r  AUTO_CAL/offset_reg_reg[15]_i_1/O[3]
                         net (fo=1, routed)           0.000     3.294    AUTO_CAL/offset_reg_reg[15]_i_1_n_4
    SLICE_X50Y75         FDRE                                         r  AUTO_CAL/offset_reg_reg[15]/D
  -------------------------------------------------------------------    -------------------

                         (clock clk_out1_clk_wiz_0 rise edge)
                                                     10.000    10.000 r  
    W5                                                0.000    10.000 r  clk_in (IN)
                         net (fo=0)                   0.000    10.000    u_clk_wiz/inst/clk_in1
    W5                   IBUF (Prop_ibuf_I_O)         1.388    11.388 r  u_clk_wiz/inst/clkin1_ibufg/O
                         net (fo=1, routed)           1.181    12.569    u_clk_wiz/inst/clk_in1_clk_wiz_0
    PLLE2_ADV_X1Y0       PLLE2_ADV (Prop_plle2_adv_CLKIN1_CLKOUT0)
                                                     -7.750     4.819 r  u_clk_wiz/inst/plle2_adv_inst/CLKOUT0
                         net (fo=1, routed)           1.576     6.396    u_clk_wiz/inst/clk_out1_clk_wiz_0
    BUFGCTRL_X0Y0        BUFG (Prop_bufg_I_O)         0.091     6.487 r  u_clk_wiz/inst/clkout1_buf/O
                         net (fo=1596, routed)        1.425     7.911    AUTO_CAL/clk
    SLICE_X50Y75         FDRE                                         r  AUTO_CAL/offset_reg_reg[15]/C
                         clock pessimism             -0.427     7.484    
                         clock uncertainty           -0.077     7.407    
    SLICE_X50Y75         FDRE (Setup_fdre_C_D)        0.109     7.516    AUTO_CAL/offset_reg_reg[15]
  -------------------------------------------------------------------
                         required time                          7.516    
                         arrival time                          -3.294    
  -------------------------------------------------------------------
                         slack                                  4.221    

Slack (MET) :             4.231ns  (required time - arrival time)
  Source:                 XADC_INST/inst/DCLK
                            (rising edge-triggered cell XADC clocked by clk_out1_clk_wiz_0  {rise@0.000ns fall@5.000ns period=10.000ns})
  Destination:            ADC_PROC_XADC/averager/sum_reg[22]/D
                            (rising edge-triggered cell FDRE clocked by clk_out1_clk_wiz_0  {rise@0.000ns fall@5.000ns period=10.000ns})
  Path Group:             clk_out1_clk_wiz_0
  Path Type:              Setup (Max at Slow Process Corner)
  Requirement:            10.000ns  (clk_out1_clk_wiz_0 rise@10.000ns - clk_out1_clk_wiz_0 rise@0.000ns)
  Data Path Delay:        5.650ns  (logic 2.935ns (51.947%)  route 2.715ns (48.053%))
  Logic Levels:           8  (CARRY4=6 LUT2=1 LUT4=1)
  Clock Path Skew:        -0.103ns (DCD - SCD + CPR)
    Destination Clock Delay (DCD):    -2.090ns = ( 7.910 - 10.000 ) 
    Source Clock Delay      (SCD):    -2.485ns
    Clock Pessimism Removal (CPR):    -0.498ns
  Clock Uncertainty:      0.077ns  ((TSJ^2 + DJ^2)^1/2) / 2 + PE
    Total System Jitter     (TSJ):    0.071ns
    Discrete Jitter          (DJ):    0.138ns
    Phase Error              (PE):    0.000ns

    Location             Delay type                Incr(ns)  Path(ns)    Netlist Resource(s)
  -------------------------------------------------------------------    -------------------
                         (clock clk_out1_clk_wiz_0 rise edge)
                                                      0.000     0.000 r  
    W5                                                0.000     0.000 r  clk_in (IN)
                         net (fo=0)                   0.000     0.000    u_clk_wiz/inst/clk_in1
    W5                   IBUF (Prop_ibuf_I_O)         1.458     1.458 r  u_clk_wiz/inst/clkin1_ibufg/O
                         net (fo=1, routed)           1.253     2.711    u_clk_wiz/inst/clk_in1_clk_wiz_0
    PLLE2_ADV_X1Y0       PLLE2_ADV (Prop_plle2_adv_CLKIN1_CLKOUT0)
                                                     -8.482    -5.770 r  u_clk_wiz/inst/plle2_adv_inst/CLKOUT0
                         net (fo=1, routed)           1.655    -4.115    u_clk_wiz/inst/clk_out1_clk_wiz_0
    BUFGCTRL_X0Y0        BUFG (Prop_bufg_I_O)         0.096    -4.019 r  u_clk_wiz/inst/clkout1_buf/O
                         net (fo=1596, routed)        1.534    -2.485    XADC_INST/dclk_in
    XADC_X0Y0            XADC                                         r  XADC_INST/inst/DCLK
  -------------------------------------------------------------------    -------------------
    XADC_X0Y0            XADC (Prop_xadc_DCLK_DO[0])
                                                      1.214    -1.271 r  XADC_INST/inst/DO[0]
                         net (fo=5, routed)           2.258     0.987    ADC_PROC_XADC/averager/Din[0]
    SLICE_X48Y70         LUT2 (Prop_lut2_I0_O)        0.150     1.137 r  ADC_PROC_XADC/averager/sum[3]_i_4/O
                         net (fo=2, routed)           0.448     1.585    ADC_PROC_XADC/averager/sum[3]_i_4_n_0
    SLICE_X48Y70         LUT4 (Prop_lut4_I3_O)        0.326     1.911 r  ADC_PROC_XADC/averager/sum[3]_i_8/O
                         net (fo=1, routed)           0.000     1.911    ADC_PROC_XADC/averager/sum[3]_i_8_n_0
    SLICE_X48Y70         CARRY4 (Prop_carry4_S[1]_CO[3])
                                                      0.550     2.461 r  ADC_PROC_XADC/averager/sum_reg[3]_i_1/CO[3]
                         net (fo=1, routed)           0.000     2.461    ADC_PROC_XADC/averager/sum_reg[3]_i_1_n_0
    SLICE_X48Y71         CARRY4 (Prop_carry4_CI_CO[3])
                                                      0.114     2.575 r  ADC_PROC_XADC/averager/sum_reg[7]_i_1/CO[3]
                         net (fo=1, routed)           0.000     2.575    ADC_PROC_XADC/averager/sum_reg[7]_i_1_n_0
    SLICE_X48Y72         CARRY4 (Prop_carry4_CI_CO[3])
                                                      0.114     2.689 r  ADC_PROC_XADC/averager/sum_reg[11]_i_1/CO[3]
                         net (fo=1, routed)           0.000     2.689    ADC_PROC_XADC/averager/sum_reg[11]_i_1_n_0
    SLICE_X48Y73         CARRY4 (Prop_carry4_CI_CO[3])
                                                      0.114     2.803 r  ADC_PROC_XADC/averager/sum_reg[15]_i_1/CO[3]
                         net (fo=1, routed)           0.000     2.803    ADC_PROC_XADC/averager/sum_reg[15]_i_1_n_0
    SLICE_X48Y74         CARRY4 (Prop_carry4_CI_CO[3])
                                                      0.114     2.917 r  ADC_PROC_XADC/averager/sum_reg[19]_i_1/CO[3]
                         net (fo=1, routed)           0.009     2.926    ADC_PROC_XADC/averager/sum_reg[19]_i_1_n_0
    SLICE_X48Y75         CARRY4 (Prop_carry4_CI_O[2])
                                                      0.239     3.165 r  ADC_PROC_XADC/averager/sum_reg[23]_i_1/O[2]
                         net (fo=1, routed)           0.000     3.165    ADC_PROC_XADC/averager/sum_reg[23]_i_1_n_5
    SLICE_X48Y75         FDRE                                         r  ADC_PROC_XADC/averager/sum_reg[22]/D
  -------------------------------------------------------------------    -------------------

                         (clock clk_out1_clk_wiz_0 rise edge)
                                                     10.000    10.000 r  
    W5                                                0.000    10.000 r  clk_in (IN)
                         net (fo=0)                   0.000    10.000    u_clk_wiz/inst/clk_in1
    W5                   IBUF (Prop_ibuf_I_O)         1.388    11.388 r  u_clk_wiz/inst/clkin1_ibufg/O
                         net (fo=1, routed)           1.181    12.569    u_clk_wiz/inst/clk_in1_clk_wiz_0
    PLLE2_ADV_X1Y0       PLLE2_ADV (Prop_plle2_adv_CLKIN1_CLKOUT0)
                                                     -7.750     4.819 r  u_clk_wiz/inst/plle2_adv_inst/CLKOUT0
                         net (fo=1, routed)           1.576     6.396    u_clk_wiz/inst/clk_out1_clk_wiz_0
    BUFGCTRL_X0Y0        BUFG (Prop_bufg_I_O)         0.091     6.487 r  u_clk_wiz/inst/clkout1_buf/O
                         net (fo=1596, routed)        1.424     7.910    ADC_PROC_XADC/averager/clk
    SLICE_X48Y75         FDRE                                         r  ADC_PROC_XADC/averager/sum_reg[22]/C
                         clock pessimism             -0.498     7.412    
                         clock uncertainty           -0.077     7.334    
    SLICE_X48Y75         FDRE (Setup_fdre_C_D)        0.062     7.396    ADC_PROC_XADC/averager/sum_reg[22]
  -------------------------------------------------------------------
                         required time                          7.396    
                         arrival time                          -3.165    
  -------------------------------------------------------------------
                         slack                                  4.231    

Slack (MET) :             4.247ns  (required time - arrival time)
  Source:                 XADC_INST/inst/DCLK
                            (rising edge-triggered cell XADC clocked by clk_out1_clk_wiz_0  {rise@0.000ns fall@5.000ns period=10.000ns})
  Destination:            ADC_PROC_XADC/averager/sum_reg[20]/D
                            (rising edge-triggered cell FDRE clocked by clk_out1_clk_wiz_0  {rise@0.000ns fall@5.000ns period=10.000ns})
  Path Group:             clk_out1_clk_wiz_0
  Path Type:              Setup (Max at Slow Process Corner)
  Requirement:            10.000ns  (clk_out1_clk_wiz_0 rise@10.000ns - clk_out1_clk_wiz_0 rise@0.000ns)
  Data Path Delay:        5.634ns  (logic 2.919ns (51.811%)  route 2.715ns (48.189%))
  Logic Levels:           8  (CARRY4=6 LUT2=1 LUT4=1)
  Clock Path Skew:        -0.103ns (DCD - SCD + CPR)
    Destination Clock Delay (DCD):    -2.090ns = ( 7.910 - 10.000 ) 
    Source Clock Delay      (SCD):    -2.485ns
    Clock Pessimism Removal (CPR):    -0.498ns
  Clock Uncertainty:      0.077ns  ((TSJ^2 + DJ^2)^1/2) / 2 + PE
    Total System Jitter     (TSJ):    0.071ns
    Discrete Jitter          (DJ):    0.138ns
    Phase Error              (PE):    0.000ns

    Location             Delay type                Incr(ns)  Path(ns)    Netlist Resource(s)
  -------------------------------------------------------------------    -------------------
                         (clock clk_out1_clk_wiz_0 rise edge)
                                                      0.000     0.000 r  
    W5                                                0.000     0.000 r  clk_in (IN)
                         net (fo=0)                   0.000     0.000    u_clk_wiz/inst/clk_in1
    W5                   IBUF (Prop_ibuf_I_O)         1.458     1.458 r  u_clk_wiz/inst/clkin1_ibufg/O
                         net (fo=1, routed)           1.253     2.711    u_clk_wiz/inst/clk_in1_clk_wiz_0
    PLLE2_ADV_X1Y0       PLLE2_ADV (Prop_plle2_adv_CLKIN1_CLKOUT0)
                                                     -8.482    -5.770 r  u_clk_wiz/inst/plle2_adv_inst/CLKOUT0
                         net (fo=1, routed)           1.655    -4.115    u_clk_wiz/inst/clk_out1_clk_wiz_0
    BUFGCTRL_X0Y0        BUFG (Prop_bufg_I_O)         0.096    -4.019 r  u_clk_wiz/inst/clkout1_buf/O
                         net (fo=1596, routed)        1.534    -2.485    XADC_INST/dclk_in
    XADC_X0Y0            XADC                                         r  XADC_INST/inst/DCLK
  -------------------------------------------------------------------    -------------------
    XADC_X0Y0            XADC (Prop_xadc_DCLK_DO[0])
                                                      1.214    -1.271 r  XADC_INST/inst/DO[0]
                         net (fo=5, routed)           2.258     0.987    ADC_PROC_XADC/averager/Din[0]
    SLICE_X48Y70         LUT2 (Prop_lut2_I0_O)        0.150     1.137 r  ADC_PROC_XADC/averager/sum[3]_i_4/O
                         net (fo=2, routed)           0.448     1.585    ADC_PROC_XADC/averager/sum[3]_i_4_n_0
    SLICE_X48Y70         LUT4 (Prop_lut4_I3_O)        0.326     1.911 r  ADC_PROC_XADC/averager/sum[3]_i_8/O
                         net (fo=1, routed)           0.000     1.911    ADC_PROC_XADC/averager/sum[3]_i_8_n_0
    SLICE_X48Y70         CARRY4 (Prop_carry4_S[1]_CO[3])
                                                      0.550     2.461 r  ADC_PROC_XADC/averager/sum_reg[3]_i_1/CO[3]
                         net (fo=1, routed)           0.000     2.461    ADC_PROC_XADC/averager/sum_reg[3]_i_1_n_0
    SLICE_X48Y71         CARRY4 (Prop_carry4_CI_CO[3])
                                                      0.114     2.575 r  ADC_PROC_XADC/averager/sum_reg[7]_i_1/CO[3]
                         net (fo=1, routed)           0.000     2.575    ADC_PROC_XADC/averager/sum_reg[7]_i_1_n_0
    SLICE_X48Y72         CARRY4 (Prop_carry4_CI_CO[3])
                                                      0.114     2.689 r  ADC_PROC_XADC/averager/sum_reg[11]_i_1/CO[3]
                         net (fo=1, routed)           0.000     2.689    ADC_PROC_XADC/averager/sum_reg[11]_i_1_n_0
    SLICE_X48Y73         CARRY4 (Prop_carry4_CI_CO[3])
                                                      0.114     2.803 r  ADC_PROC_XADC/averager/sum_reg[15]_i_1/CO[3]
                         net (fo=1, routed)           0.000     2.803    ADC_PROC_XADC/averager/sum_reg[15]_i_1_n_0
    SLICE_X48Y74         CARRY4 (Prop_carry4_CI_CO[3])
                                                      0.114     2.917 r  ADC_PROC_XADC/averager/sum_reg[19]_i_1/CO[3]
                         net (fo=1, routed)           0.009     2.926    ADC_PROC_XADC/averager/sum_reg[19]_i_1_n_0
    SLICE_X48Y75         CARRY4 (Prop_carry4_CI_O[0])
                                                      0.223     3.149 r  ADC_PROC_XADC/averager/sum_reg[23]_i_1/O[0]
                         net (fo=1, routed)           0.000     3.149    ADC_PROC_XADC/averager/sum_reg[23]_i_1_n_7
    SLICE_X48Y75         FDRE                                         r  ADC_PROC_XADC/averager/sum_reg[20]/D
  -------------------------------------------------------------------    -------------------

                         (clock clk_out1_clk_wiz_0 rise edge)
                                                     10.000    10.000 r  
    W5                                                0.000    10.000 r  clk_in (IN)
                         net (fo=0)                   0.000    10.000    u_clk_wiz/inst/clk_in1
    W5                   IBUF (Prop_ibuf_I_O)         1.388    11.388 r  u_clk_wiz/inst/clkin1_ibufg/O
                         net (fo=1, routed)           1.181    12.569    u_clk_wiz/inst/clk_in1_clk_wiz_0
    PLLE2_ADV_X1Y0       PLLE2_ADV (Prop_plle2_adv_CLKIN1_CLKOUT0)
                                                     -7.750     4.819 r  u_clk_wiz/inst/plle2_adv_inst/CLKOUT0
                         net (fo=1, routed)           1.576     6.396    u_clk_wiz/inst/clk_out1_clk_wiz_0
    BUFGCTRL_X0Y0        BUFG (Prop_bufg_I_O)         0.091     6.487 r  u_clk_wiz/inst/clkout1_buf/O
                         net (fo=1596, routed)        1.424     7.910    ADC_PROC_XADC/averager/clk
    SLICE_X48Y75         FDRE                                         r  ADC_PROC_XADC/averager/sum_reg[20]/C
                         clock pessimism             -0.498     7.412    
                         clock uncertainty           -0.077     7.334    
    SLICE_X48Y75         FDRE (Setup_fdre_C_D)        0.062     7.396    ADC_PROC_XADC/averager/sum_reg[20]
  -------------------------------------------------------------------
                         required time                          7.396    
                         arrival time                          -3.149    
  -------------------------------------------------------------------
                         slack                                  4.247    

Slack (MET) :             4.259ns  (required time - arrival time)
  Source:                 XADC_INST/inst/DCLK
                            (rising edge-triggered cell XADC clocked by clk_out1_clk_wiz_0  {rise@0.000ns fall@5.000ns period=10.000ns})
  Destination:            ADC_PROC_XADC/averager/sum_reg[17]/D
                            (rising edge-triggered cell FDRE clocked by clk_out1_clk_wiz_0  {rise@0.000ns fall@5.000ns period=10.000ns})
  Path Group:             clk_out1_clk_wiz_0
  Path Type:              Setup (Max at Slow Process Corner)
  Requirement:            10.000ns  (clk_out1_clk_wiz_0 rise@10.000ns - clk_out1_clk_wiz_0 rise@0.000ns)
  Data Path Delay:        5.622ns  (logic 2.916ns (51.868%)  route 2.706ns (48.132%))
  Logic Levels:           7  (CARRY4=5 LUT2=1 LUT4=1)
  Clock Path Skew:        -0.103ns (DCD - SCD + CPR)
    Destination Clock Delay (DCD):    -2.090ns = ( 7.910 - 10.000 ) 
    Source Clock Delay      (SCD):    -2.485ns
    Clock Pessimism Removal (CPR):    -0.498ns
  Clock Uncertainty:      0.077ns  ((TSJ^2 + DJ^2)^1/2) / 2 + PE
    Total System Jitter     (TSJ):    0.071ns
    Discrete Jitter          (DJ):    0.138ns
    Phase Error              (PE):    0.000ns

    Location             Delay type                Incr(ns)  Path(ns)    Netlist Resource(s)
  -------------------------------------------------------------------    -------------------
                         (clock clk_out1_clk_wiz_0 rise edge)
                                                      0.000     0.000 r  
    W5                                                0.000     0.000 r  clk_in (IN)
                         net (fo=0)                   0.000     0.000    u_clk_wiz/inst/clk_in1
    W5                   IBUF (Prop_ibuf_I_O)         1.458     1.458 r  u_clk_wiz/inst/clkin1_ibufg/O
                         net (fo=1, routed)           1.253     2.711    u_clk_wiz/inst/clk_in1_clk_wiz_0
    PLLE2_ADV_X1Y0       PLLE2_ADV (Prop_plle2_adv_CLKIN1_CLKOUT0)
                                                     -8.482    -5.770 r  u_clk_wiz/inst/plle2_adv_inst/CLKOUT0
                         net (fo=1, routed)           1.655    -4.115    u_clk_wiz/inst/clk_out1_clk_wiz_0
    BUFGCTRL_X0Y0        BUFG (Prop_bufg_I_O)         0.096    -4.019 r  u_clk_wiz/inst/clkout1_buf/O
                         net (fo=1596, routed)        1.534    -2.485    XADC_INST/dclk_in
    XADC_X0Y0            XADC                                         r  XADC_INST/inst/DCLK
  -------------------------------------------------------------------    -------------------
    XADC_X0Y0            XADC (Prop_xadc_DCLK_DO[0])
                                                      1.214    -1.271 r  XADC_INST/inst/DO[0]
                         net (fo=5, routed)           2.258     0.987    ADC_PROC_XADC/averager/Din[0]
    SLICE_X48Y70         LUT2 (Prop_lut2_I0_O)        0.150     1.137 r  ADC_PROC_XADC/averager/sum[3]_i_4/O
                         net (fo=2, routed)           0.448     1.585    ADC_PROC_XADC/averager/sum[3]_i_4_n_0
    SLICE_X48Y70         LUT4 (Prop_lut4_I3_O)        0.326     1.911 r  ADC_PROC_XADC/averager/sum[3]_i_8/O
                         net (fo=1, routed)           0.000     1.911    ADC_PROC_XADC/averager/sum[3]_i_8_n_0
    SLICE_X48Y70         CARRY4 (Prop_carry4_S[1]_CO[3])
                                                      0.550     2.461 r  ADC_PROC_XADC/averager/sum_reg[3]_i_1/CO[3]
                         net (fo=1, routed)           0.000     2.461    ADC_PROC_XADC/averager/sum_reg[3]_i_1_n_0
    SLICE_X48Y71         CARRY4 (Prop_carry4_CI_CO[3])
                                                      0.114     2.575 r  ADC_PROC_XADC/averager/sum_reg[7]_i_1/CO[3]
                         net (fo=1, routed)           0.000     2.575    ADC_PROC_XADC/averager/sum_reg[7]_i_1_n_0
    SLICE_X48Y72         CARRY4 (Prop_carry4_CI_CO[3])
                                                      0.114     2.689 r  ADC_PROC_XADC/averager/sum_reg[11]_i_1/CO[3]
                         net (fo=1, routed)           0.000     2.689    ADC_PROC_XADC/averager/sum_reg[11]_i_1_n_0
    SLICE_X48Y73         CARRY4 (Prop_carry4_CI_CO[3])
                                                      0.114     2.803 r  ADC_PROC_XADC/averager/sum_reg[15]_i_1/CO[3]
                         net (fo=1, routed)           0.000     2.803    ADC_PROC_XADC/averager/sum_reg[15]_i_1_n_0
    SLICE_X48Y74         CARRY4 (Prop_carry4_CI_O[1])
                                                      0.334     3.137 r  ADC_PROC_XADC/averager/sum_reg[19]_i_1/O[1]
                         net (fo=1, routed)           0.000     3.137    ADC_PROC_XADC/averager/sum_reg[19]_i_1_n_6
    SLICE_X48Y74         FDRE                                         r  ADC_PROC_XADC/averager/sum_reg[17]/D
  -------------------------------------------------------------------    -------------------

                         (clock clk_out1_clk_wiz_0 rise edge)
                                                     10.000    10.000 r  
    W5                                                0.000    10.000 r  clk_in (IN)
                         net (fo=0)                   0.000    10.000    u_clk_wiz/inst/clk_in1
    W5                   IBUF (Prop_ibuf_I_O)         1.388    11.388 r  u_clk_wiz/inst/clkin1_ibufg/O
                         net (fo=1, routed)           1.181    12.569    u_clk_wiz/inst/clk_in1_clk_wiz_0
    PLLE2_ADV_X1Y0       PLLE2_ADV (Prop_plle2_adv_CLKIN1_CLKOUT0)
                                                     -7.750     4.819 r  u_clk_wiz/inst/plle2_adv_inst/CLKOUT0
                         net (fo=1, routed)           1.576     6.396    u_clk_wiz/inst/clk_out1_clk_wiz_0
    BUFGCTRL_X0Y0        BUFG (Prop_bufg_I_O)         0.091     6.487 r  u_clk_wiz/inst/clkout1_buf/O
                         net (fo=1596, routed)        1.424     7.910    ADC_PROC_XADC/averager/clk
    SLICE_X48Y74         FDRE                                         r  ADC_PROC_XADC/averager/sum_reg[17]/C
                         clock pessimism             -0.498     7.412    
                         clock uncertainty           -0.077     7.334    
    SLICE_X48Y74         FDRE (Setup_fdre_C_D)        0.062     7.396    ADC_PROC_XADC/averager/sum_reg[17]
  -------------------------------------------------------------------
                         required time                          7.396    
                         arrival time                          -3.137    
  -------------------------------------------------------------------
                         slack                                  4.259    

Slack (MET) :             4.280ns  (required time - arrival time)
  Source:                 XADC_INST/inst/DCLK
                            (rising edge-triggered cell XADC clocked by clk_out1_clk_wiz_0  {rise@0.000ns fall@5.000ns period=10.000ns})
  Destination:            ADC_PROC_XADC/averager/sum_reg[19]/D
                            (rising edge-triggered cell FDRE clocked by clk_out1_clk_wiz_0  {rise@0.000ns fall@5.000ns period=10.000ns})
  Path Group:             clk_out1_clk_wiz_0
  Path Type:              Setup (Max at Slow Process Corner)
  Requirement:            10.000ns  (clk_out1_clk_wiz_0 rise@10.000ns - clk_out1_clk_wiz_0 rise@0.000ns)
  Data Path Delay:        5.601ns  (logic 2.895ns (51.688%)  route 2.706ns (48.312%))
  Logic Levels:           7  (CARRY4=5 LUT2=1 LUT4=1)
  Clock Path Skew:        -0.103ns (DCD - SCD + CPR)
    Destination Clock Delay (DCD):    -2.090ns = ( 7.910 - 10.000 ) 
    Source Clock Delay      (SCD):    -2.485ns
    Clock Pessimism Removal (CPR):    -0.498ns
  Clock Uncertainty:      0.077ns  ((TSJ^2 + DJ^2)^1/2) / 2 + PE
    Total System Jitter     (TSJ):    0.071ns
    Discrete Jitter          (DJ):    0.138ns
    Phase Error              (PE):    0.000ns

    Location             Delay type                Incr(ns)  Path(ns)    Netlist Resource(s)
  -------------------------------------------------------------------    -------------------
                         (clock clk_out1_clk_wiz_0 rise edge)
                                                      0.000     0.000 r  
    W5                                                0.000     0.000 r  clk_in (IN)
                         net (fo=0)                   0.000     0.000    u_clk_wiz/inst/clk_in1
    W5                   IBUF (Prop_ibuf_I_O)         1.458     1.458 r  u_clk_wiz/inst/clkin1_ibufg/O
                         net (fo=1, routed)           1.253     2.711    u_clk_wiz/inst/clk_in1_clk_wiz_0
    PLLE2_ADV_X1Y0       PLLE2_ADV (Prop_plle2_adv_CLKIN1_CLKOUT0)
                                                     -8.482    -5.770 r  u_clk_wiz/inst/plle2_adv_inst/CLKOUT0
                         net (fo=1, routed)           1.655    -4.115    u_clk_wiz/inst/clk_out1_clk_wiz_0
    BUFGCTRL_X0Y0        BUFG (Prop_bufg_I_O)         0.096    -4.019 r  u_clk_wiz/inst/clkout1_buf/O
                         net (fo=1596, routed)        1.534    -2.485    XADC_INST/dclk_in
    XADC_X0Y0            XADC                                         r  XADC_INST/inst/DCLK
  -------------------------------------------------------------------    -------------------
    XADC_X0Y0            XADC (Prop_xadc_DCLK_DO[0])
                                                      1.214    -1.271 r  XADC_INST/inst/DO[0]
                         net (fo=5, routed)           2.258     0.987    ADC_PROC_XADC/averager/Din[0]
    SLICE_X48Y70         LUT2 (Prop_lut2_I0_O)        0.150     1.137 r  ADC_PROC_XADC/averager/sum[3]_i_4/O
                         net (fo=2, routed)           0.448     1.585    ADC_PROC_XADC/averager/sum[3]_i_4_n_0
    SLICE_X48Y70         LUT4 (Prop_lut4_I3_O)        0.326     1.911 r  ADC_PROC_XADC/averager/sum[3]_i_8/O
                         net (fo=1, routed)           0.000     1.911    ADC_PROC_XADC/averager/sum[3]_i_8_n_0
    SLICE_X48Y70         CARRY4 (Prop_carry4_S[1]_CO[3])
                                                      0.550     2.461 r  ADC_PROC_XADC/averager/sum_reg[3]_i_1/CO[3]
                         net (fo=1, routed)           0.000     2.461    ADC_PROC_XADC/averager/sum_reg[3]_i_1_n_0
    SLICE_X48Y71         CARRY4 (Prop_carry4_CI_CO[3])
                                                      0.114     2.575 r  ADC_PROC_XADC/averager/sum_reg[7]_i_1/CO[3]
                         net (fo=1, routed)           0.000     2.575    ADC_PROC_XADC/averager/sum_reg[7]_i_1_n_0
    SLICE_X48Y72         CARRY4 (Prop_carry4_CI_CO[3])
                                                      0.114     2.689 r  ADC_PROC_XADC/averager/sum_reg[11]_i_1/CO[3]
                         net (fo=1, routed)           0.000     2.689    ADC_PROC_XADC/averager/sum_reg[11]_i_1_n_0
    SLICE_X48Y73         CARRY4 (Prop_carry4_CI_CO[3])
                                                      0.114     2.803 r  ADC_PROC_XADC/averager/sum_reg[15]_i_1/CO[3]
                         net (fo=1, routed)           0.000     2.803    ADC_PROC_XADC/averager/sum_reg[15]_i_1_n_0
    SLICE_X48Y74         CARRY4 (Prop_carry4_CI_O[3])
                                                      0.313     3.116 r  ADC_PROC_XADC/averager/sum_reg[19]_i_1/O[3]
                         net (fo=1, routed)           0.000     3.116    ADC_PROC_XADC/averager/sum_reg[19]_i_1_n_4
    SLICE_X48Y74         FDRE                                         r  ADC_PROC_XADC/averager/sum_reg[19]/D
  -------------------------------------------------------------------    -------------------

                         (clock clk_out1_clk_wiz_0 rise edge)
                                                     10.000    10.000 r  
    W5                                                0.000    10.000 r  clk_in (IN)
                         net (fo=0)                   0.000    10.000    u_clk_wiz/inst/clk_in1
    W5                   IBUF (Prop_ibuf_I_O)         1.388    11.388 r  u_clk_wiz/inst/clkin1_ibufg/O
                         net (fo=1, routed)           1.181    12.569    u_clk_wiz/inst/clk_in1_clk_wiz_0
    PLLE2_ADV_X1Y0       PLLE2_ADV (Prop_plle2_adv_CLKIN1_CLKOUT0)
                                                     -7.750     4.819 r  u_clk_wiz/inst/plle2_adv_inst/CLKOUT0
                         net (fo=1, routed)           1.576     6.396    u_clk_wiz/inst/clk_out1_clk_wiz_0
    BUFGCTRL_X0Y0        BUFG (Prop_bufg_I_O)         0.091     6.487 r  u_clk_wiz/inst/clkout1_buf/O
                         net (fo=1596, routed)        1.424     7.910    ADC_PROC_XADC/averager/clk
    SLICE_X48Y74         FDRE                                         r  ADC_PROC_XADC/averager/sum_reg[19]/C
                         clock pessimism             -0.498     7.412    
                         clock uncertainty           -0.077     7.334    
    SLICE_X48Y74         FDRE (Setup_fdre_C_D)        0.062     7.396    ADC_PROC_XADC/averager/sum_reg[19]
  -------------------------------------------------------------------
                         required time                          7.396    
                         arrival time                          -3.116    
  -------------------------------------------------------------------
                         slack                                  4.280    

Slack (MET) :             4.297ns  (required time - arrival time)
  Source:                 INPUT_SYNC/out2_reg[0]/C
                            (rising edge-triggered cell FDRE clocked by clk_out1_clk_wiz_0  {rise@0.000ns fall@5.000ns period=10.000ns})
  Destination:            AUTO_CAL/offset_reg_reg[14]/D
                            (rising edge-triggered cell FDRE clocked by clk_out1_clk_wiz_0  {rise@0.000ns fall@5.000ns period=10.000ns})
  Path Group:             clk_out1_clk_wiz_0
  Path Type:              Setup (Max at Slow Process Corner)
  Requirement:            10.000ns  (clk_out1_clk_wiz_0 rise@10.000ns - clk_out1_clk_wiz_0 rise@0.000ns)
  Data Path Delay:        5.613ns  (logic 1.538ns (27.400%)  route 4.075ns (72.600%))
  Logic Levels:           4  (CARRY4=2 LUT2=1 LUT4=1)
  Clock Path Skew:        -0.121ns (DCD - SCD + CPR)
    Destination Clock Delay (DCD):    -2.089ns = ( 7.911 - 10.000 ) 
    Source Clock Delay      (SCD):    -2.395ns
    Clock Pessimism Removal (CPR):    -0.427ns
  Clock Uncertainty:      0.077ns  ((TSJ^2 + DJ^2)^1/2) / 2 + PE
    Total System Jitter     (TSJ):    0.071ns
    Discrete Jitter          (DJ):    0.138ns
    Phase Error              (PE):    0.000ns

    Location             Delay type                Incr(ns)  Path(ns)    Netlist Resource(s)
  -------------------------------------------------------------------    -------------------
                         (clock clk_out1_clk_wiz_0 rise edge)
                                                      0.000     0.000 r  
    W5                                                0.000     0.000 r  clk_in (IN)
                         net (fo=0)                   0.000     0.000    u_clk_wiz/inst/clk_in1
    W5                   IBUF (Prop_ibuf_I_O)         1.458     1.458 r  u_clk_wiz/inst/clkin1_ibufg/O
                         net (fo=1, routed)           1.253     2.711    u_clk_wiz/inst/clk_in1_clk_wiz_0
    PLLE2_ADV_X1Y0       PLLE2_ADV (Prop_plle2_adv_CLKIN1_CLKOUT0)
                                                     -8.482    -5.770 r  u_clk_wiz/inst/plle2_adv_inst/CLKOUT0
                         net (fo=1, routed)           1.655    -4.115    u_clk_wiz/inst/clk_out1_clk_wiz_0
    BUFGCTRL_X0Y0        BUFG (Prop_bufg_I_O)         0.096    -4.019 r  u_clk_wiz/inst/clkout1_buf/O
                         net (fo=1596, routed)        1.624    -2.395    INPUT_SYNC/clk
    SLICE_X64Y60         FDRE                                         r  INPUT_SYNC/out2_reg[0]/C
  -------------------------------------------------------------------    -------------------
    SLICE_X64Y60         FDRE (Prop_fdre_C_Q)         0.518    -1.877 r  INPUT_SYNC/out2_reg[0]/Q
                         net (fo=54, routed)          3.550     1.673    AVE_DATA_EN/mode_select[0]
    SLICE_X53Y74         LUT4 (Prop_lut4_I1_O)        0.124     1.797 r  AVE_DATA_EN/data[9]_INST_0/O
                         net (fo=5, routed)           0.517     2.313    AUTO_CAL/ave_data[9]
    SLICE_X50Y74         LUT2 (Prop_lut2_I1_O)        0.124     2.437 r  AUTO_CAL/offset_reg[11]_i_4/O
                         net (fo=1, routed)           0.000     2.437    AUTO_CAL/offset_reg[11]_i_4_n_0
    SLICE_X50Y74         CARRY4 (Prop_carry4_S[1]_CO[3])
                                                      0.533     2.970 r  AUTO_CAL/offset_reg_reg[11]_i_1/CO[3]
                         net (fo=1, routed)           0.009     2.979    AUTO_CAL/offset_reg_reg[11]_i_1_n_0
    SLICE_X50Y75         CARRY4 (Prop_carry4_CI_O[2])
                                                      0.239     3.218 r  AUTO_CAL/offset_reg_reg[15]_i_1/O[2]
                         net (fo=1, routed)           0.000     3.218    AUTO_CAL/offset_reg_reg[15]_i_1_n_5
    SLICE_X50Y75         FDRE                                         r  AUTO_CAL/offset_reg_reg[14]/D
  -------------------------------------------------------------------    -------------------

                         (clock clk_out1_clk_wiz_0 rise edge)
                                                     10.000    10.000 r  
    W5                                                0.000    10.000 r  clk_in (IN)
                         net (fo=0)                   0.000    10.000    u_clk_wiz/inst/clk_in1
    W5                   IBUF (Prop_ibuf_I_O)         1.388    11.388 r  u_clk_wiz/inst/clkin1_ibufg/O
                         net (fo=1, routed)           1.181    12.569    u_clk_wiz/inst/clk_in1_clk_wiz_0
    PLLE2_ADV_X1Y0       PLLE2_ADV (Prop_plle2_adv_CLKIN1_CLKOUT0)
                                                     -7.750     4.819 r  u_clk_wiz/inst/plle2_adv_inst/CLKOUT0
                         net (fo=1, routed)           1.576     6.396    u_clk_wiz/inst/clk_out1_clk_wiz_0
    BUFGCTRL_X0Y0        BUFG (Prop_bufg_I_O)         0.091     6.487 r  u_clk_wiz/inst/clkout1_buf/O
                         net (fo=1596, routed)        1.425     7.911    AUTO_CAL/clk
    SLICE_X50Y75         FDRE                                         r  AUTO_CAL/offset_reg_reg[14]/C
                         clock pessimism             -0.427     7.484    
                         clock uncertainty           -0.077     7.407    
    SLICE_X50Y75         FDRE (Setup_fdre_C_D)        0.109     7.516    AUTO_CAL/offset_reg_reg[14]
  -------------------------------------------------------------------
                         required time                          7.516    
                         arrival time                          -3.218    
  -------------------------------------------------------------------
                         slack                                  4.297    





Min Delay Paths
--------------------------------------------------------------------------------------
Slack (MET) :             0.125ns  (arrival time - required time)
  Source:                 PWM_ADC_SUBSYSTEM/captured_duty_cycle_reg[15]/C
                            (rising edge-triggered cell FDRE clocked by clk_out1_clk_wiz_0  {rise@0.000ns fall@5.000ns period=10.000ns})
  Destination:            ADC_PROC_PWM/averager/REG_ARRAY_reg[32][15]_srl32___REG_ARRAY_reg_r_285/D
                            (rising edge-triggered cell SRLC32E clocked by clk_out1_clk_wiz_0  {rise@0.000ns fall@5.000ns period=10.000ns})
  Path Group:             clk_out1_clk_wiz_0
  Path Type:              Hold (Min at Fast Process Corner)
  Requirement:            0.000ns  (clk_out1_clk_wiz_0 rise@0.000ns - clk_out1_clk_wiz_0 rise@0.000ns)
  Data Path Delay:        0.321ns  (logic 0.141ns (43.861%)  route 0.180ns (56.139%))
  Logic Levels:           0  
  Clock Path Skew:        0.013ns (DCD - SCD - CPR)
    Destination Clock Delay (DCD):    -0.322ns
    Source Clock Delay      (SCD):    -0.549ns
    Clock Pessimism Removal (CPR):    0.214ns

    Location             Delay type                Incr(ns)  Path(ns)    Netlist Resource(s)
  -------------------------------------------------------------------    -------------------
                         (clock clk_out1_clk_wiz_0 rise edge)
                                                      0.000     0.000 r  
    W5                                                0.000     0.000 r  clk_in (IN)
                         net (fo=0)                   0.000     0.000    u_clk_wiz/inst/clk_in1
    W5                   IBUF (Prop_ibuf_I_O)         0.226     0.226 r  u_clk_wiz/inst/clkin1_ibufg/O
                         net (fo=1, routed)           0.440     0.667    u_clk_wiz/inst/clk_in1_clk_wiz_0
    PLLE2_ADV_X1Y0       PLLE2_ADV (Prop_plle2_adv_CLKIN1_CLKOUT0)
                                                     -2.322    -1.656 r  u_clk_wiz/inst/plle2_adv_inst/CLKOUT0
                         net (fo=1, routed)           0.501    -1.155    u_clk_wiz/inst/clk_out1_clk_wiz_0
    BUFGCTRL_X0Y0        BUFG (Prop_bufg_I_O)         0.026    -1.129 r  u_clk_wiz/inst/clkout1_buf/O
                         net (fo=1596, routed)        0.580    -0.549    PWM_ADC_SUBSYSTEM/clk
    SLICE_X59Y73         FDRE                                         r  PWM_ADC_SUBSYSTEM/captured_duty_cycle_reg[15]/C
  -------------------------------------------------------------------    -------------------
    SLICE_X59Y73         FDRE (Prop_fdre_C_Q)         0.141    -0.408 r  PWM_ADC_SUBSYSTEM/captured_duty_cycle_reg[15]/Q
                         net (fo=5, routed)           0.180    -0.228    ADC_PROC_PWM/averager/Din[15]
    SLICE_X60Y73         SRLC32E                                      r  ADC_PROC_PWM/averager/REG_ARRAY_reg[32][15]_srl32___REG_ARRAY_reg_r_285/D
  -------------------------------------------------------------------    -------------------

                         (clock clk_out1_clk_wiz_0 rise edge)
                                                      0.000     0.000 r  
    W5                                                0.000     0.000 r  clk_in (IN)
                         net (fo=0)                   0.000     0.000    u_clk_wiz/inst/clk_in1
    W5                   IBUF (Prop_ibuf_I_O)         0.414     0.414 r  u_clk_wiz/inst/clkin1_ibufg/O
                         net (fo=1, routed)           0.481     0.895    u_clk_wiz/inst/clk_in1_clk_wiz_0
    PLLE2_ADV_X1Y0       PLLE2_ADV (Prop_plle2_adv_CLKIN1_CLKOUT0)
                                                     -2.638    -1.743 r  u_clk_wiz/inst/plle2_adv_inst/CLKOUT0
                         net (fo=1, routed)           0.546    -1.197    u_clk_wiz/inst/clk_out1_clk_wiz_0
    BUFGCTRL_X0Y0        BUFG (Prop_bufg_I_O)         0.029    -1.168 r  u_clk_wiz/inst/clkout1_buf/O
                         net (fo=1596, routed)        0.846    -0.322    ADC_PROC_PWM/averager/clk
    SLICE_X60Y73         SRLC32E                                      r  ADC_PROC_PWM/averager/REG_ARRAY_reg[32][15]_srl32___REG_ARRAY_reg_r_285/CLK
                         clock pessimism             -0.214    -0.536    
    SLICE_X60Y73         SRLC32E (Hold_srlc32e_CLK_D)
                                                      0.183    -0.353    ADC_PROC_PWM/averager/REG_ARRAY_reg[32][15]_srl32___REG_ARRAY_reg_r_285
  -------------------------------------------------------------------
                         required time                          0.353    
                         arrival time                          -0.228    
  -------------------------------------------------------------------
                         slack                                  0.125    

Slack (MET) :             0.135ns  (arrival time - required time)
  Source:                 SAR_ADC_SUBSYSTEM/result_reg[4]/C
                            (rising edge-triggered cell FDRE clocked by clk_out1_clk_wiz_0  {rise@0.000ns fall@5.000ns period=10.000ns})
  Destination:            SAR_PROC/averager/REG_ARRAY_reg[32][4]_srl32___REG_ARRAY_reg_r_667/D
                            (rising edge-triggered cell SRLC32E clocked by clk_out1_clk_wiz_0  {rise@0.000ns fall@5.000ns period=10.000ns})
  Path Group:             clk_out1_clk_wiz_0
  Path Type:              Hold (Min at Fast Process Corner)
  Requirement:            0.000ns  (clk_out1_clk_wiz_0 rise@0.000ns - clk_out1_clk_wiz_0 rise@0.000ns)
  Data Path Delay:        0.334ns  (logic 0.141ns (42.192%)  route 0.193ns (57.808%))
  Logic Levels:           0  
  Clock Path Skew:        0.016ns (DCD - SCD - CPR)
    Destination Clock Delay (DCD):    -0.313ns
    Source Clock Delay      (SCD):    -0.543ns
    Clock Pessimism Removal (CPR):    0.214ns

    Location             Delay type                Incr(ns)  Path(ns)    Netlist Resource(s)
  -------------------------------------------------------------------    -------------------
                         (clock clk_out1_clk_wiz_0 rise edge)
                                                      0.000     0.000 r  
    W5                                                0.000     0.000 r  clk_in (IN)
                         net (fo=0)                   0.000     0.000    u_clk_wiz/inst/clk_in1
    W5                   IBUF (Prop_ibuf_I_O)         0.226     0.226 r  u_clk_wiz/inst/clkin1_ibufg/O
                         net (fo=1, routed)           0.440     0.667    u_clk_wiz/inst/clk_in1_clk_wiz_0
    PLLE2_ADV_X1Y0       PLLE2_ADV (Prop_plle2_adv_CLKIN1_CLKOUT0)
                                                     -2.322    -1.656 r  u_clk_wiz/inst/plle2_adv_inst/CLKOUT0
                         net (fo=1, routed)           0.501    -1.155    u_clk_wiz/inst/clk_out1_clk_wiz_0
    BUFGCTRL_X0Y0        BUFG (Prop_bufg_I_O)         0.026    -1.129 r  u_clk_wiz/inst/clkout1_buf/O
                         net (fo=1596, routed)        0.586    -0.543    SAR_ADC_SUBSYSTEM/clk
    SLICE_X61Y67         FDRE                                         r  SAR_ADC_SUBSYSTEM/result_reg[4]/C
  -------------------------------------------------------------------    -------------------
    SLICE_X61Y67         FDRE (Prop_fdre_C_Q)         0.141    -0.402 r  SAR_ADC_SUBSYSTEM/result_reg[4]/Q
                         net (fo=6, routed)           0.193    -0.209    SAR_PROC/averager/Din[4]
    SLICE_X60Y65         SRLC32E                                      r  SAR_PROC/averager/REG_ARRAY_reg[32][4]_srl32___REG_ARRAY_reg_r_667/D
  -------------------------------------------------------------------    -------------------

                         (clock clk_out1_clk_wiz_0 rise edge)
                                                      0.000     0.000 r  
    W5                                                0.000     0.000 r  clk_in (IN)
                         net (fo=0)                   0.000     0.000    u_clk_wiz/inst/clk_in1
    W5                   IBUF (Prop_ibuf_I_O)         0.414     0.414 r  u_clk_wiz/inst/clkin1_ibufg/O
                         net (fo=1, routed)           0.481     0.895    u_clk_wiz/inst/clk_in1_clk_wiz_0
    PLLE2_ADV_X1Y0       PLLE2_ADV (Prop_plle2_adv_CLKIN1_CLKOUT0)
                                                     -2.638    -1.743 r  u_clk_wiz/inst/plle2_adv_inst/CLKOUT0
                         net (fo=1, routed)           0.546    -1.197    u_clk_wiz/inst/clk_out1_clk_wiz_0
    BUFGCTRL_X0Y0        BUFG (Prop_bufg_I_O)         0.029    -1.168 r  u_clk_wiz/inst/clkout1_buf/O
                         net (fo=1596, routed)        0.855    -0.313    SAR_PROC/averager/clk
    SLICE_X60Y65         SRLC32E                                      r  SAR_PROC/averager/REG_ARRAY_reg[32][4]_srl32___REG_ARRAY_reg_r_667/CLK
                         clock pessimism             -0.214    -0.527    
    SLICE_X60Y65         SRLC32E (Hold_srlc32e_CLK_D)
                                                      0.183    -0.344    SAR_PROC/averager/REG_ARRAY_reg[32][4]_srl32___REG_ARRAY_reg_r_667
  -------------------------------------------------------------------
                         required time                          0.344    
                         arrival time                          -0.209    
  -------------------------------------------------------------------
                         slack                                  0.135    

Slack (MET) :             0.138ns  (arrival time - required time)
  Source:                 R2R_ADC_SUBSYSTEM/r2r_captured_duty_cycle_reg[5]/C
                            (rising edge-triggered cell FDRE clocked by clk_out1_clk_wiz_0  {rise@0.000ns fall@5.000ns period=10.000ns})
  Destination:            ADC_PROC_R2R/averager/REG_ARRAY_reg[32][5]_srl32___REG_ARRAY_reg_r_540/D
                            (rising edge-triggered cell SRLC32E clocked by clk_out1_clk_wiz_0  {rise@0.000ns fall@5.000ns period=10.000ns})
  Path Group:             clk_out1_clk_wiz_0
  Path Type:              Hold (Min at Fast Process Corner)
  Requirement:            0.000ns  (clk_out1_clk_wiz_0 rise@0.000ns - clk_out1_clk_wiz_0 rise@0.000ns)
  Data Path Delay:        0.356ns  (logic 0.141ns (39.623%)  route 0.215ns (60.377%))
  Logic Levels:           0  
  Clock Path Skew:        0.035ns (DCD - SCD - CPR)
    Destination Clock Delay (DCD):    -0.317ns
    Source Clock Delay      (SCD):    -0.546ns
    Clock Pessimism Removal (CPR):    0.194ns

    Location             Delay type                Incr(ns)  Path(ns)    Netlist Resource(s)
  -------------------------------------------------------------------    -------------------
                         (clock clk_out1_clk_wiz_0 rise edge)
                                                      0.000     0.000 r  
    W5                                                0.000     0.000 r  clk_in (IN)
                         net (fo=0)                   0.000     0.000    u_clk_wiz/inst/clk_in1
    W5                   IBUF (Prop_ibuf_I_O)         0.226     0.226 r  u_clk_wiz/inst/clkin1_ibufg/O
                         net (fo=1, routed)           0.440     0.667    u_clk_wiz/inst/clk_in1_clk_wiz_0
    PLLE2_ADV_X1Y0       PLLE2_ADV (Prop_plle2_adv_CLKIN1_CLKOUT0)
                                                     -2.322    -1.656 r  u_clk_wiz/inst/plle2_adv_inst/CLKOUT0
                         net (fo=1, routed)           0.501    -1.155    u_clk_wiz/inst/clk_out1_clk_wiz_0
    BUFGCTRL_X0Y0        BUFG (Prop_bufg_I_O)         0.026    -1.129 r  u_clk_wiz/inst/clkout1_buf/O
                         net (fo=1596, routed)        0.583    -0.546    R2R_ADC_SUBSYSTEM/clk
    SLICE_X62Y71         FDRE                                         r  R2R_ADC_SUBSYSTEM/r2r_captured_duty_cycle_reg[5]/C
  -------------------------------------------------------------------    -------------------
    SLICE_X62Y71         FDRE (Prop_fdre_C_Q)         0.141    -0.405 r  R2R_ADC_SUBSYSTEM/r2r_captured_duty_cycle_reg[5]/Q
                         net (fo=4, routed)           0.215    -0.190    ADC_PROC_R2R/averager/Din[5]
    SLICE_X60Y69         SRLC32E                                      r  ADC_PROC_R2R/averager/REG_ARRAY_reg[32][5]_srl32___REG_ARRAY_reg_r_540/D
  -------------------------------------------------------------------    -------------------

                         (clock clk_out1_clk_wiz_0 rise edge)
                                                      0.000     0.000 r  
    W5                                                0.000     0.000 r  clk_in (IN)
                         net (fo=0)                   0.000     0.000    u_clk_wiz/inst/clk_in1
    W5                   IBUF (Prop_ibuf_I_O)         0.414     0.414 r  u_clk_wiz/inst/clkin1_ibufg/O
                         net (fo=1, routed)           0.481     0.895    u_clk_wiz/inst/clk_in1_clk_wiz_0
    PLLE2_ADV_X1Y0       PLLE2_ADV (Prop_plle2_adv_CLKIN1_CLKOUT0)
                                                     -2.638    -1.743 r  u_clk_wiz/inst/plle2_adv_inst/CLKOUT0
                         net (fo=1, routed)           0.546    -1.197    u_clk_wiz/inst/clk_out1_clk_wiz_0
    BUFGCTRL_X0Y0        BUFG (Prop_bufg_I_O)         0.029    -1.168 r  u_clk_wiz/inst/clkout1_buf/O
                         net (fo=1596, routed)        0.851    -0.317    ADC_PROC_R2R/averager/clk
    SLICE_X60Y69         SRLC32E                                      r  ADC_PROC_R2R/averager/REG_ARRAY_reg[32][5]_srl32___REG_ARRAY_reg_r_540/CLK
                         clock pessimism             -0.194    -0.511    
    SLICE_X60Y69         SRLC32E (Hold_srlc32e_CLK_D)
                                                      0.183    -0.328    ADC_PROC_R2R/averager/REG_ARRAY_reg[32][5]_srl32___REG_ARRAY_reg_r_540
  -------------------------------------------------------------------
                         required time                          0.328    
                         arrival time                          -0.190    
  -------------------------------------------------------------------
                         slack                                  0.138    

Slack (MET) :             0.140ns  (arrival time - required time)
  Source:                 ADC_PROC_XADC/averager/REG_ARRAY_reg_r_29/C
                            (rising edge-triggered cell FDRE clocked by clk_out1_clk_wiz_0  {rise@0.000ns fall@5.000ns period=10.000ns})
  Destination:            ADC_PROC_XADC/averager/REG_ARRAY_reg_r_30/D
                            (rising edge-triggered cell FDRE clocked by clk_out1_clk_wiz_0  {rise@0.000ns fall@5.000ns period=10.000ns})
  Path Group:             clk_out1_clk_wiz_0
  Path Type:              Hold (Min at Fast Process Corner)
  Requirement:            0.000ns  (clk_out1_clk_wiz_0 rise@0.000ns - clk_out1_clk_wiz_0 rise@0.000ns)
  Data Path Delay:        0.199ns  (logic 0.141ns (70.682%)  route 0.058ns (29.318%))
  Logic Levels:           0  
  Clock Path Skew:        0.013ns (DCD - SCD - CPR)
    Destination Clock Delay (DCD):    -0.342ns
    Source Clock Delay      (SCD):    -0.571ns
    Clock Pessimism Removal (CPR):    0.216ns

    Location             Delay type                Incr(ns)  Path(ns)    Netlist Resource(s)
  -------------------------------------------------------------------    -------------------
                         (clock clk_out1_clk_wiz_0 rise edge)
                                                      0.000     0.000 r  
    W5                                                0.000     0.000 r  clk_in (IN)
                         net (fo=0)                   0.000     0.000    u_clk_wiz/inst/clk_in1
    W5                   IBUF (Prop_ibuf_I_O)         0.226     0.226 r  u_clk_wiz/inst/clkin1_ibufg/O
                         net (fo=1, routed)           0.440     0.667    u_clk_wiz/inst/clk_in1_clk_wiz_0
    PLLE2_ADV_X1Y0       PLLE2_ADV (Prop_plle2_adv_CLKIN1_CLKOUT0)
                                                     -2.322    -1.656 r  u_clk_wiz/inst/plle2_adv_inst/CLKOUT0
                         net (fo=1, routed)           0.501    -1.155    u_clk_wiz/inst/clk_out1_clk_wiz_0
    BUFGCTRL_X0Y0        BUFG (Prop_bufg_I_O)         0.026    -1.129 r  u_clk_wiz/inst/clkout1_buf/O
                         net (fo=1596, routed)        0.558    -0.571    ADC_PROC_XADC/averager/clk
    SLICE_X29Y62         FDRE                                         r  ADC_PROC_XADC/averager/REG_ARRAY_reg_r_29/C
  -------------------------------------------------------------------    -------------------
    SLICE_X29Y62         FDRE (Prop_fdre_C_Q)         0.141    -0.430 r  ADC_PROC_XADC/averager/REG_ARRAY_reg_r_29/Q
                         net (fo=1, routed)           0.058    -0.372    ADC_PROC_XADC/averager/REG_ARRAY_reg_r_29_n_0
    SLICE_X28Y62         FDRE                                         r  ADC_PROC_XADC/averager/REG_ARRAY_reg_r_30/D
  -------------------------------------------------------------------    -------------------

                         (clock clk_out1_clk_wiz_0 rise edge)
                                                      0.000     0.000 r  
    W5                                                0.000     0.000 r  clk_in (IN)
                         net (fo=0)                   0.000     0.000    u_clk_wiz/inst/clk_in1
    W5                   IBUF (Prop_ibuf_I_O)         0.414     0.414 r  u_clk_wiz/inst/clkin1_ibufg/O
                         net (fo=1, routed)           0.481     0.895    u_clk_wiz/inst/clk_in1_clk_wiz_0
    PLLE2_ADV_X1Y0       PLLE2_ADV (Prop_plle2_adv_CLKIN1_CLKOUT0)
                                                     -2.638    -1.743 r  u_clk_wiz/inst/plle2_adv_inst/CLKOUT0
                         net (fo=1, routed)           0.546    -1.197    u_clk_wiz/inst/clk_out1_clk_wiz_0
    BUFGCTRL_X0Y0        BUFG (Prop_bufg_I_O)         0.029    -1.168 r  u_clk_wiz/inst/clkout1_buf/O
                         net (fo=1596, routed)        0.827    -0.342    ADC_PROC_XADC/averager/clk
    SLICE_X28Y62         FDRE                                         r  ADC_PROC_XADC/averager/REG_ARRAY_reg_r_30/C
                         clock pessimism             -0.216    -0.558    
    SLICE_X28Y62         FDRE (Hold_fdre_C_D)         0.046    -0.512    ADC_PROC_XADC/averager/REG_ARRAY_reg_r_30
  -------------------------------------------------------------------
                         required time                          0.512    
                         arrival time                          -0.372    
  -------------------------------------------------------------------
                         slack                                  0.140    

Slack (MET) :             0.155ns  (arrival time - required time)
  Source:                 ADC_PROC_XADC/averager/REG_ARRAY_reg_r_193/C
                            (rising edge-triggered cell FDRE clocked by clk_out1_clk_wiz_0  {rise@0.000ns fall@5.000ns period=10.000ns})
  Destination:            ADC_PROC_XADC/averager/REG_ARRAY_reg_r_194/D
                            (rising edge-triggered cell FDRE clocked by clk_out1_clk_wiz_0  {rise@0.000ns fall@5.000ns period=10.000ns})
  Path Group:             clk_out1_clk_wiz_0
  Path Type:              Hold (Min at Fast Process Corner)
  Requirement:            0.000ns  (clk_out1_clk_wiz_0 rise@0.000ns - clk_out1_clk_wiz_0 rise@0.000ns)
  Data Path Delay:        0.245ns  (logic 0.141ns (57.551%)  route 0.104ns (42.449%))
  Logic Levels:           0  
  Clock Path Skew:        0.015ns (DCD - SCD - CPR)
    Destination Clock Delay (DCD):    -0.344ns
    Source Clock Delay      (SCD):    -0.572ns
    Clock Pessimism Removal (CPR):    0.213ns

    Location             Delay type                Incr(ns)  Path(ns)    Netlist Resource(s)
  -------------------------------------------------------------------    -------------------
                         (clock clk_out1_clk_wiz_0 rise edge)
                                                      0.000     0.000 r  
    W5                                                0.000     0.000 r  clk_in (IN)
                         net (fo=0)                   0.000     0.000    u_clk_wiz/inst/clk_in1
    W5                   IBUF (Prop_ibuf_I_O)         0.226     0.226 r  u_clk_wiz/inst/clkin1_ibufg/O
                         net (fo=1, routed)           0.440     0.667    u_clk_wiz/inst/clk_in1_clk_wiz_0
    PLLE2_ADV_X1Y0       PLLE2_ADV (Prop_plle2_adv_CLKIN1_CLKOUT0)
                                                     -2.322    -1.656 r  u_clk_wiz/inst/plle2_adv_inst/CLKOUT0
                         net (fo=1, routed)           0.501    -1.155    u_clk_wiz/inst/clk_out1_clk_wiz_0
    BUFGCTRL_X0Y0        BUFG (Prop_bufg_I_O)         0.026    -1.129 r  u_clk_wiz/inst/clkout1_buf/O
                         net (fo=1596, routed)        0.557    -0.572    ADC_PROC_XADC/averager/clk
    SLICE_X36Y63         FDRE                                         r  ADC_PROC_XADC/averager/REG_ARRAY_reg_r_193/C
  -------------------------------------------------------------------    -------------------
    SLICE_X36Y63         FDRE (Prop_fdre_C_Q)         0.141    -0.431 r  ADC_PROC_XADC/averager/REG_ARRAY_reg_r_193/Q
                         net (fo=1, routed)           0.104    -0.327    ADC_PROC_XADC/averager/REG_ARRAY_reg_r_193_n_0
    SLICE_X38Y63         FDRE                                         r  ADC_PROC_XADC/averager/REG_ARRAY_reg_r_194/D
  -------------------------------------------------------------------    -------------------

                         (clock clk_out1_clk_wiz_0 rise edge)
                                                      0.000     0.000 r  
    W5                                                0.000     0.000 r  clk_in (IN)
                         net (fo=0)                   0.000     0.000    u_clk_wiz/inst/clk_in1
    W5                   IBUF (Prop_ibuf_I_O)         0.414     0.414 r  u_clk_wiz/inst/clkin1_ibufg/O
                         net (fo=1, routed)           0.481     0.895    u_clk_wiz/inst/clk_in1_clk_wiz_0
    PLLE2_ADV_X1Y0       PLLE2_ADV (Prop_plle2_adv_CLKIN1_CLKOUT0)
                                                     -2.638    -1.743 r  u_clk_wiz/inst/plle2_adv_inst/CLKOUT0
                         net (fo=1, routed)           0.546    -1.197    u_clk_wiz/inst/clk_out1_clk_wiz_0
    BUFGCTRL_X0Y0        BUFG (Prop_bufg_I_O)         0.029    -1.168 r  u_clk_wiz/inst/clkout1_buf/O
                         net (fo=1596, routed)        0.824    -0.344    ADC_PROC_XADC/averager/clk
    SLICE_X38Y63         FDRE                                         r  ADC_PROC_XADC/averager/REG_ARRAY_reg_r_194/C
                         clock pessimism             -0.213    -0.557    
    SLICE_X38Y63         FDRE (Hold_fdre_C_D)         0.075    -0.482    ADC_PROC_XADC/averager/REG_ARRAY_reg_r_194
  -------------------------------------------------------------------
                         required time                          0.482    
                         arrival time                          -0.327    
  -------------------------------------------------------------------
                         slack                                  0.155    

Slack (MET) :             0.156ns  (arrival time - required time)
  Source:                 ADC_PROC_XADC/scaled_adc_data_pipe_reg[11]/C
                            (rising edge-triggered cell FDRE clocked by clk_out1_clk_wiz_0  {rise@0.000ns fall@5.000ns period=10.000ns})
  Destination:            ADC_PROC_XADC/scaled_adc_data_xadc_reg[11]/D
                            (rising edge-triggered cell FDRE clocked by clk_out1_clk_wiz_0  {rise@0.000ns fall@5.000ns period=10.000ns})
  Path Group:             clk_out1_clk_wiz_0
  Path Type:              Hold (Min at Fast Process Corner)
  Requirement:            0.000ns  (clk_out1_clk_wiz_0 rise@0.000ns - clk_out1_clk_wiz_0 rise@0.000ns)
  Data Path Delay:        0.220ns  (logic 0.164ns (74.580%)  route 0.056ns (25.420%))
  Logic Levels:           0  
  Clock Path Skew:        0.000ns (DCD - SCD - CPR)
    Destination Clock Delay (DCD):    -0.350ns
    Source Clock Delay      (SCD):    -0.578ns
    Clock Pessimism Removal (CPR):    0.228ns

    Location             Delay type                Incr(ns)  Path(ns)    Netlist Resource(s)
  -------------------------------------------------------------------    -------------------
                         (clock clk_out1_clk_wiz_0 rise edge)
                                                      0.000     0.000 r  
    W5                                                0.000     0.000 r  clk_in (IN)
                         net (fo=0)                   0.000     0.000    u_clk_wiz/inst/clk_in1
    W5                   IBUF (Prop_ibuf_I_O)         0.226     0.226 r  u_clk_wiz/inst/clkin1_ibufg/O
                         net (fo=1, routed)           0.440     0.667    u_clk_wiz/inst/clk_in1_clk_wiz_0
    PLLE2_ADV_X1Y0       PLLE2_ADV (Prop_plle2_adv_CLKIN1_CLKOUT0)
                                                     -2.322    -1.656 r  u_clk_wiz/inst/plle2_adv_inst/CLKOUT0
                         net (fo=1, routed)           0.501    -1.155    u_clk_wiz/inst/clk_out1_clk_wiz_0
    BUFGCTRL_X0Y0        BUFG (Prop_bufg_I_O)         0.026    -1.129 r  u_clk_wiz/inst/clkout1_buf/O
                         net (fo=1596, routed)        0.551    -0.578    ADC_PROC_XADC/clk
    SLICE_X54Y75         FDRE                                         r  ADC_PROC_XADC/scaled_adc_data_pipe_reg[11]/C
  -------------------------------------------------------------------    -------------------
    SLICE_X54Y75         FDRE (Prop_fdre_C_Q)         0.164    -0.414 r  ADC_PROC_XADC/scaled_adc_data_pipe_reg[11]/Q
                         net (fo=1, routed)           0.056    -0.358    ADC_PROC_XADC/scaled_adc_data_pipe[11]
    SLICE_X54Y75         FDRE                                         r  ADC_PROC_XADC/scaled_adc_data_xadc_reg[11]/D
  -------------------------------------------------------------------    -------------------

                         (clock clk_out1_clk_wiz_0 rise edge)
                                                      0.000     0.000 r  
    W5                                                0.000     0.000 r  clk_in (IN)
                         net (fo=0)                   0.000     0.000    u_clk_wiz/inst/clk_in1
    W5                   IBUF (Prop_ibuf_I_O)         0.414     0.414 r  u_clk_wiz/inst/clkin1_ibufg/O
                         net (fo=1, routed)           0.481     0.895    u_clk_wiz/inst/clk_in1_clk_wiz_0
    PLLE2_ADV_X1Y0       PLLE2_ADV (Prop_plle2_adv_CLKIN1_CLKOUT0)
                                                     -2.638    -1.743 r  u_clk_wiz/inst/plle2_adv_inst/CLKOUT0
                         net (fo=1, routed)           0.546    -1.197    u_clk_wiz/inst/clk_out1_clk_wiz_0
    BUFGCTRL_X0Y0        BUFG (Prop_bufg_I_O)         0.029    -1.168 r  u_clk_wiz/inst/clkout1_buf/O
                         net (fo=1596, routed)        0.818    -0.350    ADC_PROC_XADC/clk
    SLICE_X54Y75         FDRE                                         r  ADC_PROC_XADC/scaled_adc_data_xadc_reg[11]/C
                         clock pessimism             -0.228    -0.578    
    SLICE_X54Y75         FDRE (Hold_fdre_C_D)         0.064    -0.514    ADC_PROC_XADC/scaled_adc_data_xadc_reg[11]
  -------------------------------------------------------------------
                         required time                          0.514    
                         arrival time                          -0.358    
  -------------------------------------------------------------------
                         slack                                  0.156    

Slack (MET) :             0.156ns  (arrival time - required time)
  Source:                 ADC_PROC_XADC/scaled_adc_data_pipe_reg[1]/C
                            (rising edge-triggered cell FDRE clocked by clk_out1_clk_wiz_0  {rise@0.000ns fall@5.000ns period=10.000ns})
  Destination:            ADC_PROC_XADC/scaled_adc_data_xadc_reg[1]/D
                            (rising edge-triggered cell FDRE clocked by clk_out1_clk_wiz_0  {rise@0.000ns fall@5.000ns period=10.000ns})
  Path Group:             clk_out1_clk_wiz_0
  Path Type:              Hold (Min at Fast Process Corner)
  Requirement:            0.000ns  (clk_out1_clk_wiz_0 rise@0.000ns - clk_out1_clk_wiz_0 rise@0.000ns)
  Data Path Delay:        0.220ns  (logic 0.164ns (74.580%)  route 0.056ns (25.420%))
  Logic Levels:           0  
  Clock Path Skew:        0.000ns (DCD - SCD - CPR)
    Destination Clock Delay (DCD):    -0.350ns
    Source Clock Delay      (SCD):    -0.578ns
    Clock Pessimism Removal (CPR):    0.228ns

    Location             Delay type                Incr(ns)  Path(ns)    Netlist Resource(s)
  -------------------------------------------------------------------    -------------------
                         (clock clk_out1_clk_wiz_0 rise edge)
                                                      0.000     0.000 r  
    W5                                                0.000     0.000 r  clk_in (IN)
                         net (fo=0)                   0.000     0.000    u_clk_wiz/inst/clk_in1
    W5                   IBUF (Prop_ibuf_I_O)         0.226     0.226 r  u_clk_wiz/inst/clkin1_ibufg/O
                         net (fo=1, routed)           0.440     0.667    u_clk_wiz/inst/clk_in1_clk_wiz_0
    PLLE2_ADV_X1Y0       PLLE2_ADV (Prop_plle2_adv_CLKIN1_CLKOUT0)
                                                     -2.322    -1.656 r  u_clk_wiz/inst/plle2_adv_inst/CLKOUT0
                         net (fo=1, routed)           0.501    -1.155    u_clk_wiz/inst/clk_out1_clk_wiz_0
    BUFGCTRL_X0Y0        BUFG (Prop_bufg_I_O)         0.026    -1.129 r  u_clk_wiz/inst/clkout1_buf/O
                         net (fo=1596, routed)        0.551    -0.578    ADC_PROC_XADC/clk
    SLICE_X54Y75         FDRE                                         r  ADC_PROC_XADC/scaled_adc_data_pipe_reg[1]/C
  -------------------------------------------------------------------    -------------------
    SLICE_X54Y75         FDRE (Prop_fdre_C_Q)         0.164    -0.414 r  ADC_PROC_XADC/scaled_adc_data_pipe_reg[1]/Q
                         net (fo=1, routed)           0.056    -0.358    ADC_PROC_XADC/scaled_adc_data_pipe[1]
    SLICE_X54Y75         FDRE                                         r  ADC_PROC_XADC/scaled_adc_data_xadc_reg[1]/D
  -------------------------------------------------------------------    -------------------

                         (clock clk_out1_clk_wiz_0 rise edge)
                                                      0.000     0.000 r  
    W5                                                0.000     0.000 r  clk_in (IN)
                         net (fo=0)                   0.000     0.000    u_clk_wiz/inst/clk_in1
    W5                   IBUF (Prop_ibuf_I_O)         0.414     0.414 r  u_clk_wiz/inst/clkin1_ibufg/O
                         net (fo=1, routed)           0.481     0.895    u_clk_wiz/inst/clk_in1_clk_wiz_0
    PLLE2_ADV_X1Y0       PLLE2_ADV (Prop_plle2_adv_CLKIN1_CLKOUT0)
                                                     -2.638    -1.743 r  u_clk_wiz/inst/plle2_adv_inst/CLKOUT0
                         net (fo=1, routed)           0.546    -1.197    u_clk_wiz/inst/clk_out1_clk_wiz_0
    BUFGCTRL_X0Y0        BUFG (Prop_bufg_I_O)         0.029    -1.168 r  u_clk_wiz/inst/clkout1_buf/O
                         net (fo=1596, routed)        0.818    -0.350    ADC_PROC_XADC/clk
    SLICE_X54Y75         FDRE                                         r  ADC_PROC_XADC/scaled_adc_data_xadc_reg[1]/C
                         clock pessimism             -0.228    -0.578    
    SLICE_X54Y75         FDRE (Hold_fdre_C_D)         0.064    -0.514    ADC_PROC_XADC/scaled_adc_data_xadc_reg[1]
  -------------------------------------------------------------------
                         required time                          0.514    
                         arrival time                          -0.358    
  -------------------------------------------------------------------
                         slack                                  0.156    

Slack (MET) :             0.156ns  (arrival time - required time)
  Source:                 ADC_PROC_PWM/averager/REG_ARRAY_reg_r_431/C
                            (rising edge-triggered cell FDRE clocked by clk_out1_clk_wiz_0  {rise@0.000ns fall@5.000ns period=10.000ns})
  Destination:            ADC_PROC_PWM/averager/REG_ARRAY_reg_r_432/D
                            (rising edge-triggered cell FDRE clocked by clk_out1_clk_wiz_0  {rise@0.000ns fall@5.000ns period=10.000ns})
  Path Group:             clk_out1_clk_wiz_0
  Path Type:              Hold (Min at Fast Process Corner)
  Requirement:            0.000ns  (clk_out1_clk_wiz_0 rise@0.000ns - clk_out1_clk_wiz_0 rise@0.000ns)
  Data Path Delay:        0.260ns  (logic 0.141ns (54.189%)  route 0.119ns (45.811%))
  Logic Levels:           0  
  Clock Path Skew:        0.034ns (DCD - SCD - CPR)
    Destination Clock Delay (DCD):    -0.343ns
    Source Clock Delay      (SCD):    -0.571ns
    Clock Pessimism Removal (CPR):    0.194ns

    Location             Delay type                Incr(ns)  Path(ns)    Netlist Resource(s)
  -------------------------------------------------------------------    -------------------
                         (clock clk_out1_clk_wiz_0 rise edge)
                                                      0.000     0.000 r  
    W5                                                0.000     0.000 r  clk_in (IN)
                         net (fo=0)                   0.000     0.000    u_clk_wiz/inst/clk_in1
    W5                   IBUF (Prop_ibuf_I_O)         0.226     0.226 r  u_clk_wiz/inst/clkin1_ibufg/O
                         net (fo=1, routed)           0.440     0.667    u_clk_wiz/inst/clk_in1_clk_wiz_0
    PLLE2_ADV_X1Y0       PLLE2_ADV (Prop_plle2_adv_CLKIN1_CLKOUT0)
                                                     -2.322    -1.656 r  u_clk_wiz/inst/plle2_adv_inst/CLKOUT0
                         net (fo=1, routed)           0.501    -1.155    u_clk_wiz/inst/clk_out1_clk_wiz_0
    BUFGCTRL_X0Y0        BUFG (Prop_bufg_I_O)         0.026    -1.129 r  u_clk_wiz/inst/clkout1_buf/O
                         net (fo=1596, routed)        0.558    -0.571    ADC_PROC_PWM/averager/clk
    SLICE_X44Y84         FDRE                                         r  ADC_PROC_PWM/averager/REG_ARRAY_reg_r_431/C
  -------------------------------------------------------------------    -------------------
    SLICE_X44Y84         FDRE (Prop_fdre_C_Q)         0.141    -0.430 r  ADC_PROC_PWM/averager/REG_ARRAY_reg_r_431/Q
                         net (fo=1, routed)           0.119    -0.311    ADC_PROC_PWM/averager/REG_ARRAY_reg_r_431_n_0
    SLICE_X43Y85         FDRE                                         r  ADC_PROC_PWM/averager/REG_ARRAY_reg_r_432/D
  -------------------------------------------------------------------    -------------------

                         (clock clk_out1_clk_wiz_0 rise edge)
                                                      0.000     0.000 r  
    W5                                                0.000     0.000 r  clk_in (IN)
                         net (fo=0)                   0.000     0.000    u_clk_wiz/inst/clk_in1
    W5                   IBUF (Prop_ibuf_I_O)         0.414     0.414 r  u_clk_wiz/inst/clkin1_ibufg/O
                         net (fo=1, routed)           0.481     0.895    u_clk_wiz/inst/clk_in1_clk_wiz_0
    PLLE2_ADV_X1Y0       PLLE2_ADV (Prop_plle2_adv_CLKIN1_CLKOUT0)
                                                     -2.638    -1.743 r  u_clk_wiz/inst/plle2_adv_inst/CLKOUT0
                         net (fo=1, routed)           0.546    -1.197    u_clk_wiz/inst/clk_out1_clk_wiz_0
    BUFGCTRL_X0Y0        BUFG (Prop_bufg_I_O)         0.029    -1.168 r  u_clk_wiz/inst/clkout1_buf/O
                         net (fo=1596, routed)        0.826    -0.343    ADC_PROC_PWM/averager/clk
    SLICE_X43Y85         FDRE                                         r  ADC_PROC_PWM/averager/REG_ARRAY_reg_r_432/C
                         clock pessimism             -0.194    -0.537    
    SLICE_X43Y85         FDRE (Hold_fdre_C_D)         0.070    -0.467    ADC_PROC_PWM/averager/REG_ARRAY_reg_r_432
  -------------------------------------------------------------------
                         required time                          0.467    
                         arrival time                          -0.311    
  -------------------------------------------------------------------
                         slack                                  0.156    

Slack (MET) :             0.160ns  (arrival time - required time)
  Source:                 ADC_PROC_XADC/scaled_adc_data_pipe_reg[0]/C
                            (rising edge-triggered cell FDRE clocked by clk_out1_clk_wiz_0  {rise@0.000ns fall@5.000ns period=10.000ns})
  Destination:            ADC_PROC_XADC/scaled_adc_data_xadc_reg[0]/D
                            (rising edge-triggered cell FDRE clocked by clk_out1_clk_wiz_0  {rise@0.000ns fall@5.000ns period=10.000ns})
  Path Group:             clk_out1_clk_wiz_0
  Path Type:              Hold (Min at Fast Process Corner)
  Requirement:            0.000ns  (clk_out1_clk_wiz_0 rise@0.000ns - clk_out1_clk_wiz_0 rise@0.000ns)
  Data Path Delay:        0.220ns  (logic 0.164ns (74.580%)  route 0.056ns (25.420%))
  Logic Levels:           0  
  Clock Path Skew:        0.000ns (DCD - SCD - CPR)
    Destination Clock Delay (DCD):    -0.350ns
    Source Clock Delay      (SCD):    -0.578ns
    Clock Pessimism Removal (CPR):    0.228ns

    Location             Delay type                Incr(ns)  Path(ns)    Netlist Resource(s)
  -------------------------------------------------------------------    -------------------
                         (clock clk_out1_clk_wiz_0 rise edge)
                                                      0.000     0.000 r  
    W5                                                0.000     0.000 r  clk_in (IN)
                         net (fo=0)                   0.000     0.000    u_clk_wiz/inst/clk_in1
    W5                   IBUF (Prop_ibuf_I_O)         0.226     0.226 r  u_clk_wiz/inst/clkin1_ibufg/O
                         net (fo=1, routed)           0.440     0.667    u_clk_wiz/inst/clk_in1_clk_wiz_0
    PLLE2_ADV_X1Y0       PLLE2_ADV (Prop_plle2_adv_CLKIN1_CLKOUT0)
                                                     -2.322    -1.656 r  u_clk_wiz/inst/plle2_adv_inst/CLKOUT0
                         net (fo=1, routed)           0.501    -1.155    u_clk_wiz/inst/clk_out1_clk_wiz_0
    BUFGCTRL_X0Y0        BUFG (Prop_bufg_I_O)         0.026    -1.129 r  u_clk_wiz/inst/clkout1_buf/O
                         net (fo=1596, routed)        0.551    -0.578    ADC_PROC_XADC/clk
    SLICE_X54Y75         FDRE                                         r  ADC_PROC_XADC/scaled_adc_data_pipe_reg[0]/C
  -------------------------------------------------------------------    -------------------
    SLICE_X54Y75         FDRE (Prop_fdre_C_Q)         0.164    -0.414 r  ADC_PROC_XADC/scaled_adc_data_pipe_reg[0]/Q
                         net (fo=1, routed)           0.056    -0.358    ADC_PROC_XADC/scaled_adc_data_pipe[0]
    SLICE_X54Y75         FDRE                                         r  ADC_PROC_XADC/scaled_adc_data_xadc_reg[0]/D
  -------------------------------------------------------------------    -------------------

                         (clock clk_out1_clk_wiz_0 rise edge)
                                                      0.000     0.000 r  
    W5                                                0.000     0.000 r  clk_in (IN)
                         net (fo=0)                   0.000     0.000    u_clk_wiz/inst/clk_in1
    W5                   IBUF (Prop_ibuf_I_O)         0.414     0.414 r  u_clk_wiz/inst/clkin1_ibufg/O
                         net (fo=1, routed)           0.481     0.895    u_clk_wiz/inst/clk_in1_clk_wiz_0
    PLLE2_ADV_X1Y0       PLLE2_ADV (Prop_plle2_adv_CLKIN1_CLKOUT0)
                                                     -2.638    -1.743 r  u_clk_wiz/inst/plle2_adv_inst/CLKOUT0
                         net (fo=1, routed)           0.546    -1.197    u_clk_wiz/inst/clk_out1_clk_wiz_0
    BUFGCTRL_X0Y0        BUFG (Prop_bufg_I_O)         0.029    -1.168 r  u_clk_wiz/inst/clkout1_buf/O
                         net (fo=1596, routed)        0.818    -0.350    ADC_PROC_XADC/clk
    SLICE_X54Y75         FDRE                                         r  ADC_PROC_XADC/scaled_adc_data_xadc_reg[0]/C
                         clock pessimism             -0.228    -0.578    
    SLICE_X54Y75         FDRE (Hold_fdre_C_D)         0.060    -0.518    ADC_PROC_XADC/scaled_adc_data_xadc_reg[0]
  -------------------------------------------------------------------
                         required time                          0.518    
                         arrival time                          -0.358    
  -------------------------------------------------------------------
                         slack                                  0.160    

Slack (MET) :             0.164ns  (arrival time - required time)
  Source:                 R2R_ADC_SUBSYSTEM/r2r_captured_duty_cycle_reg[3]/C
                            (rising edge-triggered cell FDRE clocked by clk_out1_clk_wiz_0  {rise@0.000ns fall@5.000ns period=10.000ns})
  Destination:            ADC_PROC_R2R/averager/REG_ARRAY_reg[32][3]_srl32___REG_ARRAY_reg_r_540/D
                            (rising edge-triggered cell SRLC32E clocked by clk_out1_clk_wiz_0  {rise@0.000ns fall@5.000ns period=10.000ns})
  Path Group:             clk_out1_clk_wiz_0
  Path Type:              Hold (Min at Fast Process Corner)
  Requirement:            0.000ns  (clk_out1_clk_wiz_0 rise@0.000ns - clk_out1_clk_wiz_0 rise@0.000ns)
  Data Path Delay:        0.384ns  (logic 0.141ns (36.705%)  route 0.243ns (63.295%))
  Logic Levels:           0  
  Clock Path Skew:        0.037ns (DCD - SCD - CPR)
    Destination Clock Delay (DCD):    -0.315ns
    Source Clock Delay      (SCD):    -0.546ns
    Clock Pessimism Removal (CPR):    0.194ns

    Location             Delay type                Incr(ns)  Path(ns)    Netlist Resource(s)
  -------------------------------------------------------------------    -------------------
                         (clock clk_out1_clk_wiz_0 rise edge)
                                                      0.000     0.000 r  
    W5                                                0.000     0.000 r  clk_in (IN)
                         net (fo=0)                   0.000     0.000    u_clk_wiz/inst/clk_in1
    W5                   IBUF (Prop_ibuf_I_O)         0.226     0.226 r  u_clk_wiz/inst/clkin1_ibufg/O
                         net (fo=1, routed)           0.440     0.667    u_clk_wiz/inst/clk_in1_clk_wiz_0
    PLLE2_ADV_X1Y0       PLLE2_ADV (Prop_plle2_adv_CLKIN1_CLKOUT0)
                                                     -2.322    -1.656 r  u_clk_wiz/inst/plle2_adv_inst/CLKOUT0
                         net (fo=1, routed)           0.501    -1.155    u_clk_wiz/inst/clk_out1_clk_wiz_0
    BUFGCTRL_X0Y0        BUFG (Prop_bufg_I_O)         0.026    -1.129 r  u_clk_wiz/inst/clkout1_buf/O
                         net (fo=1596, routed)        0.583    -0.546    R2R_ADC_SUBSYSTEM/clk
    SLICE_X62Y71         FDRE                                         r  R2R_ADC_SUBSYSTEM/r2r_captured_duty_cycle_reg[3]/C
  -------------------------------------------------------------------    -------------------
    SLICE_X62Y71         FDRE (Prop_fdre_C_Q)         0.141    -0.405 r  R2R_ADC_SUBSYSTEM/r2r_captured_duty_cycle_reg[3]/Q
                         net (fo=4, routed)           0.243    -0.162    ADC_PROC_R2R/averager/Din[3]
    SLICE_X60Y67         SRLC32E                                      r  ADC_PROC_R2R/averager/REG_ARRAY_reg[32][3]_srl32___REG_ARRAY_reg_r_540/D
  -------------------------------------------------------------------    -------------------

                         (clock clk_out1_clk_wiz_0 rise edge)
                                                      0.000     0.000 r  
    W5                                                0.000     0.000 r  clk_in (IN)
                         net (fo=0)                   0.000     0.000    u_clk_wiz/inst/clk_in1
    W5                   IBUF (Prop_ibuf_I_O)         0.414     0.414 r  u_clk_wiz/inst/clkin1_ibufg/O
                         net (fo=1, routed)           0.481     0.895    u_clk_wiz/inst/clk_in1_clk_wiz_0
    PLLE2_ADV_X1Y0       PLLE2_ADV (Prop_plle2_adv_CLKIN1_CLKOUT0)
                                                     -2.638    -1.743 r  u_clk_wiz/inst/plle2_adv_inst/CLKOUT0
                         net (fo=1, routed)           0.546    -1.197    u_clk_wiz/inst/clk_out1_clk_wiz_0
    BUFGCTRL_X0Y0        BUFG (Prop_bufg_I_O)         0.029    -1.168 r  u_clk_wiz/inst/clkout1_buf/O
                         net (fo=1596, routed)        0.854    -0.315    ADC_PROC_R2R/averager/clk
    SLICE_X60Y67         SRLC32E                                      r  ADC_PROC_R2R/averager/REG_ARRAY_reg[32][3]_srl32___REG_ARRAY_reg_r_540/CLK
                         clock pessimism             -0.194    -0.509    
    SLICE_X60Y67         SRLC32E (Hold_srlc32e_CLK_D)
                                                      0.183    -0.326    ADC_PROC_R2R/averager/REG_ARRAY_reg[32][3]_srl32___REG_ARRAY_reg_r_540
  -------------------------------------------------------------------
                         required time                          0.326    
                         arrival time                          -0.162    
  -------------------------------------------------------------------
                         slack                                  0.164    





Pulse Width Checks
--------------------------------------------------------------------------------------
Clock Name:         clk_out1_clk_wiz_0
Waveform(ns):       { 0.000 5.000 }
Period(ns):         10.000
Sources:            { u_clk_wiz/inst/plle2_adv_inst/CLKOUT0 }

Check Type        Corner  Lib Pin            Reference Pin  Required(ns)  Actual(ns)  Slack(ns)  Location        Pin
Min Period        n/a     XADC/DCLK          n/a            4.000         10.000      6.000      XADC_X0Y0       XADC_INST/inst/DCLK
Min Period        n/a     BUFG/I             n/a            2.155         10.000      7.845      BUFGCTRL_X0Y0   u_clk_wiz/inst/clkout1_buf/I
Min Period        n/a     DSP48E1/CLK        n/a            2.154         10.000      7.846      DSP48_X1Y30     ADC_PROC_PWM/scaled_adc_data_temp0/CLK
Min Period        n/a     DSP48E1/CLK        n/a            2.154         10.000      7.846      DSP48_X1Y31     ADC_PROC_R2R/scaled_adc_data_temp_reg/CLK
Min Period        n/a     DSP48E1/CLK        n/a            2.154         10.000      7.846      DSP48_X1Y28     ADC_PROC_XADC/scaled_adc_data_temp0/CLK
Min Period        n/a     DSP48E1/CLK        n/a            2.154         10.000      7.846      DSP48_X1Y29     SAR_PROC/scaled_adc_data_temp_reg/CLK
Min Period        n/a     PLLE2_ADV/CLKOUT0  n/a            1.249         10.000      8.751      PLLE2_ADV_X1Y0  u_clk_wiz/inst/plle2_adv_inst/CLKOUT0
Min Period        n/a     FDRE/C             n/a            1.000         10.000      9.000      SLICE_X61Y64    ADC_PROC_PWM/ready_r_reg/C
Min Period        n/a     FDRE/C             n/a            1.000         10.000      9.000      SLICE_X55Y78    ADC_PROC_PWM/scaled_adc_data_pipe_reg[0]/C
Min Period        n/a     FDRE/C             n/a            1.000         10.000      9.000      SLICE_X55Y75    ADC_PROC_PWM/scaled_adc_data_pipe_reg[10]/C
Max Period        n/a     PLLE2_ADV/CLKOUT0  n/a            160.000       10.000      150.000    PLLE2_ADV_X1Y0  u_clk_wiz/inst/plle2_adv_inst/CLKOUT0
Low Pulse Width   Slow    SRLC32E/CLK        n/a            0.980         5.000       4.020      SLICE_X54Y64    ADC_PROC_PWM/averager/REG_ARRAY_reg[128][0]_srl32___REG_ARRAY_reg_r_381/CLK
Low Pulse Width   Fast    SRLC32E/CLK        n/a            0.980         5.000       4.020      SLICE_X54Y64    ADC_PROC_PWM/averager/REG_ARRAY_reg[128][0]_srl32___REG_ARRAY_reg_r_381/CLK
Low Pulse Width   Slow    SRLC32E/CLK        n/a            0.980         5.000       4.020      SLICE_X54Y71    ADC_PROC_PWM/averager/REG_ARRAY_reg[128][10]_srl32___REG_ARRAY_reg_r_381/CLK
Low Pulse Width   Fast    SRLC32E/CLK        n/a            0.980         5.000       4.020      SLICE_X54Y71    ADC_PROC_PWM/averager/REG_ARRAY_reg[128][10]_srl32___REG_ARRAY_reg_r_381/CLK
Low Pulse Width   Slow    SRLC32E/CLK        n/a            0.980         5.000       4.020      SLICE_X56Y73    ADC_PROC_PWM/averager/REG_ARRAY_reg[128][11]_srl32___REG_ARRAY_reg_r_381/CLK
Low Pulse Width   Fast    SRLC32E/CLK        n/a            0.980         5.000       4.020      SLICE_X56Y73    ADC_PROC_PWM/averager/REG_ARRAY_reg[128][11]_srl32___REG_ARRAY_reg_r_381/CLK
Low Pulse Width   Slow    SRLC32E/CLK        n/a            0.980         5.000       4.020      SLICE_X56Y75    ADC_PROC_PWM/averager/REG_ARRAY_reg[128][12]_srl32___REG_ARRAY_reg_r_381/CLK
Low Pulse Width   Fast    SRLC32E/CLK        n/a            0.980         5.000       4.020      SLICE_X56Y75    ADC_PROC_PWM/averager/REG_ARRAY_reg[128][12]_srl32___REG_ARRAY_reg_r_381/CLK
Low Pulse Width   Slow    SRLC32E/CLK        n/a            0.980         5.000       4.020      SLICE_X54Y74    ADC_PROC_PWM/averager/REG_ARRAY_reg[128][13]_srl32___REG_ARRAY_reg_r_381/CLK
Low Pulse Width   Fast    SRLC32E/CLK        n/a            0.980         5.000       4.020      SLICE_X54Y74    ADC_PROC_PWM/averager/REG_ARRAY_reg[128][13]_srl32___REG_ARRAY_reg_r_381/CLK
High Pulse Width  Slow    SRLC32E/CLK        n/a            0.980         5.000       4.020      SLICE_X54Y64    ADC_PROC_PWM/averager/REG_ARRAY_reg[128][0]_srl32___REG_ARRAY_reg_r_381/CLK
High Pulse Width  Fast    SRLC32E/CLK        n/a            0.980         5.000       4.020      SLICE_X54Y64    ADC_PROC_PWM/averager/REG_ARRAY_reg[128][0]_srl32___REG_ARRAY_reg_r_381/CLK
High Pulse Width  Slow    SRLC32E/CLK        n/a            0.980         5.000       4.020      SLICE_X54Y71    ADC_PROC_PWM/averager/REG_ARRAY_reg[128][10]_srl32___REG_ARRAY_reg_r_381/CLK
High Pulse Width  Fast    SRLC32E/CLK        n/a            0.980         5.000       4.020      SLICE_X54Y71    ADC_PROC_PWM/averager/REG_ARRAY_reg[128][10]_srl32___REG_ARRAY_reg_r_381/CLK
High Pulse Width  Slow    SRLC32E/CLK        n/a            0.980         5.000       4.020      SLICE_X56Y73    ADC_PROC_PWM/averager/REG_ARRAY_reg[128][11]_srl32___REG_ARRAY_reg_r_381/CLK
High Pulse Width  Fast    SRLC32E/CLK        n/a            0.980         5.000       4.020      SLICE_X56Y73    ADC_PROC_PWM/averager/REG_ARRAY_reg[128][11]_srl32___REG_ARRAY_reg_r_381/CLK
High Pulse Width  Slow    SRLC32E/CLK        n/a            0.980         5.000       4.020      SLICE_X56Y75    ADC_PROC_PWM/averager/REG_ARRAY_reg[128][12]_srl32___REG_ARRAY_reg_r_381/CLK
High Pulse Width  Fast    SRLC32E/CLK        n/a            0.980         5.000       4.020      SLICE_X56Y75    ADC_PROC_PWM/averager/REG_ARRAY_reg[128][12]_srl32___REG_ARRAY_reg_r_381/CLK
High Pulse Width  Slow    SRLC32E/CLK        n/a            0.980         5.000       4.020      SLICE_X54Y74    ADC_PROC_PWM/averager/REG_ARRAY_reg[128][13]_srl32___REG_ARRAY_reg_r_381/CLK
High Pulse Width  Fast    SRLC32E/CLK        n/a            0.980         5.000       4.020      SLICE_X54Y74    ADC_PROC_PWM/averager/REG_ARRAY_reg[128][13]_srl32___REG_ARRAY_reg_r_381/CLK



---------------------------------------------------------------------------------------------------
From Clock:  clkfbout_clk_wiz_0
  To Clock:  clkfbout_clk_wiz_0

Setup :           NA  Failing Endpoints,  Worst Slack           NA  ,  Total Violation           NA
Hold  :           NA  Failing Endpoints,  Worst Slack           NA  ,  Total Violation           NA
PW    :            0  Failing Endpoints,  Worst Slack        7.845ns,  Total Violation        0.000ns
---------------------------------------------------------------------------------------------------


Pulse Width Checks
--------------------------------------------------------------------------------------
Clock Name:         clkfbout_clk_wiz_0
Waveform(ns):       { 0.000 5.000 }
Period(ns):         10.000
Sources:            { u_clk_wiz/inst/plle2_adv_inst/CLKFBOUT }

Check Type  Corner  Lib Pin             Reference Pin  Required(ns)  Actual(ns)  Slack(ns)  Location        Pin
Min Period  n/a     BUFG/I              n/a            2.155         10.000      7.845      BUFGCTRL_X0Y1   u_clk_wiz/inst/clkf_buf/I
Min Period  n/a     PLLE2_ADV/CLKFBOUT  n/a            1.249         10.000      8.751      PLLE2_ADV_X1Y0  u_clk_wiz/inst/plle2_adv_inst/CLKFBOUT
Min Period  n/a     PLLE2_ADV/CLKFBIN   n/a            1.249         10.000      8.751      PLLE2_ADV_X1Y0  u_clk_wiz/inst/plle2_adv_inst/CLKFBIN
Max Period  n/a     PLLE2_ADV/CLKFBIN   n/a            52.633        10.000      42.633     PLLE2_ADV_X1Y0  u_clk_wiz/inst/plle2_adv_inst/CLKFBIN
Max Period  n/a     PLLE2_ADV/CLKFBOUT  n/a            160.000       10.000      150.000    PLLE2_ADV_X1Y0  u_clk_wiz/inst/plle2_adv_inst/CLKFBOUT



---------------------------------------------------------------------------------------------------
From Clock:  sys_clk_pin
  To Clock:  sys_clk_pin

Setup :           NA  Failing Endpoints,  Worst Slack           NA  ,  Total Violation           NA
Hold  :           NA  Failing Endpoints,  Worst Slack           NA  ,  Total Violation           NA
PW    :            0  Failing Endpoints,  Worst Slack        3.000ns,  Total Violation        0.000ns
---------------------------------------------------------------------------------------------------


Pulse Width Checks
--------------------------------------------------------------------------------------
Clock Name:         sys_clk_pin
Waveform(ns):       { 0.000 5.000 }
Period(ns):         10.000
Sources:            { clk_in }

Check Type        Corner  Lib Pin           Reference Pin  Required(ns)  Actual(ns)  Slack(ns)  Location        Pin
Min Period        n/a     PLLE2_ADV/CLKIN1  n/a            1.249         10.000      8.751      PLLE2_ADV_X1Y0  u_clk_wiz/inst/plle2_adv_inst/CLKIN1
Max Period        n/a     PLLE2_ADV/CLKIN1  n/a            52.633        10.000      42.633     PLLE2_ADV_X1Y0  u_clk_wiz/inst/plle2_adv_inst/CLKIN1
Low Pulse Width   Slow    PLLE2_ADV/CLKIN1  n/a            2.000         5.000       3.000      PLLE2_ADV_X1Y0  u_clk_wiz/inst/plle2_adv_inst/CLKIN1
Low Pulse Width   Fast    PLLE2_ADV/CLKIN1  n/a            2.000         5.000       3.000      PLLE2_ADV_X1Y0  u_clk_wiz/inst/plle2_adv_inst/CLKIN1
High Pulse Width  Slow    PLLE2_ADV/CLKIN1  n/a            2.000         5.000       3.000      PLLE2_ADV_X1Y0  u_clk_wiz/inst/plle2_adv_inst/CLKIN1
High Pulse Width  Fast    PLLE2_ADV/CLKIN1  n/a            2.000         5.000       3.000      PLLE2_ADV_X1Y0  u_clk_wiz/inst/plle2_adv_inst/CLKIN1



---------------------------------------------------------------------------------------------------
From Clock:  clk_out1_clk_wiz_0_1
  To Clock:  clk_out1_clk_wiz_0_1

Setup :            0  Failing Endpoints,  Worst Slack        4.137ns,  Total Violation        0.000ns
Hold  :            0  Failing Endpoints,  Worst Slack        0.125ns,  Total Violation        0.000ns
PW    :            0  Failing Endpoints,  Worst Slack        4.020ns,  Total Violation        0.000ns
---------------------------------------------------------------------------------------------------


Max Delay Paths
--------------------------------------------------------------------------------------
Slack (MET) :             4.137ns  (required time - arrival time)
  Source:                 XADC_INST/inst/DCLK
                            (rising edge-triggered cell XADC clocked by clk_out1_clk_wiz_0_1  {rise@0.000ns fall@5.000ns period=10.000ns})
  Destination:            ADC_PROC_XADC/averager/sum_reg[21]/D
                            (rising edge-triggered cell FDRE clocked by clk_out1_clk_wiz_0_1  {rise@0.000ns fall@5.000ns period=10.000ns})
  Path Group:             clk_out1_clk_wiz_0_1
  Path Type:              Setup (Max at Slow Process Corner)
  Requirement:            10.000ns  (clk_out1_clk_wiz_0_1 rise@10.000ns - clk_out1_clk_wiz_0_1 rise@0.000ns)
  Data Path Delay:        5.745ns  (logic 3.030ns (52.742%)  route 2.715ns (47.258%))
  Logic Levels:           8  (CARRY4=6 LUT2=1 LUT4=1)
  Clock Path Skew:        -0.103ns (DCD - SCD + CPR)
    Destination Clock Delay (DCD):    -2.090ns = ( 7.910 - 10.000 ) 
    Source Clock Delay      (SCD):    -2.485ns
    Clock Pessimism Removal (CPR):    -0.498ns
  Clock Uncertainty:      0.077ns  ((TSJ^2 + DJ^2)^1/2) / 2 + PE
    Total System Jitter     (TSJ):    0.071ns
    Discrete Jitter          (DJ):    0.136ns
    Phase Error              (PE):    0.000ns

    Location             Delay type                Incr(ns)  Path(ns)    Netlist Resource(s)
  -------------------------------------------------------------------    -------------------
                         (clock clk_out1_clk_wiz_0_1 rise edge)
                                                      0.000     0.000 r  
    W5                                                0.000     0.000 r  clk_in (IN)
                         net (fo=0)                   0.000     0.000    u_clk_wiz/inst/clk_in1
    W5                   IBUF (Prop_ibuf_I_O)         1.458     1.458 r  u_clk_wiz/inst/clkin1_ibufg/O
                         net (fo=1, routed)           1.253     2.711    u_clk_wiz/inst/clk_in1_clk_wiz_0
    PLLE2_ADV_X1Y0       PLLE2_ADV (Prop_plle2_adv_CLKIN1_CLKOUT0)
                                                     -8.482    -5.770 r  u_clk_wiz/inst/plle2_adv_inst/CLKOUT0
                         net (fo=1, routed)           1.655    -4.115    u_clk_wiz/inst/clk_out1_clk_wiz_0
    BUFGCTRL_X0Y0        BUFG (Prop_bufg_I_O)         0.096    -4.019 r  u_clk_wiz/inst/clkout1_buf/O
                         net (fo=1596, routed)        1.534    -2.485    XADC_INST/dclk_in
    XADC_X0Y0            XADC                                         r  XADC_INST/inst/DCLK
  -------------------------------------------------------------------    -------------------
    XADC_X0Y0            XADC (Prop_xadc_DCLK_DO[0])
                                                      1.214    -1.271 r  XADC_INST/inst/DO[0]
                         net (fo=5, routed)           2.258     0.987    ADC_PROC_XADC/averager/Din[0]
    SLICE_X48Y70         LUT2 (Prop_lut2_I0_O)        0.150     1.137 r  ADC_PROC_XADC/averager/sum[3]_i_4/O
                         net (fo=2, routed)           0.448     1.585    ADC_PROC_XADC/averager/sum[3]_i_4_n_0
    SLICE_X48Y70         LUT4 (Prop_lut4_I3_O)        0.326     1.911 r  ADC_PROC_XADC/averager/sum[3]_i_8/O
                         net (fo=1, routed)           0.000     1.911    ADC_PROC_XADC/averager/sum[3]_i_8_n_0
    SLICE_X48Y70         CARRY4 (Prop_carry4_S[1]_CO[3])
                                                      0.550     2.461 r  ADC_PROC_XADC/averager/sum_reg[3]_i_1/CO[3]
                         net (fo=1, routed)           0.000     2.461    ADC_PROC_XADC/averager/sum_reg[3]_i_1_n_0
    SLICE_X48Y71         CARRY4 (Prop_carry4_CI_CO[3])
                                                      0.114     2.575 r  ADC_PROC_XADC/averager/sum_reg[7]_i_1/CO[3]
                         net (fo=1, routed)           0.000     2.575    ADC_PROC_XADC/averager/sum_reg[7]_i_1_n_0
    SLICE_X48Y72         CARRY4 (Prop_carry4_CI_CO[3])
                                                      0.114     2.689 r  ADC_PROC_XADC/averager/sum_reg[11]_i_1/CO[3]
                         net (fo=1, routed)           0.000     2.689    ADC_PROC_XADC/averager/sum_reg[11]_i_1_n_0
    SLICE_X48Y73         CARRY4 (Prop_carry4_CI_CO[3])
                                                      0.114     2.803 r  ADC_PROC_XADC/averager/sum_reg[15]_i_1/CO[3]
                         net (fo=1, routed)           0.000     2.803    ADC_PROC_XADC/averager/sum_reg[15]_i_1_n_0
    SLICE_X48Y74         CARRY4 (Prop_carry4_CI_CO[3])
                                                      0.114     2.917 r  ADC_PROC_XADC/averager/sum_reg[19]_i_1/CO[3]
                         net (fo=1, routed)           0.009     2.926    ADC_PROC_XADC/averager/sum_reg[19]_i_1_n_0
    SLICE_X48Y75         CARRY4 (Prop_carry4_CI_O[1])
                                                      0.334     3.260 r  ADC_PROC_XADC/averager/sum_reg[23]_i_1/O[1]
                         net (fo=1, routed)           0.000     3.260    ADC_PROC_XADC/averager/sum_reg[23]_i_1_n_6
    SLICE_X48Y75         FDRE                                         r  ADC_PROC_XADC/averager/sum_reg[21]/D
  -------------------------------------------------------------------    -------------------

                         (clock clk_out1_clk_wiz_0_1 rise edge)
                                                     10.000    10.000 r  
    W5                                                0.000    10.000 r  clk_in (IN)
                         net (fo=0)                   0.000    10.000    u_clk_wiz/inst/clk_in1
    W5                   IBUF (Prop_ibuf_I_O)         1.388    11.388 r  u_clk_wiz/inst/clkin1_ibufg/O
                         net (fo=1, routed)           1.181    12.569    u_clk_wiz/inst/clk_in1_clk_wiz_0
    PLLE2_ADV_X1Y0       PLLE2_ADV (Prop_plle2_adv_CLKIN1_CLKOUT0)
                                                     -7.750     4.819 r  u_clk_wiz/inst/plle2_adv_inst/CLKOUT0
                         net (fo=1, routed)           1.576     6.396    u_clk_wiz/inst/clk_out1_clk_wiz_0
    BUFGCTRL_X0Y0        BUFG (Prop_bufg_I_O)         0.091     6.487 r  u_clk_wiz/inst/clkout1_buf/O
                         net (fo=1596, routed)        1.424     7.910    ADC_PROC_XADC/averager/clk
    SLICE_X48Y75         FDRE                                         r  ADC_PROC_XADC/averager/sum_reg[21]/C
                         clock pessimism             -0.498     7.412    
                         clock uncertainty           -0.077     7.335    
    SLICE_X48Y75         FDRE (Setup_fdre_C_D)        0.062     7.397    ADC_PROC_XADC/averager/sum_reg[21]
  -------------------------------------------------------------------
                         required time                          7.397    
                         arrival time                          -3.260    
  -------------------------------------------------------------------
                         slack                                  4.137    

Slack (MET) :             4.158ns  (required time - arrival time)
  Source:                 XADC_INST/inst/DCLK
                            (rising edge-triggered cell XADC clocked by clk_out1_clk_wiz_0_1  {rise@0.000ns fall@5.000ns period=10.000ns})
  Destination:            ADC_PROC_XADC/averager/sum_reg[23]/D
                            (rising edge-triggered cell FDRE clocked by clk_out1_clk_wiz_0_1  {rise@0.000ns fall@5.000ns period=10.000ns})
  Path Group:             clk_out1_clk_wiz_0_1
  Path Type:              Setup (Max at Slow Process Corner)
  Requirement:            10.000ns  (clk_out1_clk_wiz_0_1 rise@10.000ns - clk_out1_clk_wiz_0_1 rise@0.000ns)
  Data Path Delay:        5.724ns  (logic 3.009ns (52.568%)  route 2.715ns (47.432%))
  Logic Levels:           8  (CARRY4=6 LUT2=1 LUT4=1)
  Clock Path Skew:        -0.103ns (DCD - SCD + CPR)
    Destination Clock Delay (DCD):    -2.090ns = ( 7.910 - 10.000 ) 
    Source Clock Delay      (SCD):    -2.485ns
    Clock Pessimism Removal (CPR):    -0.498ns
  Clock Uncertainty:      0.077ns  ((TSJ^2 + DJ^2)^1/2) / 2 + PE
    Total System Jitter     (TSJ):    0.071ns
    Discrete Jitter          (DJ):    0.136ns
    Phase Error              (PE):    0.000ns

    Location             Delay type                Incr(ns)  Path(ns)    Netlist Resource(s)
  -------------------------------------------------------------------    -------------------
                         (clock clk_out1_clk_wiz_0_1 rise edge)
                                                      0.000     0.000 r  
    W5                                                0.000     0.000 r  clk_in (IN)
                         net (fo=0)                   0.000     0.000    u_clk_wiz/inst/clk_in1
    W5                   IBUF (Prop_ibuf_I_O)         1.458     1.458 r  u_clk_wiz/inst/clkin1_ibufg/O
                         net (fo=1, routed)           1.253     2.711    u_clk_wiz/inst/clk_in1_clk_wiz_0
    PLLE2_ADV_X1Y0       PLLE2_ADV (Prop_plle2_adv_CLKIN1_CLKOUT0)
                                                     -8.482    -5.770 r  u_clk_wiz/inst/plle2_adv_inst/CLKOUT0
                         net (fo=1, routed)           1.655    -4.115    u_clk_wiz/inst/clk_out1_clk_wiz_0
    BUFGCTRL_X0Y0        BUFG (Prop_bufg_I_O)         0.096    -4.019 r  u_clk_wiz/inst/clkout1_buf/O
                         net (fo=1596, routed)        1.534    -2.485    XADC_INST/dclk_in
    XADC_X0Y0            XADC                                         r  XADC_INST/inst/DCLK
  -------------------------------------------------------------------    -------------------
    XADC_X0Y0            XADC (Prop_xadc_DCLK_DO[0])
                                                      1.214    -1.271 r  XADC_INST/inst/DO[0]
                         net (fo=5, routed)           2.258     0.987    ADC_PROC_XADC/averager/Din[0]
    SLICE_X48Y70         LUT2 (Prop_lut2_I0_O)        0.150     1.137 r  ADC_PROC_XADC/averager/sum[3]_i_4/O
                         net (fo=2, routed)           0.448     1.585    ADC_PROC_XADC/averager/sum[3]_i_4_n_0
    SLICE_X48Y70         LUT4 (Prop_lut4_I3_O)        0.326     1.911 r  ADC_PROC_XADC/averager/sum[3]_i_8/O
                         net (fo=1, routed)           0.000     1.911    ADC_PROC_XADC/averager/sum[3]_i_8_n_0
    SLICE_X48Y70         CARRY4 (Prop_carry4_S[1]_CO[3])
                                                      0.550     2.461 r  ADC_PROC_XADC/averager/sum_reg[3]_i_1/CO[3]
                         net (fo=1, routed)           0.000     2.461    ADC_PROC_XADC/averager/sum_reg[3]_i_1_n_0
    SLICE_X48Y71         CARRY4 (Prop_carry4_CI_CO[3])
                                                      0.114     2.575 r  ADC_PROC_XADC/averager/sum_reg[7]_i_1/CO[3]
                         net (fo=1, routed)           0.000     2.575    ADC_PROC_XADC/averager/sum_reg[7]_i_1_n_0
    SLICE_X48Y72         CARRY4 (Prop_carry4_CI_CO[3])
                                                      0.114     2.689 r  ADC_PROC_XADC/averager/sum_reg[11]_i_1/CO[3]
                         net (fo=1, routed)           0.000     2.689    ADC_PROC_XADC/averager/sum_reg[11]_i_1_n_0
    SLICE_X48Y73         CARRY4 (Prop_carry4_CI_CO[3])
                                                      0.114     2.803 r  ADC_PROC_XADC/averager/sum_reg[15]_i_1/CO[3]
                         net (fo=1, routed)           0.000     2.803    ADC_PROC_XADC/averager/sum_reg[15]_i_1_n_0
    SLICE_X48Y74         CARRY4 (Prop_carry4_CI_CO[3])
                                                      0.114     2.917 r  ADC_PROC_XADC/averager/sum_reg[19]_i_1/CO[3]
                         net (fo=1, routed)           0.009     2.926    ADC_PROC_XADC/averager/sum_reg[19]_i_1_n_0
    SLICE_X48Y75         CARRY4 (Prop_carry4_CI_O[3])
                                                      0.313     3.239 r  ADC_PROC_XADC/averager/sum_reg[23]_i_1/O[3]
                         net (fo=1, routed)           0.000     3.239    ADC_PROC_XADC/averager/sum_reg[23]_i_1_n_4
    SLICE_X48Y75         FDRE                                         r  ADC_PROC_XADC/averager/sum_reg[23]/D
  -------------------------------------------------------------------    -------------------

                         (clock clk_out1_clk_wiz_0_1 rise edge)
                                                     10.000    10.000 r  
    W5                                                0.000    10.000 r  clk_in (IN)
                         net (fo=0)                   0.000    10.000    u_clk_wiz/inst/clk_in1
    W5                   IBUF (Prop_ibuf_I_O)         1.388    11.388 r  u_clk_wiz/inst/clkin1_ibufg/O
                         net (fo=1, routed)           1.181    12.569    u_clk_wiz/inst/clk_in1_clk_wiz_0
    PLLE2_ADV_X1Y0       PLLE2_ADV (Prop_plle2_adv_CLKIN1_CLKOUT0)
                                                     -7.750     4.819 r  u_clk_wiz/inst/plle2_adv_inst/CLKOUT0
                         net (fo=1, routed)           1.576     6.396    u_clk_wiz/inst/clk_out1_clk_wiz_0
    BUFGCTRL_X0Y0        BUFG (Prop_bufg_I_O)         0.091     6.487 r  u_clk_wiz/inst/clkout1_buf/O
                         net (fo=1596, routed)        1.424     7.910    ADC_PROC_XADC/averager/clk
    SLICE_X48Y75         FDRE                                         r  ADC_PROC_XADC/averager/sum_reg[23]/C
                         clock pessimism             -0.498     7.412    
                         clock uncertainty           -0.077     7.335    
    SLICE_X48Y75         FDRE (Setup_fdre_C_D)        0.062     7.397    ADC_PROC_XADC/averager/sum_reg[23]
  -------------------------------------------------------------------
                         required time                          7.397    
                         arrival time                          -3.239    
  -------------------------------------------------------------------
                         slack                                  4.158    

Slack (MET) :             4.203ns  (required time - arrival time)
  Source:                 INPUT_SYNC/out2_reg[0]/C
                            (rising edge-triggered cell FDRE clocked by clk_out1_clk_wiz_0_1  {rise@0.000ns fall@5.000ns period=10.000ns})
  Destination:            AUTO_CAL/offset_reg_reg[16]/D
                            (rising edge-triggered cell FDRE clocked by clk_out1_clk_wiz_0_1  {rise@0.000ns fall@5.000ns period=10.000ns})
  Path Group:             clk_out1_clk_wiz_0_1
  Path Type:              Setup (Max at Slow Process Corner)
  Requirement:            10.000ns  (clk_out1_clk_wiz_0_1 rise@10.000ns - clk_out1_clk_wiz_0_1 rise@0.000ns)
  Data Path Delay:        5.710ns  (logic 1.635ns (28.633%)  route 4.075ns (71.367%))
  Logic Levels:           5  (CARRY4=3 LUT2=1 LUT4=1)
  Clock Path Skew:        -0.119ns (DCD - SCD + CPR)
    Destination Clock Delay (DCD):    -2.087ns = ( 7.913 - 10.000 ) 
    Source Clock Delay      (SCD):    -2.395ns
    Clock Pessimism Removal (CPR):    -0.427ns
  Clock Uncertainty:      0.077ns  ((TSJ^2 + DJ^2)^1/2) / 2 + PE
    Total System Jitter     (TSJ):    0.071ns
    Discrete Jitter          (DJ):    0.136ns
    Phase Error              (PE):    0.000ns

    Location             Delay type                Incr(ns)  Path(ns)    Netlist Resource(s)
  -------------------------------------------------------------------    -------------------
                         (clock clk_out1_clk_wiz_0_1 rise edge)
                                                      0.000     0.000 r  
    W5                                                0.000     0.000 r  clk_in (IN)
                         net (fo=0)                   0.000     0.000    u_clk_wiz/inst/clk_in1
    W5                   IBUF (Prop_ibuf_I_O)         1.458     1.458 r  u_clk_wiz/inst/clkin1_ibufg/O
                         net (fo=1, routed)           1.253     2.711    u_clk_wiz/inst/clk_in1_clk_wiz_0
    PLLE2_ADV_X1Y0       PLLE2_ADV (Prop_plle2_adv_CLKIN1_CLKOUT0)
                                                     -8.482    -5.770 r  u_clk_wiz/inst/plle2_adv_inst/CLKOUT0
                         net (fo=1, routed)           1.655    -4.115    u_clk_wiz/inst/clk_out1_clk_wiz_0
    BUFGCTRL_X0Y0        BUFG (Prop_bufg_I_O)         0.096    -4.019 r  u_clk_wiz/inst/clkout1_buf/O
                         net (fo=1596, routed)        1.624    -2.395    INPUT_SYNC/clk
    SLICE_X64Y60         FDRE                                         r  INPUT_SYNC/out2_reg[0]/C
  -------------------------------------------------------------------    -------------------
    SLICE_X64Y60         FDRE (Prop_fdre_C_Q)         0.518    -1.877 r  INPUT_SYNC/out2_reg[0]/Q
                         net (fo=54, routed)          3.550     1.673    AVE_DATA_EN/mode_select[0]
    SLICE_X53Y74         LUT4 (Prop_lut4_I1_O)        0.124     1.797 r  AVE_DATA_EN/data[9]_INST_0/O
                         net (fo=5, routed)           0.517     2.313    AUTO_CAL/ave_data[9]
    SLICE_X50Y74         LUT2 (Prop_lut2_I1_O)        0.124     2.437 r  AUTO_CAL/offset_reg[11]_i_4/O
                         net (fo=1, routed)           0.000     2.437    AUTO_CAL/offset_reg[11]_i_4_n_0
    SLICE_X50Y74         CARRY4 (Prop_carry4_S[1]_CO[3])
                                                      0.533     2.970 r  AUTO_CAL/offset_reg_reg[11]_i_1/CO[3]
                         net (fo=1, routed)           0.009     2.979    AUTO_CAL/offset_reg_reg[11]_i_1_n_0
    SLICE_X50Y75         CARRY4 (Prop_carry4_CI_CO[3])
                                                      0.117     3.096 r  AUTO_CAL/offset_reg_reg[15]_i_1/CO[3]
                         net (fo=1, routed)           0.000     3.096    AUTO_CAL/offset_reg_reg[15]_i_1_n_0
    SLICE_X50Y76         CARRY4 (Prop_carry4_CI_O[0])
                                                      0.219     3.315 r  AUTO_CAL/offset_reg_reg[16]_i_1/O[0]
                         net (fo=1, routed)           0.000     3.315    AUTO_CAL/offset_reg_reg[16]_i_1_n_7
    SLICE_X50Y76         FDRE                                         r  AUTO_CAL/offset_reg_reg[16]/D
  -------------------------------------------------------------------    -------------------

                         (clock clk_out1_clk_wiz_0_1 rise edge)
                                                     10.000    10.000 r  
    W5                                                0.000    10.000 r  clk_in (IN)
                         net (fo=0)                   0.000    10.000    u_clk_wiz/inst/clk_in1
    W5                   IBUF (Prop_ibuf_I_O)         1.388    11.388 r  u_clk_wiz/inst/clkin1_ibufg/O
                         net (fo=1, routed)           1.181    12.569    u_clk_wiz/inst/clk_in1_clk_wiz_0
    PLLE2_ADV_X1Y0       PLLE2_ADV (Prop_plle2_adv_CLKIN1_CLKOUT0)
                                                     -7.750     4.819 r  u_clk_wiz/inst/plle2_adv_inst/CLKOUT0
                         net (fo=1, routed)           1.576     6.396    u_clk_wiz/inst/clk_out1_clk_wiz_0
    BUFGCTRL_X0Y0        BUFG (Prop_bufg_I_O)         0.091     6.487 r  u_clk_wiz/inst/clkout1_buf/O
                         net (fo=1596, routed)        1.427     7.913    AUTO_CAL/clk
    SLICE_X50Y76         FDRE                                         r  AUTO_CAL/offset_reg_reg[16]/C
                         clock pessimism             -0.427     7.486    
                         clock uncertainty           -0.077     7.410    
    SLICE_X50Y76         FDRE (Setup_fdre_C_D)        0.109     7.519    AUTO_CAL/offset_reg_reg[16]
  -------------------------------------------------------------------
                         required time                          7.519    
                         arrival time                          -3.315    
  -------------------------------------------------------------------
                         slack                                  4.203    

Slack (MET) :             4.214ns  (required time - arrival time)
  Source:                 INPUT_SYNC/out2_reg[0]/C
                            (rising edge-triggered cell FDRE clocked by clk_out1_clk_wiz_0_1  {rise@0.000ns fall@5.000ns period=10.000ns})
  Destination:            AUTO_CAL/offset_reg_reg[13]/D
                            (rising edge-triggered cell FDRE clocked by clk_out1_clk_wiz_0_1  {rise@0.000ns fall@5.000ns period=10.000ns})
  Path Group:             clk_out1_clk_wiz_0_1
  Path Type:              Setup (Max at Slow Process Corner)
  Requirement:            10.000ns  (clk_out1_clk_wiz_0_1 rise@10.000ns - clk_out1_clk_wiz_0_1 rise@0.000ns)
  Data Path Delay:        5.697ns  (logic 1.622ns (28.470%)  route 4.075ns (71.530%))
  Logic Levels:           4  (CARRY4=2 LUT2=1 LUT4=1)
  Clock Path Skew:        -0.121ns (DCD - SCD + CPR)
    Destination Clock Delay (DCD):    -2.089ns = ( 7.911 - 10.000 ) 
    Source Clock Delay      (SCD):    -2.395ns
    Clock Pessimism Removal (CPR):    -0.427ns
  Clock Uncertainty:      0.077ns  ((TSJ^2 + DJ^2)^1/2) / 2 + PE
    Total System Jitter     (TSJ):    0.071ns
    Discrete Jitter          (DJ):    0.136ns
    Phase Error              (PE):    0.000ns

    Location             Delay type                Incr(ns)  Path(ns)    Netlist Resource(s)
  -------------------------------------------------------------------    -------------------
                         (clock clk_out1_clk_wiz_0_1 rise edge)
                                                      0.000     0.000 r  
    W5                                                0.000     0.000 r  clk_in (IN)
                         net (fo=0)                   0.000     0.000    u_clk_wiz/inst/clk_in1
    W5                   IBUF (Prop_ibuf_I_O)         1.458     1.458 r  u_clk_wiz/inst/clkin1_ibufg/O
                         net (fo=1, routed)           1.253     2.711    u_clk_wiz/inst/clk_in1_clk_wiz_0
    PLLE2_ADV_X1Y0       PLLE2_ADV (Prop_plle2_adv_CLKIN1_CLKOUT0)
                                                     -8.482    -5.770 r  u_clk_wiz/inst/plle2_adv_inst/CLKOUT0
                         net (fo=1, routed)           1.655    -4.115    u_clk_wiz/inst/clk_out1_clk_wiz_0
    BUFGCTRL_X0Y0        BUFG (Prop_bufg_I_O)         0.096    -4.019 r  u_clk_wiz/inst/clkout1_buf/O
                         net (fo=1596, routed)        1.624    -2.395    INPUT_SYNC/clk
    SLICE_X64Y60         FDRE                                         r  INPUT_SYNC/out2_reg[0]/C
  -------------------------------------------------------------------    -------------------
    SLICE_X64Y60         FDRE (Prop_fdre_C_Q)         0.518    -1.877 r  INPUT_SYNC/out2_reg[0]/Q
                         net (fo=54, routed)          3.550     1.673    AVE_DATA_EN/mode_select[0]
    SLICE_X53Y74         LUT4 (Prop_lut4_I1_O)        0.124     1.797 r  AVE_DATA_EN/data[9]_INST_0/O
                         net (fo=5, routed)           0.517     2.313    AUTO_CAL/ave_data[9]
    SLICE_X50Y74         LUT2 (Prop_lut2_I1_O)        0.124     2.437 r  AUTO_CAL/offset_reg[11]_i_4/O
                         net (fo=1, routed)           0.000     2.437    AUTO_CAL/offset_reg[11]_i_4_n_0
    SLICE_X50Y74         CARRY4 (Prop_carry4_S[1]_CO[3])
                                                      0.533     2.970 r  AUTO_CAL/offset_reg_reg[11]_i_1/CO[3]
                         net (fo=1, routed)           0.009     2.979    AUTO_CAL/offset_reg_reg[11]_i_1_n_0
    SLICE_X50Y75         CARRY4 (Prop_carry4_CI_O[1])
                                                      0.323     3.302 r  AUTO_CAL/offset_reg_reg[15]_i_1/O[1]
                         net (fo=1, routed)           0.000     3.302    AUTO_CAL/offset_reg_reg[15]_i_1_n_6
    SLICE_X50Y75         FDRE                                         r  AUTO_CAL/offset_reg_reg[13]/D
  -------------------------------------------------------------------    -------------------

                         (clock clk_out1_clk_wiz_0_1 rise edge)
                                                     10.000    10.000 r  
    W5                                                0.000    10.000 r  clk_in (IN)
                         net (fo=0)                   0.000    10.000    u_clk_wiz/inst/clk_in1
    W5                   IBUF (Prop_ibuf_I_O)         1.388    11.388 r  u_clk_wiz/inst/clkin1_ibufg/O
                         net (fo=1, routed)           1.181    12.569    u_clk_wiz/inst/clk_in1_clk_wiz_0
    PLLE2_ADV_X1Y0       PLLE2_ADV (Prop_plle2_adv_CLKIN1_CLKOUT0)
                                                     -7.750     4.819 r  u_clk_wiz/inst/plle2_adv_inst/CLKOUT0
                         net (fo=1, routed)           1.576     6.396    u_clk_wiz/inst/clk_out1_clk_wiz_0
    BUFGCTRL_X0Y0        BUFG (Prop_bufg_I_O)         0.091     6.487 r  u_clk_wiz/inst/clkout1_buf/O
                         net (fo=1596, routed)        1.425     7.911    AUTO_CAL/clk
    SLICE_X50Y75         FDRE                                         r  AUTO_CAL/offset_reg_reg[13]/C
                         clock pessimism             -0.427     7.484    
                         clock uncertainty           -0.077     7.408    
    SLICE_X50Y75         FDRE (Setup_fdre_C_D)        0.109     7.517    AUTO_CAL/offset_reg_reg[13]
  -------------------------------------------------------------------
                         required time                          7.517    
                         arrival time                          -3.302    
  -------------------------------------------------------------------
                         slack                                  4.214    

Slack (MET) :             4.222ns  (required time - arrival time)
  Source:                 INPUT_SYNC/out2_reg[0]/C
                            (rising edge-triggered cell FDRE clocked by clk_out1_clk_wiz_0_1  {rise@0.000ns fall@5.000ns period=10.000ns})
  Destination:            AUTO_CAL/offset_reg_reg[15]/D
                            (rising edge-triggered cell FDRE clocked by clk_out1_clk_wiz_0_1  {rise@0.000ns fall@5.000ns period=10.000ns})
  Path Group:             clk_out1_clk_wiz_0_1
  Path Type:              Setup (Max at Slow Process Corner)
  Requirement:            10.000ns  (clk_out1_clk_wiz_0_1 rise@10.000ns - clk_out1_clk_wiz_0_1 rise@0.000ns)
  Data Path Delay:        5.689ns  (logic 1.614ns (28.370%)  route 4.075ns (71.630%))
  Logic Levels:           4  (CARRY4=2 LUT2=1 LUT4=1)
  Clock Path Skew:        -0.121ns (DCD - SCD + CPR)
    Destination Clock Delay (DCD):    -2.089ns = ( 7.911 - 10.000 ) 
    Source Clock Delay      (SCD):    -2.395ns
    Clock Pessimism Removal (CPR):    -0.427ns
  Clock Uncertainty:      0.077ns  ((TSJ^2 + DJ^2)^1/2) / 2 + PE
    Total System Jitter     (TSJ):    0.071ns
    Discrete Jitter          (DJ):    0.136ns
    Phase Error              (PE):    0.000ns

    Location             Delay type                Incr(ns)  Path(ns)    Netlist Resource(s)
  -------------------------------------------------------------------    -------------------
                         (clock clk_out1_clk_wiz_0_1 rise edge)
                                                      0.000     0.000 r  
    W5                                                0.000     0.000 r  clk_in (IN)
                         net (fo=0)                   0.000     0.000    u_clk_wiz/inst/clk_in1
    W5                   IBUF (Prop_ibuf_I_O)         1.458     1.458 r  u_clk_wiz/inst/clkin1_ibufg/O
                         net (fo=1, routed)           1.253     2.711    u_clk_wiz/inst/clk_in1_clk_wiz_0
    PLLE2_ADV_X1Y0       PLLE2_ADV (Prop_plle2_adv_CLKIN1_CLKOUT0)
                                                     -8.482    -5.770 r  u_clk_wiz/inst/plle2_adv_inst/CLKOUT0
                         net (fo=1, routed)           1.655    -4.115    u_clk_wiz/inst/clk_out1_clk_wiz_0
    BUFGCTRL_X0Y0        BUFG (Prop_bufg_I_O)         0.096    -4.019 r  u_clk_wiz/inst/clkout1_buf/O
                         net (fo=1596, routed)        1.624    -2.395    INPUT_SYNC/clk
    SLICE_X64Y60         FDRE                                         r  INPUT_SYNC/out2_reg[0]/C
  -------------------------------------------------------------------    -------------------
    SLICE_X64Y60         FDRE (Prop_fdre_C_Q)         0.518    -1.877 r  INPUT_SYNC/out2_reg[0]/Q
                         net (fo=54, routed)          3.550     1.673    AVE_DATA_EN/mode_select[0]
    SLICE_X53Y74         LUT4 (Prop_lut4_I1_O)        0.124     1.797 r  AVE_DATA_EN/data[9]_INST_0/O
                         net (fo=5, routed)           0.517     2.313    AUTO_CAL/ave_data[9]
    SLICE_X50Y74         LUT2 (Prop_lut2_I1_O)        0.124     2.437 r  AUTO_CAL/offset_reg[11]_i_4/O
                         net (fo=1, routed)           0.000     2.437    AUTO_CAL/offset_reg[11]_i_4_n_0
    SLICE_X50Y74         CARRY4 (Prop_carry4_S[1]_CO[3])
                                                      0.533     2.970 r  AUTO_CAL/offset_reg_reg[11]_i_1/CO[3]
                         net (fo=1, routed)           0.009     2.979    AUTO_CAL/offset_reg_reg[11]_i_1_n_0
    SLICE_X50Y75         CARRY4 (Prop_carry4_CI_O[3])
                                                      0.315     3.294 r  AUTO_CAL/offset_reg_reg[15]_i_1/O[3]
                         net (fo=1, routed)           0.000     3.294    AUTO_CAL/offset_reg_reg[15]_i_1_n_4
    SLICE_X50Y75         FDRE                                         r  AUTO_CAL/offset_reg_reg[15]/D
  -------------------------------------------------------------------    -------------------

                         (clock clk_out1_clk_wiz_0_1 rise edge)
                                                     10.000    10.000 r  
    W5                                                0.000    10.000 r  clk_in (IN)
                         net (fo=0)                   0.000    10.000    u_clk_wiz/inst/clk_in1
    W5                   IBUF (Prop_ibuf_I_O)         1.388    11.388 r  u_clk_wiz/inst/clkin1_ibufg/O
                         net (fo=1, routed)           1.181    12.569    u_clk_wiz/inst/clk_in1_clk_wiz_0
    PLLE2_ADV_X1Y0       PLLE2_ADV (Prop_plle2_adv_CLKIN1_CLKOUT0)
                                                     -7.750     4.819 r  u_clk_wiz/inst/plle2_adv_inst/CLKOUT0
                         net (fo=1, routed)           1.576     6.396    u_clk_wiz/inst/clk_out1_clk_wiz_0
    BUFGCTRL_X0Y0        BUFG (Prop_bufg_I_O)         0.091     6.487 r  u_clk_wiz/inst/clkout1_buf/O
                         net (fo=1596, routed)        1.425     7.911    AUTO_CAL/clk
    SLICE_X50Y75         FDRE                                         r  AUTO_CAL/offset_reg_reg[15]/C
                         clock pessimism             -0.427     7.484    
                         clock uncertainty           -0.077     7.408    
    SLICE_X50Y75         FDRE (Setup_fdre_C_D)        0.109     7.517    AUTO_CAL/offset_reg_reg[15]
  -------------------------------------------------------------------
                         required time                          7.517    
                         arrival time                          -3.294    
  -------------------------------------------------------------------
                         slack                                  4.222    

Slack (MET) :             4.232ns  (required time - arrival time)
  Source:                 XADC_INST/inst/DCLK
                            (rising edge-triggered cell XADC clocked by clk_out1_clk_wiz_0_1  {rise@0.000ns fall@5.000ns period=10.000ns})
  Destination:            ADC_PROC_XADC/averager/sum_reg[22]/D
                            (rising edge-triggered cell FDRE clocked by clk_out1_clk_wiz_0_1  {rise@0.000ns fall@5.000ns period=10.000ns})
  Path Group:             clk_out1_clk_wiz_0_1
  Path Type:              Setup (Max at Slow Process Corner)
  Requirement:            10.000ns  (clk_out1_clk_wiz_0_1 rise@10.000ns - clk_out1_clk_wiz_0_1 rise@0.000ns)
  Data Path Delay:        5.650ns  (logic 2.935ns (51.947%)  route 2.715ns (48.053%))
  Logic Levels:           8  (CARRY4=6 LUT2=1 LUT4=1)
  Clock Path Skew:        -0.103ns (DCD - SCD + CPR)
    Destination Clock Delay (DCD):    -2.090ns = ( 7.910 - 10.000 ) 
    Source Clock Delay      (SCD):    -2.485ns
    Clock Pessimism Removal (CPR):    -0.498ns
  Clock Uncertainty:      0.077ns  ((TSJ^2 + DJ^2)^1/2) / 2 + PE
    Total System Jitter     (TSJ):    0.071ns
    Discrete Jitter          (DJ):    0.136ns
    Phase Error              (PE):    0.000ns

    Location             Delay type                Incr(ns)  Path(ns)    Netlist Resource(s)
  -------------------------------------------------------------------    -------------------
                         (clock clk_out1_clk_wiz_0_1 rise edge)
                                                      0.000     0.000 r  
    W5                                                0.000     0.000 r  clk_in (IN)
                         net (fo=0)                   0.000     0.000    u_clk_wiz/inst/clk_in1
    W5                   IBUF (Prop_ibuf_I_O)         1.458     1.458 r  u_clk_wiz/inst/clkin1_ibufg/O
                         net (fo=1, routed)           1.253     2.711    u_clk_wiz/inst/clk_in1_clk_wiz_0
    PLLE2_ADV_X1Y0       PLLE2_ADV (Prop_plle2_adv_CLKIN1_CLKOUT0)
                                                     -8.482    -5.770 r  u_clk_wiz/inst/plle2_adv_inst/CLKOUT0
                         net (fo=1, routed)           1.655    -4.115    u_clk_wiz/inst/clk_out1_clk_wiz_0
    BUFGCTRL_X0Y0        BUFG (Prop_bufg_I_O)         0.096    -4.019 r  u_clk_wiz/inst/clkout1_buf/O
                         net (fo=1596, routed)        1.534    -2.485    XADC_INST/dclk_in
    XADC_X0Y0            XADC                                         r  XADC_INST/inst/DCLK
  -------------------------------------------------------------------    -------------------
    XADC_X0Y0            XADC (Prop_xadc_DCLK_DO[0])
                                                      1.214    -1.271 r  XADC_INST/inst/DO[0]
                         net (fo=5, routed)           2.258     0.987    ADC_PROC_XADC/averager/Din[0]
    SLICE_X48Y70         LUT2 (Prop_lut2_I0_O)        0.150     1.137 r  ADC_PROC_XADC/averager/sum[3]_i_4/O
                         net (fo=2, routed)           0.448     1.585    ADC_PROC_XADC/averager/sum[3]_i_4_n_0
    SLICE_X48Y70         LUT4 (Prop_lut4_I3_O)        0.326     1.911 r  ADC_PROC_XADC/averager/sum[3]_i_8/O
                         net (fo=1, routed)           0.000     1.911    ADC_PROC_XADC/averager/sum[3]_i_8_n_0
    SLICE_X48Y70         CARRY4 (Prop_carry4_S[1]_CO[3])
                                                      0.550     2.461 r  ADC_PROC_XADC/averager/sum_reg[3]_i_1/CO[3]
                         net (fo=1, routed)           0.000     2.461    ADC_PROC_XADC/averager/sum_reg[3]_i_1_n_0
    SLICE_X48Y71         CARRY4 (Prop_carry4_CI_CO[3])
                                                      0.114     2.575 r  ADC_PROC_XADC/averager/sum_reg[7]_i_1/CO[3]
                         net (fo=1, routed)           0.000     2.575    ADC_PROC_XADC/averager/sum_reg[7]_i_1_n_0
    SLICE_X48Y72         CARRY4 (Prop_carry4_CI_CO[3])
                                                      0.114     2.689 r  ADC_PROC_XADC/averager/sum_reg[11]_i_1/CO[3]
                         net (fo=1, routed)           0.000     2.689    ADC_PROC_XADC/averager/sum_reg[11]_i_1_n_0
    SLICE_X48Y73         CARRY4 (Prop_carry4_CI_CO[3])
                                                      0.114     2.803 r  ADC_PROC_XADC/averager/sum_reg[15]_i_1/CO[3]
                         net (fo=1, routed)           0.000     2.803    ADC_PROC_XADC/averager/sum_reg[15]_i_1_n_0
    SLICE_X48Y74         CARRY4 (Prop_carry4_CI_CO[3])
                                                      0.114     2.917 r  ADC_PROC_XADC/averager/sum_reg[19]_i_1/CO[3]
                         net (fo=1, routed)           0.009     2.926    ADC_PROC_XADC/averager/sum_reg[19]_i_1_n_0
    SLICE_X48Y75         CARRY4 (Prop_carry4_CI_O[2])
                                                      0.239     3.165 r  ADC_PROC_XADC/averager/sum_reg[23]_i_1/O[2]
                         net (fo=1, routed)           0.000     3.165    ADC_PROC_XADC/averager/sum_reg[23]_i_1_n_5
    SLICE_X48Y75         FDRE                                         r  ADC_PROC_XADC/averager/sum_reg[22]/D
  -------------------------------------------------------------------    -------------------

                         (clock clk_out1_clk_wiz_0_1 rise edge)
                                                     10.000    10.000 r  
    W5                                                0.000    10.000 r  clk_in (IN)
                         net (fo=0)                   0.000    10.000    u_clk_wiz/inst/clk_in1
    W5                   IBUF (Prop_ibuf_I_O)         1.388    11.388 r  u_clk_wiz/inst/clkin1_ibufg/O
                         net (fo=1, routed)           1.181    12.569    u_clk_wiz/inst/clk_in1_clk_wiz_0
    PLLE2_ADV_X1Y0       PLLE2_ADV (Prop_plle2_adv_CLKIN1_CLKOUT0)
                                                     -7.750     4.819 r  u_clk_wiz/inst/plle2_adv_inst/CLKOUT0
                         net (fo=1, routed)           1.576     6.396    u_clk_wiz/inst/clk_out1_clk_wiz_0
    BUFGCTRL_X0Y0        BUFG (Prop_bufg_I_O)         0.091     6.487 r  u_clk_wiz/inst/clkout1_buf/O
                         net (fo=1596, routed)        1.424     7.910    ADC_PROC_XADC/averager/clk
    SLICE_X48Y75         FDRE                                         r  ADC_PROC_XADC/averager/sum_reg[22]/C
                         clock pessimism             -0.498     7.412    
                         clock uncertainty           -0.077     7.335    
    SLICE_X48Y75         FDRE (Setup_fdre_C_D)        0.062     7.397    ADC_PROC_XADC/averager/sum_reg[22]
  -------------------------------------------------------------------
                         required time                          7.397    
                         arrival time                          -3.165    
  -------------------------------------------------------------------
                         slack                                  4.232    

Slack (MET) :             4.248ns  (required time - arrival time)
  Source:                 XADC_INST/inst/DCLK
                            (rising edge-triggered cell XADC clocked by clk_out1_clk_wiz_0_1  {rise@0.000ns fall@5.000ns period=10.000ns})
  Destination:            ADC_PROC_XADC/averager/sum_reg[20]/D
                            (rising edge-triggered cell FDRE clocked by clk_out1_clk_wiz_0_1  {rise@0.000ns fall@5.000ns period=10.000ns})
  Path Group:             clk_out1_clk_wiz_0_1
  Path Type:              Setup (Max at Slow Process Corner)
  Requirement:            10.000ns  (clk_out1_clk_wiz_0_1 rise@10.000ns - clk_out1_clk_wiz_0_1 rise@0.000ns)
  Data Path Delay:        5.634ns  (logic 2.919ns (51.811%)  route 2.715ns (48.189%))
  Logic Levels:           8  (CARRY4=6 LUT2=1 LUT4=1)
  Clock Path Skew:        -0.103ns (DCD - SCD + CPR)
    Destination Clock Delay (DCD):    -2.090ns = ( 7.910 - 10.000 ) 
    Source Clock Delay      (SCD):    -2.485ns
    Clock Pessimism Removal (CPR):    -0.498ns
  Clock Uncertainty:      0.077ns  ((TSJ^2 + DJ^2)^1/2) / 2 + PE
    Total System Jitter     (TSJ):    0.071ns
    Discrete Jitter          (DJ):    0.136ns
    Phase Error              (PE):    0.000ns

    Location             Delay type                Incr(ns)  Path(ns)    Netlist Resource(s)
  -------------------------------------------------------------------    -------------------
                         (clock clk_out1_clk_wiz_0_1 rise edge)
                                                      0.000     0.000 r  
    W5                                                0.000     0.000 r  clk_in (IN)
                         net (fo=0)                   0.000     0.000    u_clk_wiz/inst/clk_in1
    W5                   IBUF (Prop_ibuf_I_O)         1.458     1.458 r  u_clk_wiz/inst/clkin1_ibufg/O
                         net (fo=1, routed)           1.253     2.711    u_clk_wiz/inst/clk_in1_clk_wiz_0
    PLLE2_ADV_X1Y0       PLLE2_ADV (Prop_plle2_adv_CLKIN1_CLKOUT0)
                                                     -8.482    -5.770 r  u_clk_wiz/inst/plle2_adv_inst/CLKOUT0
                         net (fo=1, routed)           1.655    -4.115    u_clk_wiz/inst/clk_out1_clk_wiz_0
    BUFGCTRL_X0Y0        BUFG (Prop_bufg_I_O)         0.096    -4.019 r  u_clk_wiz/inst/clkout1_buf/O
                         net (fo=1596, routed)        1.534    -2.485    XADC_INST/dclk_in
    XADC_X0Y0            XADC                                         r  XADC_INST/inst/DCLK
  -------------------------------------------------------------------    -------------------
    XADC_X0Y0            XADC (Prop_xadc_DCLK_DO[0])
                                                      1.214    -1.271 r  XADC_INST/inst/DO[0]
                         net (fo=5, routed)           2.258     0.987    ADC_PROC_XADC/averager/Din[0]
    SLICE_X48Y70         LUT2 (Prop_lut2_I0_O)        0.150     1.137 r  ADC_PROC_XADC/averager/sum[3]_i_4/O
                         net (fo=2, routed)           0.448     1.585    ADC_PROC_XADC/averager/sum[3]_i_4_n_0
    SLICE_X48Y70         LUT4 (Prop_lut4_I3_O)        0.326     1.911 r  ADC_PROC_XADC/averager/sum[3]_i_8/O
                         net (fo=1, routed)           0.000     1.911    ADC_PROC_XADC/averager/sum[3]_i_8_n_0
    SLICE_X48Y70         CARRY4 (Prop_carry4_S[1]_CO[3])
                                                      0.550     2.461 r  ADC_PROC_XADC/averager/sum_reg[3]_i_1/CO[3]
                         net (fo=1, routed)           0.000     2.461    ADC_PROC_XADC/averager/sum_reg[3]_i_1_n_0
    SLICE_X48Y71         CARRY4 (Prop_carry4_CI_CO[3])
                                                      0.114     2.575 r  ADC_PROC_XADC/averager/sum_reg[7]_i_1/CO[3]
                         net (fo=1, routed)           0.000     2.575    ADC_PROC_XADC/averager/sum_reg[7]_i_1_n_0
    SLICE_X48Y72         CARRY4 (Prop_carry4_CI_CO[3])
                                                      0.114     2.689 r  ADC_PROC_XADC/averager/sum_reg[11]_i_1/CO[3]
                         net (fo=1, routed)           0.000     2.689    ADC_PROC_XADC/averager/sum_reg[11]_i_1_n_0
    SLICE_X48Y73         CARRY4 (Prop_carry4_CI_CO[3])
                                                      0.114     2.803 r  ADC_PROC_XADC/averager/sum_reg[15]_i_1/CO[3]
                         net (fo=1, routed)           0.000     2.803    ADC_PROC_XADC/averager/sum_reg[15]_i_1_n_0
    SLICE_X48Y74         CARRY4 (Prop_carry4_CI_CO[3])
                                                      0.114     2.917 r  ADC_PROC_XADC/averager/sum_reg[19]_i_1/CO[3]
                         net (fo=1, routed)           0.009     2.926    ADC_PROC_XADC/averager/sum_reg[19]_i_1_n_0
    SLICE_X48Y75         CARRY4 (Prop_carry4_CI_O[0])
                                                      0.223     3.149 r  ADC_PROC_XADC/averager/sum_reg[23]_i_1/O[0]
                         net (fo=1, routed)           0.000     3.149    ADC_PROC_XADC/averager/sum_reg[23]_i_1_n_7
    SLICE_X48Y75         FDRE                                         r  ADC_PROC_XADC/averager/sum_reg[20]/D
  -------------------------------------------------------------------    -------------------

                         (clock clk_out1_clk_wiz_0_1 rise edge)
                                                     10.000    10.000 r  
    W5                                                0.000    10.000 r  clk_in (IN)
                         net (fo=0)                   0.000    10.000    u_clk_wiz/inst/clk_in1
    W5                   IBUF (Prop_ibuf_I_O)         1.388    11.388 r  u_clk_wiz/inst/clkin1_ibufg/O
                         net (fo=1, routed)           1.181    12.569    u_clk_wiz/inst/clk_in1_clk_wiz_0
    PLLE2_ADV_X1Y0       PLLE2_ADV (Prop_plle2_adv_CLKIN1_CLKOUT0)
                                                     -7.750     4.819 r  u_clk_wiz/inst/plle2_adv_inst/CLKOUT0
                         net (fo=1, routed)           1.576     6.396    u_clk_wiz/inst/clk_out1_clk_wiz_0
    BUFGCTRL_X0Y0        BUFG (Prop_bufg_I_O)         0.091     6.487 r  u_clk_wiz/inst/clkout1_buf/O
                         net (fo=1596, routed)        1.424     7.910    ADC_PROC_XADC/averager/clk
    SLICE_X48Y75         FDRE                                         r  ADC_PROC_XADC/averager/sum_reg[20]/C
                         clock pessimism             -0.498     7.412    
                         clock uncertainty           -0.077     7.335    
    SLICE_X48Y75         FDRE (Setup_fdre_C_D)        0.062     7.397    ADC_PROC_XADC/averager/sum_reg[20]
  -------------------------------------------------------------------
                         required time                          7.397    
                         arrival time                          -3.149    
  -------------------------------------------------------------------
                         slack                                  4.248    

Slack (MET) :             4.260ns  (required time - arrival time)
  Source:                 XADC_INST/inst/DCLK
                            (rising edge-triggered cell XADC clocked by clk_out1_clk_wiz_0_1  {rise@0.000ns fall@5.000ns period=10.000ns})
  Destination:            ADC_PROC_XADC/averager/sum_reg[17]/D
                            (rising edge-triggered cell FDRE clocked by clk_out1_clk_wiz_0_1  {rise@0.000ns fall@5.000ns period=10.000ns})
  Path Group:             clk_out1_clk_wiz_0_1
  Path Type:              Setup (Max at Slow Process Corner)
  Requirement:            10.000ns  (clk_out1_clk_wiz_0_1 rise@10.000ns - clk_out1_clk_wiz_0_1 rise@0.000ns)
  Data Path Delay:        5.622ns  (logic 2.916ns (51.868%)  route 2.706ns (48.132%))
  Logic Levels:           7  (CARRY4=5 LUT2=1 LUT4=1)
  Clock Path Skew:        -0.103ns (DCD - SCD + CPR)
    Destination Clock Delay (DCD):    -2.090ns = ( 7.910 - 10.000 ) 
    Source Clock Delay      (SCD):    -2.485ns
    Clock Pessimism Removal (CPR):    -0.498ns
  Clock Uncertainty:      0.077ns  ((TSJ^2 + DJ^2)^1/2) / 2 + PE
    Total System Jitter     (TSJ):    0.071ns
    Discrete Jitter          (DJ):    0.136ns
    Phase Error              (PE):    0.000ns

    Location             Delay type                Incr(ns)  Path(ns)    Netlist Resource(s)
  -------------------------------------------------------------------    -------------------
                         (clock clk_out1_clk_wiz_0_1 rise edge)
                                                      0.000     0.000 r  
    W5                                                0.000     0.000 r  clk_in (IN)
                         net (fo=0)                   0.000     0.000    u_clk_wiz/inst/clk_in1
    W5                   IBUF (Prop_ibuf_I_O)         1.458     1.458 r  u_clk_wiz/inst/clkin1_ibufg/O
                         net (fo=1, routed)           1.253     2.711    u_clk_wiz/inst/clk_in1_clk_wiz_0
    PLLE2_ADV_X1Y0       PLLE2_ADV (Prop_plle2_adv_CLKIN1_CLKOUT0)
                                                     -8.482    -5.770 r  u_clk_wiz/inst/plle2_adv_inst/CLKOUT0
                         net (fo=1, routed)           1.655    -4.115    u_clk_wiz/inst/clk_out1_clk_wiz_0
    BUFGCTRL_X0Y0        BUFG (Prop_bufg_I_O)         0.096    -4.019 r  u_clk_wiz/inst/clkout1_buf/O
                         net (fo=1596, routed)        1.534    -2.485    XADC_INST/dclk_in
    XADC_X0Y0            XADC                                         r  XADC_INST/inst/DCLK
  -------------------------------------------------------------------    -------------------
    XADC_X0Y0            XADC (Prop_xadc_DCLK_DO[0])
                                                      1.214    -1.271 r  XADC_INST/inst/DO[0]
                         net (fo=5, routed)           2.258     0.987    ADC_PROC_XADC/averager/Din[0]
    SLICE_X48Y70         LUT2 (Prop_lut2_I0_O)        0.150     1.137 r  ADC_PROC_XADC/averager/sum[3]_i_4/O
                         net (fo=2, routed)           0.448     1.585    ADC_PROC_XADC/averager/sum[3]_i_4_n_0
    SLICE_X48Y70         LUT4 (Prop_lut4_I3_O)        0.326     1.911 r  ADC_PROC_XADC/averager/sum[3]_i_8/O
                         net (fo=1, routed)           0.000     1.911    ADC_PROC_XADC/averager/sum[3]_i_8_n_0
    SLICE_X48Y70         CARRY4 (Prop_carry4_S[1]_CO[3])
                                                      0.550     2.461 r  ADC_PROC_XADC/averager/sum_reg[3]_i_1/CO[3]
                         net (fo=1, routed)           0.000     2.461    ADC_PROC_XADC/averager/sum_reg[3]_i_1_n_0
    SLICE_X48Y71         CARRY4 (Prop_carry4_CI_CO[3])
                                                      0.114     2.575 r  ADC_PROC_XADC/averager/sum_reg[7]_i_1/CO[3]
                         net (fo=1, routed)           0.000     2.575    ADC_PROC_XADC/averager/sum_reg[7]_i_1_n_0
    SLICE_X48Y72         CARRY4 (Prop_carry4_CI_CO[3])
                                                      0.114     2.689 r  ADC_PROC_XADC/averager/sum_reg[11]_i_1/CO[3]
                         net (fo=1, routed)           0.000     2.689    ADC_PROC_XADC/averager/sum_reg[11]_i_1_n_0
    SLICE_X48Y73         CARRY4 (Prop_carry4_CI_CO[3])
                                                      0.114     2.803 r  ADC_PROC_XADC/averager/sum_reg[15]_i_1/CO[3]
                         net (fo=1, routed)           0.000     2.803    ADC_PROC_XADC/averager/sum_reg[15]_i_1_n_0
    SLICE_X48Y74         CARRY4 (Prop_carry4_CI_O[1])
                                                      0.334     3.137 r  ADC_PROC_XADC/averager/sum_reg[19]_i_1/O[1]
                         net (fo=1, routed)           0.000     3.137    ADC_PROC_XADC/averager/sum_reg[19]_i_1_n_6
    SLICE_X48Y74         FDRE                                         r  ADC_PROC_XADC/averager/sum_reg[17]/D
  -------------------------------------------------------------------    -------------------

                         (clock clk_out1_clk_wiz_0_1 rise edge)
                                                     10.000    10.000 r  
    W5                                                0.000    10.000 r  clk_in (IN)
                         net (fo=0)                   0.000    10.000    u_clk_wiz/inst/clk_in1
    W5                   IBUF (Prop_ibuf_I_O)         1.388    11.388 r  u_clk_wiz/inst/clkin1_ibufg/O
                         net (fo=1, routed)           1.181    12.569    u_clk_wiz/inst/clk_in1_clk_wiz_0
    PLLE2_ADV_X1Y0       PLLE2_ADV (Prop_plle2_adv_CLKIN1_CLKOUT0)
                                                     -7.750     4.819 r  u_clk_wiz/inst/plle2_adv_inst/CLKOUT0
                         net (fo=1, routed)           1.576     6.396    u_clk_wiz/inst/clk_out1_clk_wiz_0
    BUFGCTRL_X0Y0        BUFG (Prop_bufg_I_O)         0.091     6.487 r  u_clk_wiz/inst/clkout1_buf/O
                         net (fo=1596, routed)        1.424     7.910    ADC_PROC_XADC/averager/clk
    SLICE_X48Y74         FDRE                                         r  ADC_PROC_XADC/averager/sum_reg[17]/C
                         clock pessimism             -0.498     7.412    
                         clock uncertainty           -0.077     7.335    
    SLICE_X48Y74         FDRE (Setup_fdre_C_D)        0.062     7.397    ADC_PROC_XADC/averager/sum_reg[17]
  -------------------------------------------------------------------
                         required time                          7.397    
                         arrival time                          -3.137    
  -------------------------------------------------------------------
                         slack                                  4.260    

Slack (MET) :             4.281ns  (required time - arrival time)
  Source:                 XADC_INST/inst/DCLK
                            (rising edge-triggered cell XADC clocked by clk_out1_clk_wiz_0_1  {rise@0.000ns fall@5.000ns period=10.000ns})
  Destination:            ADC_PROC_XADC/averager/sum_reg[19]/D
                            (rising edge-triggered cell FDRE clocked by clk_out1_clk_wiz_0_1  {rise@0.000ns fall@5.000ns period=10.000ns})
  Path Group:             clk_out1_clk_wiz_0_1
  Path Type:              Setup (Max at Slow Process Corner)
  Requirement:            10.000ns  (clk_out1_clk_wiz_0_1 rise@10.000ns - clk_out1_clk_wiz_0_1 rise@0.000ns)
  Data Path Delay:        5.601ns  (logic 2.895ns (51.688%)  route 2.706ns (48.312%))
  Logic Levels:           7  (CARRY4=5 LUT2=1 LUT4=1)
  Clock Path Skew:        -0.103ns (DCD - SCD + CPR)
    Destination Clock Delay (DCD):    -2.090ns = ( 7.910 - 10.000 ) 
    Source Clock Delay      (SCD):    -2.485ns
    Clock Pessimism Removal (CPR):    -0.498ns
  Clock Uncertainty:      0.077ns  ((TSJ^2 + DJ^2)^1/2) / 2 + PE
    Total System Jitter     (TSJ):    0.071ns
    Discrete Jitter          (DJ):    0.136ns
    Phase Error              (PE):    0.000ns

    Location             Delay type                Incr(ns)  Path(ns)    Netlist Resource(s)
  -------------------------------------------------------------------    -------------------
                         (clock clk_out1_clk_wiz_0_1 rise edge)
                                                      0.000     0.000 r  
    W5                                                0.000     0.000 r  clk_in (IN)
                         net (fo=0)                   0.000     0.000    u_clk_wiz/inst/clk_in1
    W5                   IBUF (Prop_ibuf_I_O)         1.458     1.458 r  u_clk_wiz/inst/clkin1_ibufg/O
                         net (fo=1, routed)           1.253     2.711    u_clk_wiz/inst/clk_in1_clk_wiz_0
    PLLE2_ADV_X1Y0       PLLE2_ADV (Prop_plle2_adv_CLKIN1_CLKOUT0)
                                                     -8.482    -5.770 r  u_clk_wiz/inst/plle2_adv_inst/CLKOUT0
                         net (fo=1, routed)           1.655    -4.115    u_clk_wiz/inst/clk_out1_clk_wiz_0
    BUFGCTRL_X0Y0        BUFG (Prop_bufg_I_O)         0.096    -4.019 r  u_clk_wiz/inst/clkout1_buf/O
                         net (fo=1596, routed)        1.534    -2.485    XADC_INST/dclk_in
    XADC_X0Y0            XADC                                         r  XADC_INST/inst/DCLK
  -------------------------------------------------------------------    -------------------
    XADC_X0Y0            XADC (Prop_xadc_DCLK_DO[0])
                                                      1.214    -1.271 r  XADC_INST/inst/DO[0]
                         net (fo=5, routed)           2.258     0.987    ADC_PROC_XADC/averager/Din[0]
    SLICE_X48Y70         LUT2 (Prop_lut2_I0_O)        0.150     1.137 r  ADC_PROC_XADC/averager/sum[3]_i_4/O
                         net (fo=2, routed)           0.448     1.585    ADC_PROC_XADC/averager/sum[3]_i_4_n_0
    SLICE_X48Y70         LUT4 (Prop_lut4_I3_O)        0.326     1.911 r  ADC_PROC_XADC/averager/sum[3]_i_8/O
                         net (fo=1, routed)           0.000     1.911    ADC_PROC_XADC/averager/sum[3]_i_8_n_0
    SLICE_X48Y70         CARRY4 (Prop_carry4_S[1]_CO[3])
                                                      0.550     2.461 r  ADC_PROC_XADC/averager/sum_reg[3]_i_1/CO[3]
                         net (fo=1, routed)           0.000     2.461    ADC_PROC_XADC/averager/sum_reg[3]_i_1_n_0
    SLICE_X48Y71         CARRY4 (Prop_carry4_CI_CO[3])
                                                      0.114     2.575 r  ADC_PROC_XADC/averager/sum_reg[7]_i_1/CO[3]
                         net (fo=1, routed)           0.000     2.575    ADC_PROC_XADC/averager/sum_reg[7]_i_1_n_0
    SLICE_X48Y72         CARRY4 (Prop_carry4_CI_CO[3])
                                                      0.114     2.689 r  ADC_PROC_XADC/averager/sum_reg[11]_i_1/CO[3]
                         net (fo=1, routed)           0.000     2.689    ADC_PROC_XADC/averager/sum_reg[11]_i_1_n_0
    SLICE_X48Y73         CARRY4 (Prop_carry4_CI_CO[3])
                                                      0.114     2.803 r  ADC_PROC_XADC/averager/sum_reg[15]_i_1/CO[3]
                         net (fo=1, routed)           0.000     2.803    ADC_PROC_XADC/averager/sum_reg[15]_i_1_n_0
    SLICE_X48Y74         CARRY4 (Prop_carry4_CI_O[3])
                                                      0.313     3.116 r  ADC_PROC_XADC/averager/sum_reg[19]_i_1/O[3]
                         net (fo=1, routed)           0.000     3.116    ADC_PROC_XADC/averager/sum_reg[19]_i_1_n_4
    SLICE_X48Y74         FDRE                                         r  ADC_PROC_XADC/averager/sum_reg[19]/D
  -------------------------------------------------------------------    -------------------

                         (clock clk_out1_clk_wiz_0_1 rise edge)
                                                     10.000    10.000 r  
    W5                                                0.000    10.000 r  clk_in (IN)
                         net (fo=0)                   0.000    10.000    u_clk_wiz/inst/clk_in1
    W5                   IBUF (Prop_ibuf_I_O)         1.388    11.388 r  u_clk_wiz/inst/clkin1_ibufg/O
                         net (fo=1, routed)           1.181    12.569    u_clk_wiz/inst/clk_in1_clk_wiz_0
    PLLE2_ADV_X1Y0       PLLE2_ADV (Prop_plle2_adv_CLKIN1_CLKOUT0)
                                                     -7.750     4.819 r  u_clk_wiz/inst/plle2_adv_inst/CLKOUT0
                         net (fo=1, routed)           1.576     6.396    u_clk_wiz/inst/clk_out1_clk_wiz_0
    BUFGCTRL_X0Y0        BUFG (Prop_bufg_I_O)         0.091     6.487 r  u_clk_wiz/inst/clkout1_buf/O
                         net (fo=1596, routed)        1.424     7.910    ADC_PROC_XADC/averager/clk
    SLICE_X48Y74         FDRE                                         r  ADC_PROC_XADC/averager/sum_reg[19]/C
                         clock pessimism             -0.498     7.412    
                         clock uncertainty           -0.077     7.335    
    SLICE_X48Y74         FDRE (Setup_fdre_C_D)        0.062     7.397    ADC_PROC_XADC/averager/sum_reg[19]
  -------------------------------------------------------------------
                         required time                          7.397    
                         arrival time                          -3.116    
  -------------------------------------------------------------------
                         slack                                  4.281    

Slack (MET) :             4.298ns  (required time - arrival time)
  Source:                 INPUT_SYNC/out2_reg[0]/C
                            (rising edge-triggered cell FDRE clocked by clk_out1_clk_wiz_0_1  {rise@0.000ns fall@5.000ns period=10.000ns})
  Destination:            AUTO_CAL/offset_reg_reg[14]/D
                            (rising edge-triggered cell FDRE clocked by clk_out1_clk_wiz_0_1  {rise@0.000ns fall@5.000ns period=10.000ns})
  Path Group:             clk_out1_clk_wiz_0_1
  Path Type:              Setup (Max at Slow Process Corner)
  Requirement:            10.000ns  (clk_out1_clk_wiz_0_1 rise@10.000ns - clk_out1_clk_wiz_0_1 rise@0.000ns)
  Data Path Delay:        5.613ns  (logic 1.538ns (27.400%)  route 4.075ns (72.600%))
  Logic Levels:           4  (CARRY4=2 LUT2=1 LUT4=1)
  Clock Path Skew:        -0.121ns (DCD - SCD + CPR)
    Destination Clock Delay (DCD):    -2.089ns = ( 7.911 - 10.000 ) 
    Source Clock Delay      (SCD):    -2.395ns
    Clock Pessimism Removal (CPR):    -0.427ns
  Clock Uncertainty:      0.077ns  ((TSJ^2 + DJ^2)^1/2) / 2 + PE
    Total System Jitter     (TSJ):    0.071ns
    Discrete Jitter          (DJ):    0.136ns
    Phase Error              (PE):    0.000ns

    Location             Delay type                Incr(ns)  Path(ns)    Netlist Resource(s)
  -------------------------------------------------------------------    -------------------
                         (clock clk_out1_clk_wiz_0_1 rise edge)
                                                      0.000     0.000 r  
    W5                                                0.000     0.000 r  clk_in (IN)
                         net (fo=0)                   0.000     0.000    u_clk_wiz/inst/clk_in1
    W5                   IBUF (Prop_ibuf_I_O)         1.458     1.458 r  u_clk_wiz/inst/clkin1_ibufg/O
                         net (fo=1, routed)           1.253     2.711    u_clk_wiz/inst/clk_in1_clk_wiz_0
    PLLE2_ADV_X1Y0       PLLE2_ADV (Prop_plle2_adv_CLKIN1_CLKOUT0)
                                                     -8.482    -5.770 r  u_clk_wiz/inst/plle2_adv_inst/CLKOUT0
                         net (fo=1, routed)           1.655    -4.115    u_clk_wiz/inst/clk_out1_clk_wiz_0
    BUFGCTRL_X0Y0        BUFG (Prop_bufg_I_O)         0.096    -4.019 r  u_clk_wiz/inst/clkout1_buf/O
                         net (fo=1596, routed)        1.624    -2.395    INPUT_SYNC/clk
    SLICE_X64Y60         FDRE                                         r  INPUT_SYNC/out2_reg[0]/C
  -------------------------------------------------------------------    -------------------
    SLICE_X64Y60         FDRE (Prop_fdre_C_Q)         0.518    -1.877 r  INPUT_SYNC/out2_reg[0]/Q
                         net (fo=54, routed)          3.550     1.673    AVE_DATA_EN/mode_select[0]
    SLICE_X53Y74         LUT4 (Prop_lut4_I1_O)        0.124     1.797 r  AVE_DATA_EN/data[9]_INST_0/O
                         net (fo=5, routed)           0.517     2.313    AUTO_CAL/ave_data[9]
    SLICE_X50Y74         LUT2 (Prop_lut2_I1_O)        0.124     2.437 r  AUTO_CAL/offset_reg[11]_i_4/O
                         net (fo=1, routed)           0.000     2.437    AUTO_CAL/offset_reg[11]_i_4_n_0
    SLICE_X50Y74         CARRY4 (Prop_carry4_S[1]_CO[3])
                                                      0.533     2.970 r  AUTO_CAL/offset_reg_reg[11]_i_1/CO[3]
                         net (fo=1, routed)           0.009     2.979    AUTO_CAL/offset_reg_reg[11]_i_1_n_0
    SLICE_X50Y75         CARRY4 (Prop_carry4_CI_O[2])
                                                      0.239     3.218 r  AUTO_CAL/offset_reg_reg[15]_i_1/O[2]
                         net (fo=1, routed)           0.000     3.218    AUTO_CAL/offset_reg_reg[15]_i_1_n_5
    SLICE_X50Y75         FDRE                                         r  AUTO_CAL/offset_reg_reg[14]/D
  -------------------------------------------------------------------    -------------------

                         (clock clk_out1_clk_wiz_0_1 rise edge)
                                                     10.000    10.000 r  
    W5                                                0.000    10.000 r  clk_in (IN)
                         net (fo=0)                   0.000    10.000    u_clk_wiz/inst/clk_in1
    W5                   IBUF (Prop_ibuf_I_O)         1.388    11.388 r  u_clk_wiz/inst/clkin1_ibufg/O
                         net (fo=1, routed)           1.181    12.569    u_clk_wiz/inst/clk_in1_clk_wiz_0
    PLLE2_ADV_X1Y0       PLLE2_ADV (Prop_plle2_adv_CLKIN1_CLKOUT0)
                                                     -7.750     4.819 r  u_clk_wiz/inst/plle2_adv_inst/CLKOUT0
                         net (fo=1, routed)           1.576     6.396    u_clk_wiz/inst/clk_out1_clk_wiz_0
    BUFGCTRL_X0Y0        BUFG (Prop_bufg_I_O)         0.091     6.487 r  u_clk_wiz/inst/clkout1_buf/O
                         net (fo=1596, routed)        1.425     7.911    AUTO_CAL/clk
    SLICE_X50Y75         FDRE                                         r  AUTO_CAL/offset_reg_reg[14]/C
                         clock pessimism             -0.427     7.484    
                         clock uncertainty           -0.077     7.408    
    SLICE_X50Y75         FDRE (Setup_fdre_C_D)        0.109     7.517    AUTO_CAL/offset_reg_reg[14]
  -------------------------------------------------------------------
                         required time                          7.517    
                         arrival time                          -3.218    
  -------------------------------------------------------------------
                         slack                                  4.298    





Min Delay Paths
--------------------------------------------------------------------------------------
Slack (MET) :             0.125ns  (arrival time - required time)
  Source:                 PWM_ADC_SUBSYSTEM/captured_duty_cycle_reg[15]/C
                            (rising edge-triggered cell FDRE clocked by clk_out1_clk_wiz_0_1  {rise@0.000ns fall@5.000ns period=10.000ns})
  Destination:            ADC_PROC_PWM/averager/REG_ARRAY_reg[32][15]_srl32___REG_ARRAY_reg_r_285/D
                            (rising edge-triggered cell SRLC32E clocked by clk_out1_clk_wiz_0_1  {rise@0.000ns fall@5.000ns period=10.000ns})
  Path Group:             clk_out1_clk_wiz_0_1
  Path Type:              Hold (Min at Fast Process Corner)
  Requirement:            0.000ns  (clk_out1_clk_wiz_0_1 rise@0.000ns - clk_out1_clk_wiz_0_1 rise@0.000ns)
  Data Path Delay:        0.321ns  (logic 0.141ns (43.861%)  route 0.180ns (56.139%))
  Logic Levels:           0  
  Clock Path Skew:        0.013ns (DCD - SCD - CPR)
    Destination Clock Delay (DCD):    -0.322ns
    Source Clock Delay      (SCD):    -0.549ns
    Clock Pessimism Removal (CPR):    0.214ns

    Location             Delay type                Incr(ns)  Path(ns)    Netlist Resource(s)
  -------------------------------------------------------------------    -------------------
                         (clock clk_out1_clk_wiz_0_1 rise edge)
                                                      0.000     0.000 r  
    W5                                                0.000     0.000 r  clk_in (IN)
                         net (fo=0)                   0.000     0.000    u_clk_wiz/inst/clk_in1
    W5                   IBUF (Prop_ibuf_I_O)         0.226     0.226 r  u_clk_wiz/inst/clkin1_ibufg/O
                         net (fo=1, routed)           0.440     0.667    u_clk_wiz/inst/clk_in1_clk_wiz_0
    PLLE2_ADV_X1Y0       PLLE2_ADV (Prop_plle2_adv_CLKIN1_CLKOUT0)
                                                     -2.322    -1.656 r  u_clk_wiz/inst/plle2_adv_inst/CLKOUT0
                         net (fo=1, routed)           0.501    -1.155    u_clk_wiz/inst/clk_out1_clk_wiz_0
    BUFGCTRL_X0Y0        BUFG (Prop_bufg_I_O)         0.026    -1.129 r  u_clk_wiz/inst/clkout1_buf/O
                         net (fo=1596, routed)        0.580    -0.549    PWM_ADC_SUBSYSTEM/clk
    SLICE_X59Y73         FDRE                                         r  PWM_ADC_SUBSYSTEM/captured_duty_cycle_reg[15]/C
  -------------------------------------------------------------------    -------------------
    SLICE_X59Y73         FDRE (Prop_fdre_C_Q)         0.141    -0.408 r  PWM_ADC_SUBSYSTEM/captured_duty_cycle_reg[15]/Q
                         net (fo=5, routed)           0.180    -0.228    ADC_PROC_PWM/averager/Din[15]
    SLICE_X60Y73         SRLC32E                                      r  ADC_PROC_PWM/averager/REG_ARRAY_reg[32][15]_srl32___REG_ARRAY_reg_r_285/D
  -------------------------------------------------------------------    -------------------

                         (clock clk_out1_clk_wiz_0_1 rise edge)
                                                      0.000     0.000 r  
    W5                                                0.000     0.000 r  clk_in (IN)
                         net (fo=0)                   0.000     0.000    u_clk_wiz/inst/clk_in1
    W5                   IBUF (Prop_ibuf_I_O)         0.414     0.414 r  u_clk_wiz/inst/clkin1_ibufg/O
                         net (fo=1, routed)           0.481     0.895    u_clk_wiz/inst/clk_in1_clk_wiz_0
    PLLE2_ADV_X1Y0       PLLE2_ADV (Prop_plle2_adv_CLKIN1_CLKOUT0)
                                                     -2.638    -1.743 r  u_clk_wiz/inst/plle2_adv_inst/CLKOUT0
                         net (fo=1, routed)           0.546    -1.197    u_clk_wiz/inst/clk_out1_clk_wiz_0
    BUFGCTRL_X0Y0        BUFG (Prop_bufg_I_O)         0.029    -1.168 r  u_clk_wiz/inst/clkout1_buf/O
                         net (fo=1596, routed)        0.846    -0.322    ADC_PROC_PWM/averager/clk
    SLICE_X60Y73         SRLC32E                                      r  ADC_PROC_PWM/averager/REG_ARRAY_reg[32][15]_srl32___REG_ARRAY_reg_r_285/CLK
                         clock pessimism             -0.214    -0.536    
    SLICE_X60Y73         SRLC32E (Hold_srlc32e_CLK_D)
                                                      0.183    -0.353    ADC_PROC_PWM/averager/REG_ARRAY_reg[32][15]_srl32___REG_ARRAY_reg_r_285
  -------------------------------------------------------------------
                         required time                          0.353    
                         arrival time                          -0.228    
  -------------------------------------------------------------------
                         slack                                  0.125    

Slack (MET) :             0.135ns  (arrival time - required time)
  Source:                 SAR_ADC_SUBSYSTEM/result_reg[4]/C
                            (rising edge-triggered cell FDRE clocked by clk_out1_clk_wiz_0_1  {rise@0.000ns fall@5.000ns period=10.000ns})
  Destination:            SAR_PROC/averager/REG_ARRAY_reg[32][4]_srl32___REG_ARRAY_reg_r_667/D
                            (rising edge-triggered cell SRLC32E clocked by clk_out1_clk_wiz_0_1  {rise@0.000ns fall@5.000ns period=10.000ns})
  Path Group:             clk_out1_clk_wiz_0_1
  Path Type:              Hold (Min at Fast Process Corner)
  Requirement:            0.000ns  (clk_out1_clk_wiz_0_1 rise@0.000ns - clk_out1_clk_wiz_0_1 rise@0.000ns)
  Data Path Delay:        0.334ns  (logic 0.141ns (42.192%)  route 0.193ns (57.808%))
  Logic Levels:           0  
  Clock Path Skew:        0.016ns (DCD - SCD - CPR)
    Destination Clock Delay (DCD):    -0.313ns
    Source Clock Delay      (SCD):    -0.543ns
    Clock Pessimism Removal (CPR):    0.214ns

    Location             Delay type                Incr(ns)  Path(ns)    Netlist Resource(s)
  -------------------------------------------------------------------    -------------------
                         (clock clk_out1_clk_wiz_0_1 rise edge)
                                                      0.000     0.000 r  
    W5                                                0.000     0.000 r  clk_in (IN)
                         net (fo=0)                   0.000     0.000    u_clk_wiz/inst/clk_in1
    W5                   IBUF (Prop_ibuf_I_O)         0.226     0.226 r  u_clk_wiz/inst/clkin1_ibufg/O
                         net (fo=1, routed)           0.440     0.667    u_clk_wiz/inst/clk_in1_clk_wiz_0
    PLLE2_ADV_X1Y0       PLLE2_ADV (Prop_plle2_adv_CLKIN1_CLKOUT0)
                                                     -2.322    -1.656 r  u_clk_wiz/inst/plle2_adv_inst/CLKOUT0
                         net (fo=1, routed)           0.501    -1.155    u_clk_wiz/inst/clk_out1_clk_wiz_0
    BUFGCTRL_X0Y0        BUFG (Prop_bufg_I_O)         0.026    -1.129 r  u_clk_wiz/inst/clkout1_buf/O
                         net (fo=1596, routed)        0.586    -0.543    SAR_ADC_SUBSYSTEM/clk
    SLICE_X61Y67         FDRE                                         r  SAR_ADC_SUBSYSTEM/result_reg[4]/C
  -------------------------------------------------------------------    -------------------
    SLICE_X61Y67         FDRE (Prop_fdre_C_Q)         0.141    -0.402 r  SAR_ADC_SUBSYSTEM/result_reg[4]/Q
                         net (fo=6, routed)           0.193    -0.209    SAR_PROC/averager/Din[4]
    SLICE_X60Y65         SRLC32E                                      r  SAR_PROC/averager/REG_ARRAY_reg[32][4]_srl32___REG_ARRAY_reg_r_667/D
  -------------------------------------------------------------------    -------------------

                         (clock clk_out1_clk_wiz_0_1 rise edge)
                                                      0.000     0.000 r  
    W5                                                0.000     0.000 r  clk_in (IN)
                         net (fo=0)                   0.000     0.000    u_clk_wiz/inst/clk_in1
    W5                   IBUF (Prop_ibuf_I_O)         0.414     0.414 r  u_clk_wiz/inst/clkin1_ibufg/O
                         net (fo=1, routed)           0.481     0.895    u_clk_wiz/inst/clk_in1_clk_wiz_0
    PLLE2_ADV_X1Y0       PLLE2_ADV (Prop_plle2_adv_CLKIN1_CLKOUT0)
                                                     -2.638    -1.743 r  u_clk_wiz/inst/plle2_adv_inst/CLKOUT0
                         net (fo=1, routed)           0.546    -1.197    u_clk_wiz/inst/clk_out1_clk_wiz_0
    BUFGCTRL_X0Y0        BUFG (Prop_bufg_I_O)         0.029    -1.168 r  u_clk_wiz/inst/clkout1_buf/O
                         net (fo=1596, routed)        0.855    -0.313    SAR_PROC/averager/clk
    SLICE_X60Y65         SRLC32E                                      r  SAR_PROC/averager/REG_ARRAY_reg[32][4]_srl32___REG_ARRAY_reg_r_667/CLK
                         clock pessimism             -0.214    -0.527    
    SLICE_X60Y65         SRLC32E (Hold_srlc32e_CLK_D)
                                                      0.183    -0.344    SAR_PROC/averager/REG_ARRAY_reg[32][4]_srl32___REG_ARRAY_reg_r_667
  -------------------------------------------------------------------
                         required time                          0.344    
                         arrival time                          -0.209    
  -------------------------------------------------------------------
                         slack                                  0.135    

Slack (MET) :             0.138ns  (arrival time - required time)
  Source:                 R2R_ADC_SUBSYSTEM/r2r_captured_duty_cycle_reg[5]/C
                            (rising edge-triggered cell FDRE clocked by clk_out1_clk_wiz_0_1  {rise@0.000ns fall@5.000ns period=10.000ns})
  Destination:            ADC_PROC_R2R/averager/REG_ARRAY_reg[32][5]_srl32___REG_ARRAY_reg_r_540/D
                            (rising edge-triggered cell SRLC32E clocked by clk_out1_clk_wiz_0_1  {rise@0.000ns fall@5.000ns period=10.000ns})
  Path Group:             clk_out1_clk_wiz_0_1
  Path Type:              Hold (Min at Fast Process Corner)
  Requirement:            0.000ns  (clk_out1_clk_wiz_0_1 rise@0.000ns - clk_out1_clk_wiz_0_1 rise@0.000ns)
  Data Path Delay:        0.356ns  (logic 0.141ns (39.623%)  route 0.215ns (60.377%))
  Logic Levels:           0  
  Clock Path Skew:        0.035ns (DCD - SCD - CPR)
    Destination Clock Delay (DCD):    -0.317ns
    Source Clock Delay      (SCD):    -0.546ns
    Clock Pessimism Removal (CPR):    0.194ns

    Location             Delay type                Incr(ns)  Path(ns)    Netlist Resource(s)
  -------------------------------------------------------------------    -------------------
                         (clock clk_out1_clk_wiz_0_1 rise edge)
                                                      0.000     0.000 r  
    W5                                                0.000     0.000 r  clk_in (IN)
                         net (fo=0)                   0.000     0.000    u_clk_wiz/inst/clk_in1
    W5                   IBUF (Prop_ibuf_I_O)         0.226     0.226 r  u_clk_wiz/inst/clkin1_ibufg/O
                         net (fo=1, routed)           0.440     0.667    u_clk_wiz/inst/clk_in1_clk_wiz_0
    PLLE2_ADV_X1Y0       PLLE2_ADV (Prop_plle2_adv_CLKIN1_CLKOUT0)
                                                     -2.322    -1.656 r  u_clk_wiz/inst/plle2_adv_inst/CLKOUT0
                         net (fo=1, routed)           0.501    -1.155    u_clk_wiz/inst/clk_out1_clk_wiz_0
    BUFGCTRL_X0Y0        BUFG (Prop_bufg_I_O)         0.026    -1.129 r  u_clk_wiz/inst/clkout1_buf/O
                         net (fo=1596, routed)        0.583    -0.546    R2R_ADC_SUBSYSTEM/clk
    SLICE_X62Y71         FDRE                                         r  R2R_ADC_SUBSYSTEM/r2r_captured_duty_cycle_reg[5]/C
  -------------------------------------------------------------------    -------------------
    SLICE_X62Y71         FDRE (Prop_fdre_C_Q)         0.141    -0.405 r  R2R_ADC_SUBSYSTEM/r2r_captured_duty_cycle_reg[5]/Q
                         net (fo=4, routed)           0.215    -0.190    ADC_PROC_R2R/averager/Din[5]
    SLICE_X60Y69         SRLC32E                                      r  ADC_PROC_R2R/averager/REG_ARRAY_reg[32][5]_srl32___REG_ARRAY_reg_r_540/D
  -------------------------------------------------------------------    -------------------

                         (clock clk_out1_clk_wiz_0_1 rise edge)
                                                      0.000     0.000 r  
    W5                                                0.000     0.000 r  clk_in (IN)
                         net (fo=0)                   0.000     0.000    u_clk_wiz/inst/clk_in1
    W5                   IBUF (Prop_ibuf_I_O)         0.414     0.414 r  u_clk_wiz/inst/clkin1_ibufg/O
                         net (fo=1, routed)           0.481     0.895    u_clk_wiz/inst/clk_in1_clk_wiz_0
    PLLE2_ADV_X1Y0       PLLE2_ADV (Prop_plle2_adv_CLKIN1_CLKOUT0)
                                                     -2.638    -1.743 r  u_clk_wiz/inst/plle2_adv_inst/CLKOUT0
                         net (fo=1, routed)           0.546    -1.197    u_clk_wiz/inst/clk_out1_clk_wiz_0
    BUFGCTRL_X0Y0        BUFG (Prop_bufg_I_O)         0.029    -1.168 r  u_clk_wiz/inst/clkout1_buf/O
                         net (fo=1596, routed)        0.851    -0.317    ADC_PROC_R2R/averager/clk
    SLICE_X60Y69         SRLC32E                                      r  ADC_PROC_R2R/averager/REG_ARRAY_reg[32][5]_srl32___REG_ARRAY_reg_r_540/CLK
                         clock pessimism             -0.194    -0.511    
    SLICE_X60Y69         SRLC32E (Hold_srlc32e_CLK_D)
                                                      0.183    -0.328    ADC_PROC_R2R/averager/REG_ARRAY_reg[32][5]_srl32___REG_ARRAY_reg_r_540
  -------------------------------------------------------------------
                         required time                          0.328    
                         arrival time                          -0.190    
  -------------------------------------------------------------------
                         slack                                  0.138    

Slack (MET) :             0.140ns  (arrival time - required time)
  Source:                 ADC_PROC_XADC/averager/REG_ARRAY_reg_r_29/C
                            (rising edge-triggered cell FDRE clocked by clk_out1_clk_wiz_0_1  {rise@0.000ns fall@5.000ns period=10.000ns})
  Destination:            ADC_PROC_XADC/averager/REG_ARRAY_reg_r_30/D
                            (rising edge-triggered cell FDRE clocked by clk_out1_clk_wiz_0_1  {rise@0.000ns fall@5.000ns period=10.000ns})
  Path Group:             clk_out1_clk_wiz_0_1
  Path Type:              Hold (Min at Fast Process Corner)
  Requirement:            0.000ns  (clk_out1_clk_wiz_0_1 rise@0.000ns - clk_out1_clk_wiz_0_1 rise@0.000ns)
  Data Path Delay:        0.199ns  (logic 0.141ns (70.682%)  route 0.058ns (29.318%))
  Logic Levels:           0  
  Clock Path Skew:        0.013ns (DCD - SCD - CPR)
    Destination Clock Delay (DCD):    -0.342ns
    Source Clock Delay      (SCD):    -0.571ns
    Clock Pessimism Removal (CPR):    0.216ns

    Location             Delay type                Incr(ns)  Path(ns)    Netlist Resource(s)
  -------------------------------------------------------------------    -------------------
                         (clock clk_out1_clk_wiz_0_1 rise edge)
                                                      0.000     0.000 r  
    W5                                                0.000     0.000 r  clk_in (IN)
                         net (fo=0)                   0.000     0.000    u_clk_wiz/inst/clk_in1
    W5                   IBUF (Prop_ibuf_I_O)         0.226     0.226 r  u_clk_wiz/inst/clkin1_ibufg/O
                         net (fo=1, routed)           0.440     0.667    u_clk_wiz/inst/clk_in1_clk_wiz_0
    PLLE2_ADV_X1Y0       PLLE2_ADV (Prop_plle2_adv_CLKIN1_CLKOUT0)
                                                     -2.322    -1.656 r  u_clk_wiz/inst/plle2_adv_inst/CLKOUT0
                         net (fo=1, routed)           0.501    -1.155    u_clk_wiz/inst/clk_out1_clk_wiz_0
    BUFGCTRL_X0Y0        BUFG (Prop_bufg_I_O)         0.026    -1.129 r  u_clk_wiz/inst/clkout1_buf/O
                         net (fo=1596, routed)        0.558    -0.571    ADC_PROC_XADC/averager/clk
    SLICE_X29Y62         FDRE                                         r  ADC_PROC_XADC/averager/REG_ARRAY_reg_r_29/C
  -------------------------------------------------------------------    -------------------
    SLICE_X29Y62         FDRE (Prop_fdre_C_Q)         0.141    -0.430 r  ADC_PROC_XADC/averager/REG_ARRAY_reg_r_29/Q
                         net (fo=1, routed)           0.058    -0.372    ADC_PROC_XADC/averager/REG_ARRAY_reg_r_29_n_0
    SLICE_X28Y62         FDRE                                         r  ADC_PROC_XADC/averager/REG_ARRAY_reg_r_30/D
  -------------------------------------------------------------------    -------------------

                         (clock clk_out1_clk_wiz_0_1 rise edge)
                                                      0.000     0.000 r  
    W5                                                0.000     0.000 r  clk_in (IN)
                         net (fo=0)                   0.000     0.000    u_clk_wiz/inst/clk_in1
    W5                   IBUF (Prop_ibuf_I_O)         0.414     0.414 r  u_clk_wiz/inst/clkin1_ibufg/O
                         net (fo=1, routed)           0.481     0.895    u_clk_wiz/inst/clk_in1_clk_wiz_0
    PLLE2_ADV_X1Y0       PLLE2_ADV (Prop_plle2_adv_CLKIN1_CLKOUT0)
                                                     -2.638    -1.743 r  u_clk_wiz/inst/plle2_adv_inst/CLKOUT0
                         net (fo=1, routed)           0.546    -1.197    u_clk_wiz/inst/clk_out1_clk_wiz_0
    BUFGCTRL_X0Y0        BUFG (Prop_bufg_I_O)         0.029    -1.168 r  u_clk_wiz/inst/clkout1_buf/O
                         net (fo=1596, routed)        0.827    -0.342    ADC_PROC_XADC/averager/clk
    SLICE_X28Y62         FDRE                                         r  ADC_PROC_XADC/averager/REG_ARRAY_reg_r_30/C
                         clock pessimism             -0.216    -0.558    
    SLICE_X28Y62         FDRE (Hold_fdre_C_D)         0.046    -0.512    ADC_PROC_XADC/averager/REG_ARRAY_reg_r_30
  -------------------------------------------------------------------
                         required time                          0.512    
                         arrival time                          -0.372    
  -------------------------------------------------------------------
                         slack                                  0.140    

Slack (MET) :             0.155ns  (arrival time - required time)
  Source:                 ADC_PROC_XADC/averager/REG_ARRAY_reg_r_193/C
                            (rising edge-triggered cell FDRE clocked by clk_out1_clk_wiz_0_1  {rise@0.000ns fall@5.000ns period=10.000ns})
  Destination:            ADC_PROC_XADC/averager/REG_ARRAY_reg_r_194/D
                            (rising edge-triggered cell FDRE clocked by clk_out1_clk_wiz_0_1  {rise@0.000ns fall@5.000ns period=10.000ns})
  Path Group:             clk_out1_clk_wiz_0_1
  Path Type:              Hold (Min at Fast Process Corner)
  Requirement:            0.000ns  (clk_out1_clk_wiz_0_1 rise@0.000ns - clk_out1_clk_wiz_0_1 rise@0.000ns)
  Data Path Delay:        0.245ns  (logic 0.141ns (57.551%)  route 0.104ns (42.449%))
  Logic Levels:           0  
  Clock Path Skew:        0.015ns (DCD - SCD - CPR)
    Destination Clock Delay (DCD):    -0.344ns
    Source Clock Delay      (SCD):    -0.572ns
    Clock Pessimism Removal (CPR):    0.213ns

    Location             Delay type                Incr(ns)  Path(ns)    Netlist Resource(s)
  -------------------------------------------------------------------    -------------------
                         (clock clk_out1_clk_wiz_0_1 rise edge)
                                                      0.000     0.000 r  
    W5                                                0.000     0.000 r  clk_in (IN)
                         net (fo=0)                   0.000     0.000    u_clk_wiz/inst/clk_in1
    W5                   IBUF (Prop_ibuf_I_O)         0.226     0.226 r  u_clk_wiz/inst/clkin1_ibufg/O
                         net (fo=1, routed)           0.440     0.667    u_clk_wiz/inst/clk_in1_clk_wiz_0
    PLLE2_ADV_X1Y0       PLLE2_ADV (Prop_plle2_adv_CLKIN1_CLKOUT0)
                                                     -2.322    -1.656 r  u_clk_wiz/inst/plle2_adv_inst/CLKOUT0
                         net (fo=1, routed)           0.501    -1.155    u_clk_wiz/inst/clk_out1_clk_wiz_0
    BUFGCTRL_X0Y0        BUFG (Prop_bufg_I_O)         0.026    -1.129 r  u_clk_wiz/inst/clkout1_buf/O
                         net (fo=1596, routed)        0.557    -0.572    ADC_PROC_XADC/averager/clk
    SLICE_X36Y63         FDRE                                         r  ADC_PROC_XADC/averager/REG_ARRAY_reg_r_193/C
  -------------------------------------------------------------------    -------------------
    SLICE_X36Y63         FDRE (Prop_fdre_C_Q)         0.141    -0.431 r  ADC_PROC_XADC/averager/REG_ARRAY_reg_r_193/Q
                         net (fo=1, routed)           0.104    -0.327    ADC_PROC_XADC/averager/REG_ARRAY_reg_r_193_n_0
    SLICE_X38Y63         FDRE                                         r  ADC_PROC_XADC/averager/REG_ARRAY_reg_r_194/D
  -------------------------------------------------------------------    -------------------

                         (clock clk_out1_clk_wiz_0_1 rise edge)
                                                      0.000     0.000 r  
    W5                                                0.000     0.000 r  clk_in (IN)
                         net (fo=0)                   0.000     0.000    u_clk_wiz/inst/clk_in1
    W5                   IBUF (Prop_ibuf_I_O)         0.414     0.414 r  u_clk_wiz/inst/clkin1_ibufg/O
                         net (fo=1, routed)           0.481     0.895    u_clk_wiz/inst/clk_in1_clk_wiz_0
    PLLE2_ADV_X1Y0       PLLE2_ADV (Prop_plle2_adv_CLKIN1_CLKOUT0)
                                                     -2.638    -1.743 r  u_clk_wiz/inst/plle2_adv_inst/CLKOUT0
                         net (fo=1, routed)           0.546    -1.197    u_clk_wiz/inst/clk_out1_clk_wiz_0
    BUFGCTRL_X0Y0        BUFG (Prop_bufg_I_O)         0.029    -1.168 r  u_clk_wiz/inst/clkout1_buf/O
                         net (fo=1596, routed)        0.824    -0.344    ADC_PROC_XADC/averager/clk
    SLICE_X38Y63         FDRE                                         r  ADC_PROC_XADC/averager/REG_ARRAY_reg_r_194/C
                         clock pessimism             -0.213    -0.557    
    SLICE_X38Y63         FDRE (Hold_fdre_C_D)         0.075    -0.482    ADC_PROC_XADC/averager/REG_ARRAY_reg_r_194
  -------------------------------------------------------------------
                         required time                          0.482    
                         arrival time                          -0.327    
  -------------------------------------------------------------------
                         slack                                  0.155    

Slack (MET) :             0.156ns  (arrival time - required time)
  Source:                 ADC_PROC_XADC/scaled_adc_data_pipe_reg[11]/C
                            (rising edge-triggered cell FDRE clocked by clk_out1_clk_wiz_0_1  {rise@0.000ns fall@5.000ns period=10.000ns})
  Destination:            ADC_PROC_XADC/scaled_adc_data_xadc_reg[11]/D
                            (rising edge-triggered cell FDRE clocked by clk_out1_clk_wiz_0_1  {rise@0.000ns fall@5.000ns period=10.000ns})
  Path Group:             clk_out1_clk_wiz_0_1
  Path Type:              Hold (Min at Fast Process Corner)
  Requirement:            0.000ns  (clk_out1_clk_wiz_0_1 rise@0.000ns - clk_out1_clk_wiz_0_1 rise@0.000ns)
  Data Path Delay:        0.220ns  (logic 0.164ns (74.580%)  route 0.056ns (25.420%))
  Logic Levels:           0  
  Clock Path Skew:        0.000ns (DCD - SCD - CPR)
    Destination Clock Delay (DCD):    -0.350ns
    Source Clock Delay      (SCD):    -0.578ns
    Clock Pessimism Removal (CPR):    0.228ns

    Location             Delay type                Incr(ns)  Path(ns)    Netlist Resource(s)
  -------------------------------------------------------------------    -------------------
                         (clock clk_out1_clk_wiz_0_1 rise edge)
                                                      0.000     0.000 r  
    W5                                                0.000     0.000 r  clk_in (IN)
                         net (fo=0)                   0.000     0.000    u_clk_wiz/inst/clk_in1
    W5                   IBUF (Prop_ibuf_I_O)         0.226     0.226 r  u_clk_wiz/inst/clkin1_ibufg/O
                         net (fo=1, routed)           0.440     0.667    u_clk_wiz/inst/clk_in1_clk_wiz_0
    PLLE2_ADV_X1Y0       PLLE2_ADV (Prop_plle2_adv_CLKIN1_CLKOUT0)
                                                     -2.322    -1.656 r  u_clk_wiz/inst/plle2_adv_inst/CLKOUT0
                         net (fo=1, routed)           0.501    -1.155    u_clk_wiz/inst/clk_out1_clk_wiz_0
    BUFGCTRL_X0Y0        BUFG (Prop_bufg_I_O)         0.026    -1.129 r  u_clk_wiz/inst/clkout1_buf/O
                         net (fo=1596, routed)        0.551    -0.578    ADC_PROC_XADC/clk
    SLICE_X54Y75         FDRE                                         r  ADC_PROC_XADC/scaled_adc_data_pipe_reg[11]/C
  -------------------------------------------------------------------    -------------------
    SLICE_X54Y75         FDRE (Prop_fdre_C_Q)         0.164    -0.414 r  ADC_PROC_XADC/scaled_adc_data_pipe_reg[11]/Q
                         net (fo=1, routed)           0.056    -0.358    ADC_PROC_XADC/scaled_adc_data_pipe[11]
    SLICE_X54Y75         FDRE                                         r  ADC_PROC_XADC/scaled_adc_data_xadc_reg[11]/D
  -------------------------------------------------------------------    -------------------

                         (clock clk_out1_clk_wiz_0_1 rise edge)
                                                      0.000     0.000 r  
    W5                                                0.000     0.000 r  clk_in (IN)
                         net (fo=0)                   0.000     0.000    u_clk_wiz/inst/clk_in1
    W5                   IBUF (Prop_ibuf_I_O)         0.414     0.414 r  u_clk_wiz/inst/clkin1_ibufg/O
                         net (fo=1, routed)           0.481     0.895    u_clk_wiz/inst/clk_in1_clk_wiz_0
    PLLE2_ADV_X1Y0       PLLE2_ADV (Prop_plle2_adv_CLKIN1_CLKOUT0)
                                                     -2.638    -1.743 r  u_clk_wiz/inst/plle2_adv_inst/CLKOUT0
                         net (fo=1, routed)           0.546    -1.197    u_clk_wiz/inst/clk_out1_clk_wiz_0
    BUFGCTRL_X0Y0        BUFG (Prop_bufg_I_O)         0.029    -1.168 r  u_clk_wiz/inst/clkout1_buf/O
                         net (fo=1596, routed)        0.818    -0.350    ADC_PROC_XADC/clk
    SLICE_X54Y75         FDRE                                         r  ADC_PROC_XADC/scaled_adc_data_xadc_reg[11]/C
                         clock pessimism             -0.228    -0.578    
    SLICE_X54Y75         FDRE (Hold_fdre_C_D)         0.064    -0.514    ADC_PROC_XADC/scaled_adc_data_xadc_reg[11]
  -------------------------------------------------------------------
                         required time                          0.514    
                         arrival time                          -0.358    
  -------------------------------------------------------------------
                         slack                                  0.156    

Slack (MET) :             0.156ns  (arrival time - required time)
  Source:                 ADC_PROC_XADC/scaled_adc_data_pipe_reg[1]/C
                            (rising edge-triggered cell FDRE clocked by clk_out1_clk_wiz_0_1  {rise@0.000ns fall@5.000ns period=10.000ns})
  Destination:            ADC_PROC_XADC/scaled_adc_data_xadc_reg[1]/D
                            (rising edge-triggered cell FDRE clocked by clk_out1_clk_wiz_0_1  {rise@0.000ns fall@5.000ns period=10.000ns})
  Path Group:             clk_out1_clk_wiz_0_1
  Path Type:              Hold (Min at Fast Process Corner)
  Requirement:            0.000ns  (clk_out1_clk_wiz_0_1 rise@0.000ns - clk_out1_clk_wiz_0_1 rise@0.000ns)
  Data Path Delay:        0.220ns  (logic 0.164ns (74.580%)  route 0.056ns (25.420%))
  Logic Levels:           0  
  Clock Path Skew:        0.000ns (DCD - SCD - CPR)
    Destination Clock Delay (DCD):    -0.350ns
    Source Clock Delay      (SCD):    -0.578ns
    Clock Pessimism Removal (CPR):    0.228ns

    Location             Delay type                Incr(ns)  Path(ns)    Netlist Resource(s)
  -------------------------------------------------------------------    -------------------
                         (clock clk_out1_clk_wiz_0_1 rise edge)
                                                      0.000     0.000 r  
    W5                                                0.000     0.000 r  clk_in (IN)
                         net (fo=0)                   0.000     0.000    u_clk_wiz/inst/clk_in1
    W5                   IBUF (Prop_ibuf_I_O)         0.226     0.226 r  u_clk_wiz/inst/clkin1_ibufg/O
                         net (fo=1, routed)           0.440     0.667    u_clk_wiz/inst/clk_in1_clk_wiz_0
    PLLE2_ADV_X1Y0       PLLE2_ADV (Prop_plle2_adv_CLKIN1_CLKOUT0)
                                                     -2.322    -1.656 r  u_clk_wiz/inst/plle2_adv_inst/CLKOUT0
                         net (fo=1, routed)           0.501    -1.155    u_clk_wiz/inst/clk_out1_clk_wiz_0
    BUFGCTRL_X0Y0        BUFG (Prop_bufg_I_O)         0.026    -1.129 r  u_clk_wiz/inst/clkout1_buf/O
                         net (fo=1596, routed)        0.551    -0.578    ADC_PROC_XADC/clk
    SLICE_X54Y75         FDRE                                         r  ADC_PROC_XADC/scaled_adc_data_pipe_reg[1]/C
  -------------------------------------------------------------------    -------------------
    SLICE_X54Y75         FDRE (Prop_fdre_C_Q)         0.164    -0.414 r  ADC_PROC_XADC/scaled_adc_data_pipe_reg[1]/Q
                         net (fo=1, routed)           0.056    -0.358    ADC_PROC_XADC/scaled_adc_data_pipe[1]
    SLICE_X54Y75         FDRE                                         r  ADC_PROC_XADC/scaled_adc_data_xadc_reg[1]/D
  -------------------------------------------------------------------    -------------------

                         (clock clk_out1_clk_wiz_0_1 rise edge)
                                                      0.000     0.000 r  
    W5                                                0.000     0.000 r  clk_in (IN)
                         net (fo=0)                   0.000     0.000    u_clk_wiz/inst/clk_in1
    W5                   IBUF (Prop_ibuf_I_O)         0.414     0.414 r  u_clk_wiz/inst/clkin1_ibufg/O
                         net (fo=1, routed)           0.481     0.895    u_clk_wiz/inst/clk_in1_clk_wiz_0
    PLLE2_ADV_X1Y0       PLLE2_ADV (Prop_plle2_adv_CLKIN1_CLKOUT0)
                                                     -2.638    -1.743 r  u_clk_wiz/inst/plle2_adv_inst/CLKOUT0
                         net (fo=1, routed)           0.546    -1.197    u_clk_wiz/inst/clk_out1_clk_wiz_0
    BUFGCTRL_X0Y0        BUFG (Prop_bufg_I_O)         0.029    -1.168 r  u_clk_wiz/inst/clkout1_buf/O
                         net (fo=1596, routed)        0.818    -0.350    ADC_PROC_XADC/clk
    SLICE_X54Y75         FDRE                                         r  ADC_PROC_XADC/scaled_adc_data_xadc_reg[1]/C
                         clock pessimism             -0.228    -0.578    
    SLICE_X54Y75         FDRE (Hold_fdre_C_D)         0.064    -0.514    ADC_PROC_XADC/scaled_adc_data_xadc_reg[1]
  -------------------------------------------------------------------
                         required time                          0.514    
                         arrival time                          -0.358    
  -------------------------------------------------------------------
                         slack                                  0.156    

Slack (MET) :             0.156ns  (arrival time - required time)
  Source:                 ADC_PROC_PWM/averager/REG_ARRAY_reg_r_431/C
                            (rising edge-triggered cell FDRE clocked by clk_out1_clk_wiz_0_1  {rise@0.000ns fall@5.000ns period=10.000ns})
  Destination:            ADC_PROC_PWM/averager/REG_ARRAY_reg_r_432/D
                            (rising edge-triggered cell FDRE clocked by clk_out1_clk_wiz_0_1  {rise@0.000ns fall@5.000ns period=10.000ns})
  Path Group:             clk_out1_clk_wiz_0_1
  Path Type:              Hold (Min at Fast Process Corner)
  Requirement:            0.000ns  (clk_out1_clk_wiz_0_1 rise@0.000ns - clk_out1_clk_wiz_0_1 rise@0.000ns)
  Data Path Delay:        0.260ns  (logic 0.141ns (54.189%)  route 0.119ns (45.811%))
  Logic Levels:           0  
  Clock Path Skew:        0.034ns (DCD - SCD - CPR)
    Destination Clock Delay (DCD):    -0.343ns
    Source Clock Delay      (SCD):    -0.571ns
    Clock Pessimism Removal (CPR):    0.194ns

    Location             Delay type                Incr(ns)  Path(ns)    Netlist Resource(s)
  -------------------------------------------------------------------    -------------------
                         (clock clk_out1_clk_wiz_0_1 rise edge)
                                                      0.000     0.000 r  
    W5                                                0.000     0.000 r  clk_in (IN)
                         net (fo=0)                   0.000     0.000    u_clk_wiz/inst/clk_in1
    W5                   IBUF (Prop_ibuf_I_O)         0.226     0.226 r  u_clk_wiz/inst/clkin1_ibufg/O
                         net (fo=1, routed)           0.440     0.667    u_clk_wiz/inst/clk_in1_clk_wiz_0
    PLLE2_ADV_X1Y0       PLLE2_ADV (Prop_plle2_adv_CLKIN1_CLKOUT0)
                                                     -2.322    -1.656 r  u_clk_wiz/inst/plle2_adv_inst/CLKOUT0
                         net (fo=1, routed)           0.501    -1.155    u_clk_wiz/inst/clk_out1_clk_wiz_0
    BUFGCTRL_X0Y0        BUFG (Prop_bufg_I_O)         0.026    -1.129 r  u_clk_wiz/inst/clkout1_buf/O
                         net (fo=1596, routed)        0.558    -0.571    ADC_PROC_PWM/averager/clk
    SLICE_X44Y84         FDRE                                         r  ADC_PROC_PWM/averager/REG_ARRAY_reg_r_431/C
  -------------------------------------------------------------------    -------------------
    SLICE_X44Y84         FDRE (Prop_fdre_C_Q)         0.141    -0.430 r  ADC_PROC_PWM/averager/REG_ARRAY_reg_r_431/Q
                         net (fo=1, routed)           0.119    -0.311    ADC_PROC_PWM/averager/REG_ARRAY_reg_r_431_n_0
    SLICE_X43Y85         FDRE                                         r  ADC_PROC_PWM/averager/REG_ARRAY_reg_r_432/D
  -------------------------------------------------------------------    -------------------

                         (clock clk_out1_clk_wiz_0_1 rise edge)
                                                      0.000     0.000 r  
    W5                                                0.000     0.000 r  clk_in (IN)
                         net (fo=0)                   0.000     0.000    u_clk_wiz/inst/clk_in1
    W5                   IBUF (Prop_ibuf_I_O)         0.414     0.414 r  u_clk_wiz/inst/clkin1_ibufg/O
                         net (fo=1, routed)           0.481     0.895    u_clk_wiz/inst/clk_in1_clk_wiz_0
    PLLE2_ADV_X1Y0       PLLE2_ADV (Prop_plle2_adv_CLKIN1_CLKOUT0)
                                                     -2.638    -1.743 r  u_clk_wiz/inst/plle2_adv_inst/CLKOUT0
                         net (fo=1, routed)           0.546    -1.197    u_clk_wiz/inst/clk_out1_clk_wiz_0
    BUFGCTRL_X0Y0        BUFG (Prop_bufg_I_O)         0.029    -1.168 r  u_clk_wiz/inst/clkout1_buf/O
                         net (fo=1596, routed)        0.826    -0.343    ADC_PROC_PWM/averager/clk
    SLICE_X43Y85         FDRE                                         r  ADC_PROC_PWM/averager/REG_ARRAY_reg_r_432/C
                         clock pessimism             -0.194    -0.537    
    SLICE_X43Y85         FDRE (Hold_fdre_C_D)         0.070    -0.467    ADC_PROC_PWM/averager/REG_ARRAY_reg_r_432
  -------------------------------------------------------------------
                         required time                          0.467    
                         arrival time                          -0.311    
  -------------------------------------------------------------------
                         slack                                  0.156    

Slack (MET) :             0.160ns  (arrival time - required time)
  Source:                 ADC_PROC_XADC/scaled_adc_data_pipe_reg[0]/C
                            (rising edge-triggered cell FDRE clocked by clk_out1_clk_wiz_0_1  {rise@0.000ns fall@5.000ns period=10.000ns})
  Destination:            ADC_PROC_XADC/scaled_adc_data_xadc_reg[0]/D
                            (rising edge-triggered cell FDRE clocked by clk_out1_clk_wiz_0_1  {rise@0.000ns fall@5.000ns period=10.000ns})
  Path Group:             clk_out1_clk_wiz_0_1
  Path Type:              Hold (Min at Fast Process Corner)
  Requirement:            0.000ns  (clk_out1_clk_wiz_0_1 rise@0.000ns - clk_out1_clk_wiz_0_1 rise@0.000ns)
  Data Path Delay:        0.220ns  (logic 0.164ns (74.580%)  route 0.056ns (25.420%))
  Logic Levels:           0  
  Clock Path Skew:        0.000ns (DCD - SCD - CPR)
    Destination Clock Delay (DCD):    -0.350ns
    Source Clock Delay      (SCD):    -0.578ns
    Clock Pessimism Removal (CPR):    0.228ns

    Location             Delay type                Incr(ns)  Path(ns)    Netlist Resource(s)
  -------------------------------------------------------------------    -------------------
                         (clock clk_out1_clk_wiz_0_1 rise edge)
                                                      0.000     0.000 r  
    W5                                                0.000     0.000 r  clk_in (IN)
                         net (fo=0)                   0.000     0.000    u_clk_wiz/inst/clk_in1
    W5                   IBUF (Prop_ibuf_I_O)         0.226     0.226 r  u_clk_wiz/inst/clkin1_ibufg/O
                         net (fo=1, routed)           0.440     0.667    u_clk_wiz/inst/clk_in1_clk_wiz_0
    PLLE2_ADV_X1Y0       PLLE2_ADV (Prop_plle2_adv_CLKIN1_CLKOUT0)
                                                     -2.322    -1.656 r  u_clk_wiz/inst/plle2_adv_inst/CLKOUT0
                         net (fo=1, routed)           0.501    -1.155    u_clk_wiz/inst/clk_out1_clk_wiz_0
    BUFGCTRL_X0Y0        BUFG (Prop_bufg_I_O)         0.026    -1.129 r  u_clk_wiz/inst/clkout1_buf/O
                         net (fo=1596, routed)        0.551    -0.578    ADC_PROC_XADC/clk
    SLICE_X54Y75         FDRE                                         r  ADC_PROC_XADC/scaled_adc_data_pipe_reg[0]/C
  -------------------------------------------------------------------    -------------------
    SLICE_X54Y75         FDRE (Prop_fdre_C_Q)         0.164    -0.414 r  ADC_PROC_XADC/scaled_adc_data_pipe_reg[0]/Q
                         net (fo=1, routed)           0.056    -0.358    ADC_PROC_XADC/scaled_adc_data_pipe[0]
    SLICE_X54Y75         FDRE                                         r  ADC_PROC_XADC/scaled_adc_data_xadc_reg[0]/D
  -------------------------------------------------------------------    -------------------

                         (clock clk_out1_clk_wiz_0_1 rise edge)
                                                      0.000     0.000 r  
    W5                                                0.000     0.000 r  clk_in (IN)
                         net (fo=0)                   0.000     0.000    u_clk_wiz/inst/clk_in1
    W5                   IBUF (Prop_ibuf_I_O)         0.414     0.414 r  u_clk_wiz/inst/clkin1_ibufg/O
                         net (fo=1, routed)           0.481     0.895    u_clk_wiz/inst/clk_in1_clk_wiz_0
    PLLE2_ADV_X1Y0       PLLE2_ADV (Prop_plle2_adv_CLKIN1_CLKOUT0)
                                                     -2.638    -1.743 r  u_clk_wiz/inst/plle2_adv_inst/CLKOUT0
                         net (fo=1, routed)           0.546    -1.197    u_clk_wiz/inst/clk_out1_clk_wiz_0
    BUFGCTRL_X0Y0        BUFG (Prop_bufg_I_O)         0.029    -1.168 r  u_clk_wiz/inst/clkout1_buf/O
                         net (fo=1596, routed)        0.818    -0.350    ADC_PROC_XADC/clk
    SLICE_X54Y75         FDRE                                         r  ADC_PROC_XADC/scaled_adc_data_xadc_reg[0]/C
                         clock pessimism             -0.228    -0.578    
    SLICE_X54Y75         FDRE (Hold_fdre_C_D)         0.060    -0.518    ADC_PROC_XADC/scaled_adc_data_xadc_reg[0]
  -------------------------------------------------------------------
                         required time                          0.518    
                         arrival time                          -0.358    
  -------------------------------------------------------------------
                         slack                                  0.160    

Slack (MET) :             0.164ns  (arrival time - required time)
  Source:                 R2R_ADC_SUBSYSTEM/r2r_captured_duty_cycle_reg[3]/C
                            (rising edge-triggered cell FDRE clocked by clk_out1_clk_wiz_0_1  {rise@0.000ns fall@5.000ns period=10.000ns})
  Destination:            ADC_PROC_R2R/averager/REG_ARRAY_reg[32][3]_srl32___REG_ARRAY_reg_r_540/D
                            (rising edge-triggered cell SRLC32E clocked by clk_out1_clk_wiz_0_1  {rise@0.000ns fall@5.000ns period=10.000ns})
  Path Group:             clk_out1_clk_wiz_0_1
  Path Type:              Hold (Min at Fast Process Corner)
  Requirement:            0.000ns  (clk_out1_clk_wiz_0_1 rise@0.000ns - clk_out1_clk_wiz_0_1 rise@0.000ns)
  Data Path Delay:        0.384ns  (logic 0.141ns (36.705%)  route 0.243ns (63.295%))
  Logic Levels:           0  
  Clock Path Skew:        0.037ns (DCD - SCD - CPR)
    Destination Clock Delay (DCD):    -0.315ns
    Source Clock Delay      (SCD):    -0.546ns
    Clock Pessimism Removal (CPR):    0.194ns

    Location             Delay type                Incr(ns)  Path(ns)    Netlist Resource(s)
  -------------------------------------------------------------------    -------------------
                         (clock clk_out1_clk_wiz_0_1 rise edge)
                                                      0.000     0.000 r  
    W5                                                0.000     0.000 r  clk_in (IN)
                         net (fo=0)                   0.000     0.000    u_clk_wiz/inst/clk_in1
    W5                   IBUF (Prop_ibuf_I_O)         0.226     0.226 r  u_clk_wiz/inst/clkin1_ibufg/O
                         net (fo=1, routed)           0.440     0.667    u_clk_wiz/inst/clk_in1_clk_wiz_0
    PLLE2_ADV_X1Y0       PLLE2_ADV (Prop_plle2_adv_CLKIN1_CLKOUT0)
                                                     -2.322    -1.656 r  u_clk_wiz/inst/plle2_adv_inst/CLKOUT0
                         net (fo=1, routed)           0.501    -1.155    u_clk_wiz/inst/clk_out1_clk_wiz_0
    BUFGCTRL_X0Y0        BUFG (Prop_bufg_I_O)         0.026    -1.129 r  u_clk_wiz/inst/clkout1_buf/O
                         net (fo=1596, routed)        0.583    -0.546    R2R_ADC_SUBSYSTEM/clk
    SLICE_X62Y71         FDRE                                         r  R2R_ADC_SUBSYSTEM/r2r_captured_duty_cycle_reg[3]/C
  -------------------------------------------------------------------    -------------------
    SLICE_X62Y71         FDRE (Prop_fdre_C_Q)         0.141    -0.405 r  R2R_ADC_SUBSYSTEM/r2r_captured_duty_cycle_reg[3]/Q
                         net (fo=4, routed)           0.243    -0.162    ADC_PROC_R2R/averager/Din[3]
    SLICE_X60Y67         SRLC32E                                      r  ADC_PROC_R2R/averager/REG_ARRAY_reg[32][3]_srl32___REG_ARRAY_reg_r_540/D
  -------------------------------------------------------------------    -------------------

                         (clock clk_out1_clk_wiz_0_1 rise edge)
                                                      0.000     0.000 r  
    W5                                                0.000     0.000 r  clk_in (IN)
                         net (fo=0)                   0.000     0.000    u_clk_wiz/inst/clk_in1
    W5                   IBUF (Prop_ibuf_I_O)         0.414     0.414 r  u_clk_wiz/inst/clkin1_ibufg/O
                         net (fo=1, routed)           0.481     0.895    u_clk_wiz/inst/clk_in1_clk_wiz_0
    PLLE2_ADV_X1Y0       PLLE2_ADV (Prop_plle2_adv_CLKIN1_CLKOUT0)
                                                     -2.638    -1.743 r  u_clk_wiz/inst/plle2_adv_inst/CLKOUT0
                         net (fo=1, routed)           0.546    -1.197    u_clk_wiz/inst/clk_out1_clk_wiz_0
    BUFGCTRL_X0Y0        BUFG (Prop_bufg_I_O)         0.029    -1.168 r  u_clk_wiz/inst/clkout1_buf/O
                         net (fo=1596, routed)        0.854    -0.315    ADC_PROC_R2R/averager/clk
    SLICE_X60Y67         SRLC32E                                      r  ADC_PROC_R2R/averager/REG_ARRAY_reg[32][3]_srl32___REG_ARRAY_reg_r_540/CLK
                         clock pessimism             -0.194    -0.509    
    SLICE_X60Y67         SRLC32E (Hold_srlc32e_CLK_D)
                                                      0.183    -0.326    ADC_PROC_R2R/averager/REG_ARRAY_reg[32][3]_srl32___REG_ARRAY_reg_r_540
  -------------------------------------------------------------------
                         required time                          0.326    
                         arrival time                          -0.162    
  -------------------------------------------------------------------
                         slack                                  0.164    





Pulse Width Checks
--------------------------------------------------------------------------------------
Clock Name:         clk_out1_clk_wiz_0_1
Waveform(ns):       { 0.000 5.000 }
Period(ns):         10.000
Sources:            { u_clk_wiz/inst/plle2_adv_inst/CLKOUT0 }

Check Type        Corner  Lib Pin            Reference Pin  Required(ns)  Actual(ns)  Slack(ns)  Location        Pin
Min Period        n/a     XADC/DCLK          n/a            4.000         10.000      6.000      XADC_X0Y0       XADC_INST/inst/DCLK
Min Period        n/a     BUFG/I             n/a            2.155         10.000      7.845      BUFGCTRL_X0Y0   u_clk_wiz/inst/clkout1_buf/I
Min Period        n/a     DSP48E1/CLK        n/a            2.154         10.000      7.846      DSP48_X1Y30     ADC_PROC_PWM/scaled_adc_data_temp0/CLK
Min Period        n/a     DSP48E1/CLK        n/a            2.154         10.000      7.846      DSP48_X1Y31     ADC_PROC_R2R/scaled_adc_data_temp_reg/CLK
Min Period        n/a     DSP48E1/CLK        n/a            2.154         10.000      7.846      DSP48_X1Y28     ADC_PROC_XADC/scaled_adc_data_temp0/CLK
Min Period        n/a     DSP48E1/CLK        n/a            2.154         10.000      7.846      DSP48_X1Y29     SAR_PROC/scaled_adc_data_temp_reg/CLK
Min Period        n/a     PLLE2_ADV/CLKOUT0  n/a            1.249         10.000      8.751      PLLE2_ADV_X1Y0  u_clk_wiz/inst/plle2_adv_inst/CLKOUT0
Min Period        n/a     FDRE/C             n/a            1.000         10.000      9.000      SLICE_X61Y64    ADC_PROC_PWM/ready_r_reg/C
Min Period        n/a     FDRE/C             n/a            1.000         10.000      9.000      SLICE_X55Y78    ADC_PROC_PWM/scaled_adc_data_pipe_reg[0]/C
Min Period        n/a     FDRE/C             n/a            1.000         10.000      9.000      SLICE_X55Y75    ADC_PROC_PWM/scaled_adc_data_pipe_reg[10]/C
Max Period        n/a     PLLE2_ADV/CLKOUT0  n/a            160.000       10.000      150.000    PLLE2_ADV_X1Y0  u_clk_wiz/inst/plle2_adv_inst/CLKOUT0
Low Pulse Width   Slow    SRLC32E/CLK        n/a            0.980         5.000       4.020      SLICE_X54Y64    ADC_PROC_PWM/averager/REG_ARRAY_reg[128][0]_srl32___REG_ARRAY_reg_r_381/CLK
Low Pulse Width   Fast    SRLC32E/CLK        n/a            0.980         5.000       4.020      SLICE_X54Y64    ADC_PROC_PWM/averager/REG_ARRAY_reg[128][0]_srl32___REG_ARRAY_reg_r_381/CLK
Low Pulse Width   Slow    SRLC32E/CLK        n/a            0.980         5.000       4.020      SLICE_X54Y71    ADC_PROC_PWM/averager/REG_ARRAY_reg[128][10]_srl32___REG_ARRAY_reg_r_381/CLK
Low Pulse Width   Fast    SRLC32E/CLK        n/a            0.980         5.000       4.020      SLICE_X54Y71    ADC_PROC_PWM/averager/REG_ARRAY_reg[128][10]_srl32___REG_ARRAY_reg_r_381/CLK
Low Pulse Width   Slow    SRLC32E/CLK        n/a            0.980         5.000       4.020      SLICE_X56Y73    ADC_PROC_PWM/averager/REG_ARRAY_reg[128][11]_srl32___REG_ARRAY_reg_r_381/CLK
Low Pulse Width   Fast    SRLC32E/CLK        n/a            0.980         5.000       4.020      SLICE_X56Y73    ADC_PROC_PWM/averager/REG_ARRAY_reg[128][11]_srl32___REG_ARRAY_reg_r_381/CLK
Low Pulse Width   Slow    SRLC32E/CLK        n/a            0.980         5.000       4.020      SLICE_X56Y75    ADC_PROC_PWM/averager/REG_ARRAY_reg[128][12]_srl32___REG_ARRAY_reg_r_381/CLK
Low Pulse Width   Fast    SRLC32E/CLK        n/a            0.980         5.000       4.020      SLICE_X56Y75    ADC_PROC_PWM/averager/REG_ARRAY_reg[128][12]_srl32___REG_ARRAY_reg_r_381/CLK
Low Pulse Width   Slow    SRLC32E/CLK        n/a            0.980         5.000       4.020      SLICE_X54Y74    ADC_PROC_PWM/averager/REG_ARRAY_reg[128][13]_srl32___REG_ARRAY_reg_r_381/CLK
Low Pulse Width   Fast    SRLC32E/CLK        n/a            0.980         5.000       4.020      SLICE_X54Y74    ADC_PROC_PWM/averager/REG_ARRAY_reg[128][13]_srl32___REG_ARRAY_reg_r_381/CLK
High Pulse Width  Slow    SRLC32E/CLK        n/a            0.980         5.000       4.020      SLICE_X54Y64    ADC_PROC_PWM/averager/REG_ARRAY_reg[128][0]_srl32___REG_ARRAY_reg_r_381/CLK
High Pulse Width  Fast    SRLC32E/CLK        n/a            0.980         5.000       4.020      SLICE_X54Y64    ADC_PROC_PWM/averager/REG_ARRAY_reg[128][0]_srl32___REG_ARRAY_reg_r_381/CLK
High Pulse Width  Slow    SRLC32E/CLK        n/a            0.980         5.000       4.020      SLICE_X54Y71    ADC_PROC_PWM/averager/REG_ARRAY_reg[128][10]_srl32___REG_ARRAY_reg_r_381/CLK
High Pulse Width  Fast    SRLC32E/CLK        n/a            0.980         5.000       4.020      SLICE_X54Y71    ADC_PROC_PWM/averager/REG_ARRAY_reg[128][10]_srl32___REG_ARRAY_reg_r_381/CLK
High Pulse Width  Slow    SRLC32E/CLK        n/a            0.980         5.000       4.020      SLICE_X56Y73    ADC_PROC_PWM/averager/REG_ARRAY_reg[128][11]_srl32___REG_ARRAY_reg_r_381/CLK
High Pulse Width  Fast    SRLC32E/CLK        n/a            0.980         5.000       4.020      SLICE_X56Y73    ADC_PROC_PWM/averager/REG_ARRAY_reg[128][11]_srl32___REG_ARRAY_reg_r_381/CLK
High Pulse Width  Slow    SRLC32E/CLK        n/a            0.980         5.000       4.020      SLICE_X56Y75    ADC_PROC_PWM/averager/REG_ARRAY_reg[128][12]_srl32___REG_ARRAY_reg_r_381/CLK
High Pulse Width  Fast    SRLC32E/CLK        n/a            0.980         5.000       4.020      SLICE_X56Y75    ADC_PROC_PWM/averager/REG_ARRAY_reg[128][12]_srl32___REG_ARRAY_reg_r_381/CLK
High Pulse Width  Slow    SRLC32E/CLK        n/a            0.980         5.000       4.020      SLICE_X54Y74    ADC_PROC_PWM/averager/REG_ARRAY_reg[128][13]_srl32___REG_ARRAY_reg_r_381/CLK
High Pulse Width  Fast    SRLC32E/CLK        n/a            0.980         5.000       4.020      SLICE_X54Y74    ADC_PROC_PWM/averager/REG_ARRAY_reg[128][13]_srl32___REG_ARRAY_reg_r_381/CLK



---------------------------------------------------------------------------------------------------
From Clock:  clkfbout_clk_wiz_0_1
  To Clock:  clkfbout_clk_wiz_0_1

Setup :           NA  Failing Endpoints,  Worst Slack           NA  ,  Total Violation           NA
Hold  :           NA  Failing Endpoints,  Worst Slack           NA  ,  Total Violation           NA
PW    :            0  Failing Endpoints,  Worst Slack        7.845ns,  Total Violation        0.000ns
---------------------------------------------------------------------------------------------------


Pulse Width Checks
--------------------------------------------------------------------------------------
Clock Name:         clkfbout_clk_wiz_0_1
Waveform(ns):       { 0.000 5.000 }
Period(ns):         10.000
Sources:            { u_clk_wiz/inst/plle2_adv_inst/CLKFBOUT }

Check Type  Corner  Lib Pin             Reference Pin  Required(ns)  Actual(ns)  Slack(ns)  Location        Pin
Min Period  n/a     BUFG/I              n/a            2.155         10.000      7.845      BUFGCTRL_X0Y1   u_clk_wiz/inst/clkf_buf/I
Min Period  n/a     PLLE2_ADV/CLKFBOUT  n/a            1.249         10.000      8.751      PLLE2_ADV_X1Y0  u_clk_wiz/inst/plle2_adv_inst/CLKFBOUT
Min Period  n/a     PLLE2_ADV/CLKFBIN   n/a            1.249         10.000      8.751      PLLE2_ADV_X1Y0  u_clk_wiz/inst/plle2_adv_inst/CLKFBIN
Max Period  n/a     PLLE2_ADV/CLKFBIN   n/a            52.633        10.000      42.633     PLLE2_ADV_X1Y0  u_clk_wiz/inst/plle2_adv_inst/CLKFBIN
Max Period  n/a     PLLE2_ADV/CLKFBOUT  n/a            160.000       10.000      150.000    PLLE2_ADV_X1Y0  u_clk_wiz/inst/plle2_adv_inst/CLKFBOUT



---------------------------------------------------------------------------------------------------
From Clock:  clk_out1_clk_wiz_0_1
  To Clock:  clk_out1_clk_wiz_0

Setup :            0  Failing Endpoints,  Worst Slack        4.136ns,  Total Violation        0.000ns
Hold  :            0  Failing Endpoints,  Worst Slack        0.048ns,  Total Violation        0.000ns
---------------------------------------------------------------------------------------------------


Max Delay Paths
--------------------------------------------------------------------------------------
Slack (MET) :             4.136ns  (required time - arrival time)
  Source:                 XADC_INST/inst/DCLK
                            (rising edge-triggered cell XADC clocked by clk_out1_clk_wiz_0_1  {rise@0.000ns fall@5.000ns period=10.000ns})
  Destination:            ADC_PROC_XADC/averager/sum_reg[21]/D
                            (rising edge-triggered cell FDRE clocked by clk_out1_clk_wiz_0  {rise@0.000ns fall@5.000ns period=10.000ns})
  Path Group:             clk_out1_clk_wiz_0
  Path Type:              Setup (Max at Slow Process Corner)
  Requirement:            10.000ns  (clk_out1_clk_wiz_0 rise@10.000ns - clk_out1_clk_wiz_0_1 rise@0.000ns)
  Data Path Delay:        5.745ns  (logic 3.030ns (52.742%)  route 2.715ns (47.258%))
  Logic Levels:           8  (CARRY4=6 LUT2=1 LUT4=1)
  Clock Path Skew:        -0.103ns (DCD - SCD + CPR)
    Destination Clock Delay (DCD):    -2.090ns = ( 7.910 - 10.000 ) 
    Source Clock Delay      (SCD):    -2.485ns
    Clock Pessimism Removal (CPR):    -0.498ns
  Clock Uncertainty:      0.077ns  ((TSJ^2 + DJ^2)^1/2) / 2 + PE
    Total System Jitter     (TSJ):    0.071ns
    Discrete Jitter          (DJ):    0.138ns
    Phase Error              (PE):    0.000ns
  Clock Domain Crossing:  Inter clock paths are considered valid unless explicitly excluded by timing constraints such as set_clock_groups or set_false_path.

    Location             Delay type                Incr(ns)  Path(ns)    Netlist Resource(s)
  -------------------------------------------------------------------    -------------------
                         (clock clk_out1_clk_wiz_0_1 rise edge)
                                                      0.000     0.000 r  
    W5                                                0.000     0.000 r  clk_in (IN)
                         net (fo=0)                   0.000     0.000    u_clk_wiz/inst/clk_in1
    W5                   IBUF (Prop_ibuf_I_O)         1.458     1.458 r  u_clk_wiz/inst/clkin1_ibufg/O
                         net (fo=1, routed)           1.253     2.711    u_clk_wiz/inst/clk_in1_clk_wiz_0
    PLLE2_ADV_X1Y0       PLLE2_ADV (Prop_plle2_adv_CLKIN1_CLKOUT0)
                                                     -8.482    -5.770 r  u_clk_wiz/inst/plle2_adv_inst/CLKOUT0
                         net (fo=1, routed)           1.655    -4.115    u_clk_wiz/inst/clk_out1_clk_wiz_0
    BUFGCTRL_X0Y0        BUFG (Prop_bufg_I_O)         0.096    -4.019 r  u_clk_wiz/inst/clkout1_buf/O
                         net (fo=1596, routed)        1.534    -2.485    XADC_INST/dclk_in
    XADC_X0Y0            XADC                                         r  XADC_INST/inst/DCLK
  -------------------------------------------------------------------    -------------------
    XADC_X0Y0            XADC (Prop_xadc_DCLK_DO[0])
                                                      1.214    -1.271 r  XADC_INST/inst/DO[0]
                         net (fo=5, routed)           2.258     0.987    ADC_PROC_XADC/averager/Din[0]
    SLICE_X48Y70         LUT2 (Prop_lut2_I0_O)        0.150     1.137 r  ADC_PROC_XADC/averager/sum[3]_i_4/O
                         net (fo=2, routed)           0.448     1.585    ADC_PROC_XADC/averager/sum[3]_i_4_n_0
    SLICE_X48Y70         LUT4 (Prop_lut4_I3_O)        0.326     1.911 r  ADC_PROC_XADC/averager/sum[3]_i_8/O
                         net (fo=1, routed)           0.000     1.911    ADC_PROC_XADC/averager/sum[3]_i_8_n_0
    SLICE_X48Y70         CARRY4 (Prop_carry4_S[1]_CO[3])
                                                      0.550     2.461 r  ADC_PROC_XADC/averager/sum_reg[3]_i_1/CO[3]
                         net (fo=1, routed)           0.000     2.461    ADC_PROC_XADC/averager/sum_reg[3]_i_1_n_0
    SLICE_X48Y71         CARRY4 (Prop_carry4_CI_CO[3])
                                                      0.114     2.575 r  ADC_PROC_XADC/averager/sum_reg[7]_i_1/CO[3]
                         net (fo=1, routed)           0.000     2.575    ADC_PROC_XADC/averager/sum_reg[7]_i_1_n_0
    SLICE_X48Y72         CARRY4 (Prop_carry4_CI_CO[3])
                                                      0.114     2.689 r  ADC_PROC_XADC/averager/sum_reg[11]_i_1/CO[3]
                         net (fo=1, routed)           0.000     2.689    ADC_PROC_XADC/averager/sum_reg[11]_i_1_n_0
    SLICE_X48Y73         CARRY4 (Prop_carry4_CI_CO[3])
                                                      0.114     2.803 r  ADC_PROC_XADC/averager/sum_reg[15]_i_1/CO[3]
                         net (fo=1, routed)           0.000     2.803    ADC_PROC_XADC/averager/sum_reg[15]_i_1_n_0
    SLICE_X48Y74         CARRY4 (Prop_carry4_CI_CO[3])
                                                      0.114     2.917 r  ADC_PROC_XADC/averager/sum_reg[19]_i_1/CO[3]
                         net (fo=1, routed)           0.009     2.926    ADC_PROC_XADC/averager/sum_reg[19]_i_1_n_0
    SLICE_X48Y75         CARRY4 (Prop_carry4_CI_O[1])
                                                      0.334     3.260 r  ADC_PROC_XADC/averager/sum_reg[23]_i_1/O[1]
                         net (fo=1, routed)           0.000     3.260    ADC_PROC_XADC/averager/sum_reg[23]_i_1_n_6
    SLICE_X48Y75         FDRE                                         r  ADC_PROC_XADC/averager/sum_reg[21]/D
  -------------------------------------------------------------------    -------------------

                         (clock clk_out1_clk_wiz_0 rise edge)
                                                     10.000    10.000 r  
    W5                                                0.000    10.000 r  clk_in (IN)
                         net (fo=0)                   0.000    10.000    u_clk_wiz/inst/clk_in1
    W5                   IBUF (Prop_ibuf_I_O)         1.388    11.388 r  u_clk_wiz/inst/clkin1_ibufg/O
                         net (fo=1, routed)           1.181    12.569    u_clk_wiz/inst/clk_in1_clk_wiz_0
    PLLE2_ADV_X1Y0       PLLE2_ADV (Prop_plle2_adv_CLKIN1_CLKOUT0)
                                                     -7.750     4.819 r  u_clk_wiz/inst/plle2_adv_inst/CLKOUT0
                         net (fo=1, routed)           1.576     6.396    u_clk_wiz/inst/clk_out1_clk_wiz_0
    BUFGCTRL_X0Y0        BUFG (Prop_bufg_I_O)         0.091     6.487 r  u_clk_wiz/inst/clkout1_buf/O
                         net (fo=1596, routed)        1.424     7.910    ADC_PROC_XADC/averager/clk
    SLICE_X48Y75         FDRE                                         r  ADC_PROC_XADC/averager/sum_reg[21]/C
                         clock pessimism             -0.498     7.412    
                         clock uncertainty           -0.077     7.334    
    SLICE_X48Y75         FDRE (Setup_fdre_C_D)        0.062     7.396    ADC_PROC_XADC/averager/sum_reg[21]
  -------------------------------------------------------------------
                         required time                          7.396    
                         arrival time                          -3.260    
  -------------------------------------------------------------------
                         slack                                  4.136    

Slack (MET) :             4.157ns  (required time - arrival time)
  Source:                 XADC_INST/inst/DCLK
                            (rising edge-triggered cell XADC clocked by clk_out1_clk_wiz_0_1  {rise@0.000ns fall@5.000ns period=10.000ns})
  Destination:            ADC_PROC_XADC/averager/sum_reg[23]/D
                            (rising edge-triggered cell FDRE clocked by clk_out1_clk_wiz_0  {rise@0.000ns fall@5.000ns period=10.000ns})
  Path Group:             clk_out1_clk_wiz_0
  Path Type:              Setup (Max at Slow Process Corner)
  Requirement:            10.000ns  (clk_out1_clk_wiz_0 rise@10.000ns - clk_out1_clk_wiz_0_1 rise@0.000ns)
  Data Path Delay:        5.724ns  (logic 3.009ns (52.568%)  route 2.715ns (47.432%))
  Logic Levels:           8  (CARRY4=6 LUT2=1 LUT4=1)
  Clock Path Skew:        -0.103ns (DCD - SCD + CPR)
    Destination Clock Delay (DCD):    -2.090ns = ( 7.910 - 10.000 ) 
    Source Clock Delay      (SCD):    -2.485ns
    Clock Pessimism Removal (CPR):    -0.498ns
  Clock Uncertainty:      0.077ns  ((TSJ^2 + DJ^2)^1/2) / 2 + PE
    Total System Jitter     (TSJ):    0.071ns
    Discrete Jitter          (DJ):    0.138ns
    Phase Error              (PE):    0.000ns
  Clock Domain Crossing:  Inter clock paths are considered valid unless explicitly excluded by timing constraints such as set_clock_groups or set_false_path.

    Location             Delay type                Incr(ns)  Path(ns)    Netlist Resource(s)
  -------------------------------------------------------------------    -------------------
                         (clock clk_out1_clk_wiz_0_1 rise edge)
                                                      0.000     0.000 r  
    W5                                                0.000     0.000 r  clk_in (IN)
                         net (fo=0)                   0.000     0.000    u_clk_wiz/inst/clk_in1
    W5                   IBUF (Prop_ibuf_I_O)         1.458     1.458 r  u_clk_wiz/inst/clkin1_ibufg/O
                         net (fo=1, routed)           1.253     2.711    u_clk_wiz/inst/clk_in1_clk_wiz_0
    PLLE2_ADV_X1Y0       PLLE2_ADV (Prop_plle2_adv_CLKIN1_CLKOUT0)
                                                     -8.482    -5.770 r  u_clk_wiz/inst/plle2_adv_inst/CLKOUT0
                         net (fo=1, routed)           1.655    -4.115    u_clk_wiz/inst/clk_out1_clk_wiz_0
    BUFGCTRL_X0Y0        BUFG (Prop_bufg_I_O)         0.096    -4.019 r  u_clk_wiz/inst/clkout1_buf/O
                         net (fo=1596, routed)        1.534    -2.485    XADC_INST/dclk_in
    XADC_X0Y0            XADC                                         r  XADC_INST/inst/DCLK
  -------------------------------------------------------------------    -------------------
    XADC_X0Y0            XADC (Prop_xadc_DCLK_DO[0])
                                                      1.214    -1.271 r  XADC_INST/inst/DO[0]
                         net (fo=5, routed)           2.258     0.987    ADC_PROC_XADC/averager/Din[0]
    SLICE_X48Y70         LUT2 (Prop_lut2_I0_O)        0.150     1.137 r  ADC_PROC_XADC/averager/sum[3]_i_4/O
                         net (fo=2, routed)           0.448     1.585    ADC_PROC_XADC/averager/sum[3]_i_4_n_0
    SLICE_X48Y70         LUT4 (Prop_lut4_I3_O)        0.326     1.911 r  ADC_PROC_XADC/averager/sum[3]_i_8/O
                         net (fo=1, routed)           0.000     1.911    ADC_PROC_XADC/averager/sum[3]_i_8_n_0
    SLICE_X48Y70         CARRY4 (Prop_carry4_S[1]_CO[3])
                                                      0.550     2.461 r  ADC_PROC_XADC/averager/sum_reg[3]_i_1/CO[3]
                         net (fo=1, routed)           0.000     2.461    ADC_PROC_XADC/averager/sum_reg[3]_i_1_n_0
    SLICE_X48Y71         CARRY4 (Prop_carry4_CI_CO[3])
                                                      0.114     2.575 r  ADC_PROC_XADC/averager/sum_reg[7]_i_1/CO[3]
                         net (fo=1, routed)           0.000     2.575    ADC_PROC_XADC/averager/sum_reg[7]_i_1_n_0
    SLICE_X48Y72         CARRY4 (Prop_carry4_CI_CO[3])
                                                      0.114     2.689 r  ADC_PROC_XADC/averager/sum_reg[11]_i_1/CO[3]
                         net (fo=1, routed)           0.000     2.689    ADC_PROC_XADC/averager/sum_reg[11]_i_1_n_0
    SLICE_X48Y73         CARRY4 (Prop_carry4_CI_CO[3])
                                                      0.114     2.803 r  ADC_PROC_XADC/averager/sum_reg[15]_i_1/CO[3]
                         net (fo=1, routed)           0.000     2.803    ADC_PROC_XADC/averager/sum_reg[15]_i_1_n_0
    SLICE_X48Y74         CARRY4 (Prop_carry4_CI_CO[3])
                                                      0.114     2.917 r  ADC_PROC_XADC/averager/sum_reg[19]_i_1/CO[3]
                         net (fo=1, routed)           0.009     2.926    ADC_PROC_XADC/averager/sum_reg[19]_i_1_n_0
    SLICE_X48Y75         CARRY4 (Prop_carry4_CI_O[3])
                                                      0.313     3.239 r  ADC_PROC_XADC/averager/sum_reg[23]_i_1/O[3]
                         net (fo=1, routed)           0.000     3.239    ADC_PROC_XADC/averager/sum_reg[23]_i_1_n_4
    SLICE_X48Y75         FDRE                                         r  ADC_PROC_XADC/averager/sum_reg[23]/D
  -------------------------------------------------------------------    -------------------

                         (clock clk_out1_clk_wiz_0 rise edge)
                                                     10.000    10.000 r  
    W5                                                0.000    10.000 r  clk_in (IN)
                         net (fo=0)                   0.000    10.000    u_clk_wiz/inst/clk_in1
    W5                   IBUF (Prop_ibuf_I_O)         1.388    11.388 r  u_clk_wiz/inst/clkin1_ibufg/O
                         net (fo=1, routed)           1.181    12.569    u_clk_wiz/inst/clk_in1_clk_wiz_0
    PLLE2_ADV_X1Y0       PLLE2_ADV (Prop_plle2_adv_CLKIN1_CLKOUT0)
                                                     -7.750     4.819 r  u_clk_wiz/inst/plle2_adv_inst/CLKOUT0
                         net (fo=1, routed)           1.576     6.396    u_clk_wiz/inst/clk_out1_clk_wiz_0
    BUFGCTRL_X0Y0        BUFG (Prop_bufg_I_O)         0.091     6.487 r  u_clk_wiz/inst/clkout1_buf/O
                         net (fo=1596, routed)        1.424     7.910    ADC_PROC_XADC/averager/clk
    SLICE_X48Y75         FDRE                                         r  ADC_PROC_XADC/averager/sum_reg[23]/C
                         clock pessimism             -0.498     7.412    
                         clock uncertainty           -0.077     7.334    
    SLICE_X48Y75         FDRE (Setup_fdre_C_D)        0.062     7.396    ADC_PROC_XADC/averager/sum_reg[23]
  -------------------------------------------------------------------
                         required time                          7.396    
                         arrival time                          -3.239    
  -------------------------------------------------------------------
                         slack                                  4.157    

Slack (MET) :             4.202ns  (required time - arrival time)
  Source:                 INPUT_SYNC/out2_reg[0]/C
                            (rising edge-triggered cell FDRE clocked by clk_out1_clk_wiz_0_1  {rise@0.000ns fall@5.000ns period=10.000ns})
  Destination:            AUTO_CAL/offset_reg_reg[16]/D
                            (rising edge-triggered cell FDRE clocked by clk_out1_clk_wiz_0  {rise@0.000ns fall@5.000ns period=10.000ns})
  Path Group:             clk_out1_clk_wiz_0
  Path Type:              Setup (Max at Slow Process Corner)
  Requirement:            10.000ns  (clk_out1_clk_wiz_0 rise@10.000ns - clk_out1_clk_wiz_0_1 rise@0.000ns)
  Data Path Delay:        5.710ns  (logic 1.635ns (28.633%)  route 4.075ns (71.367%))
  Logic Levels:           5  (CARRY4=3 LUT2=1 LUT4=1)
  Clock Path Skew:        -0.119ns (DCD - SCD + CPR)
    Destination Clock Delay (DCD):    -2.087ns = ( 7.913 - 10.000 ) 
    Source Clock Delay      (SCD):    -2.395ns
    Clock Pessimism Removal (CPR):    -0.427ns
  Clock Uncertainty:      0.077ns  ((TSJ^2 + DJ^2)^1/2) / 2 + PE
    Total System Jitter     (TSJ):    0.071ns
    Discrete Jitter          (DJ):    0.138ns
    Phase Error              (PE):    0.000ns
  Clock Domain Crossing:  Inter clock paths are considered valid unless explicitly excluded by timing constraints such as set_clock_groups or set_false_path.

    Location             Delay type                Incr(ns)  Path(ns)    Netlist Resource(s)
  -------------------------------------------------------------------    -------------------
                         (clock clk_out1_clk_wiz_0_1 rise edge)
                                                      0.000     0.000 r  
    W5                                                0.000     0.000 r  clk_in (IN)
                         net (fo=0)                   0.000     0.000    u_clk_wiz/inst/clk_in1
    W5                   IBUF (Prop_ibuf_I_O)         1.458     1.458 r  u_clk_wiz/inst/clkin1_ibufg/O
                         net (fo=1, routed)           1.253     2.711    u_clk_wiz/inst/clk_in1_clk_wiz_0
    PLLE2_ADV_X1Y0       PLLE2_ADV (Prop_plle2_adv_CLKIN1_CLKOUT0)
                                                     -8.482    -5.770 r  u_clk_wiz/inst/plle2_adv_inst/CLKOUT0
                         net (fo=1, routed)           1.655    -4.115    u_clk_wiz/inst/clk_out1_clk_wiz_0
    BUFGCTRL_X0Y0        BUFG (Prop_bufg_I_O)         0.096    -4.019 r  u_clk_wiz/inst/clkout1_buf/O
                         net (fo=1596, routed)        1.624    -2.395    INPUT_SYNC/clk
    SLICE_X64Y60         FDRE                                         r  INPUT_SYNC/out2_reg[0]/C
  -------------------------------------------------------------------    -------------------
    SLICE_X64Y60         FDRE (Prop_fdre_C_Q)         0.518    -1.877 r  INPUT_SYNC/out2_reg[0]/Q
                         net (fo=54, routed)          3.550     1.673    AVE_DATA_EN/mode_select[0]
    SLICE_X53Y74         LUT4 (Prop_lut4_I1_O)        0.124     1.797 r  AVE_DATA_EN/data[9]_INST_0/O
                         net (fo=5, routed)           0.517     2.313    AUTO_CAL/ave_data[9]
    SLICE_X50Y74         LUT2 (Prop_lut2_I1_O)        0.124     2.437 r  AUTO_CAL/offset_reg[11]_i_4/O
                         net (fo=1, routed)           0.000     2.437    AUTO_CAL/offset_reg[11]_i_4_n_0
    SLICE_X50Y74         CARRY4 (Prop_carry4_S[1]_CO[3])
                                                      0.533     2.970 r  AUTO_CAL/offset_reg_reg[11]_i_1/CO[3]
                         net (fo=1, routed)           0.009     2.979    AUTO_CAL/offset_reg_reg[11]_i_1_n_0
    SLICE_X50Y75         CARRY4 (Prop_carry4_CI_CO[3])
                                                      0.117     3.096 r  AUTO_CAL/offset_reg_reg[15]_i_1/CO[3]
                         net (fo=1, routed)           0.000     3.096    AUTO_CAL/offset_reg_reg[15]_i_1_n_0
    SLICE_X50Y76         CARRY4 (Prop_carry4_CI_O[0])
                                                      0.219     3.315 r  AUTO_CAL/offset_reg_reg[16]_i_1/O[0]
                         net (fo=1, routed)           0.000     3.315    AUTO_CAL/offset_reg_reg[16]_i_1_n_7
    SLICE_X50Y76         FDRE                                         r  AUTO_CAL/offset_reg_reg[16]/D
  -------------------------------------------------------------------    -------------------

                         (clock clk_out1_clk_wiz_0 rise edge)
                                                     10.000    10.000 r  
    W5                                                0.000    10.000 r  clk_in (IN)
                         net (fo=0)                   0.000    10.000    u_clk_wiz/inst/clk_in1
    W5                   IBUF (Prop_ibuf_I_O)         1.388    11.388 r  u_clk_wiz/inst/clkin1_ibufg/O
                         net (fo=1, routed)           1.181    12.569    u_clk_wiz/inst/clk_in1_clk_wiz_0
    PLLE2_ADV_X1Y0       PLLE2_ADV (Prop_plle2_adv_CLKIN1_CLKOUT0)
                                                     -7.750     4.819 r  u_clk_wiz/inst/plle2_adv_inst/CLKOUT0
                         net (fo=1, routed)           1.576     6.396    u_clk_wiz/inst/clk_out1_clk_wiz_0
    BUFGCTRL_X0Y0        BUFG (Prop_bufg_I_O)         0.091     6.487 r  u_clk_wiz/inst/clkout1_buf/O
                         net (fo=1596, routed)        1.427     7.913    AUTO_CAL/clk
    SLICE_X50Y76         FDRE                                         r  AUTO_CAL/offset_reg_reg[16]/C
                         clock pessimism             -0.427     7.486    
                         clock uncertainty           -0.077     7.409    
    SLICE_X50Y76         FDRE (Setup_fdre_C_D)        0.109     7.518    AUTO_CAL/offset_reg_reg[16]
  -------------------------------------------------------------------
                         required time                          7.518    
                         arrival time                          -3.315    
  -------------------------------------------------------------------
                         slack                                  4.202    

Slack (MET) :             4.213ns  (required time - arrival time)
  Source:                 INPUT_SYNC/out2_reg[0]/C
                            (rising edge-triggered cell FDRE clocked by clk_out1_clk_wiz_0_1  {rise@0.000ns fall@5.000ns period=10.000ns})
  Destination:            AUTO_CAL/offset_reg_reg[13]/D
                            (rising edge-triggered cell FDRE clocked by clk_out1_clk_wiz_0  {rise@0.000ns fall@5.000ns period=10.000ns})
  Path Group:             clk_out1_clk_wiz_0
  Path Type:              Setup (Max at Slow Process Corner)
  Requirement:            10.000ns  (clk_out1_clk_wiz_0 rise@10.000ns - clk_out1_clk_wiz_0_1 rise@0.000ns)
  Data Path Delay:        5.697ns  (logic 1.622ns (28.470%)  route 4.075ns (71.530%))
  Logic Levels:           4  (CARRY4=2 LUT2=1 LUT4=1)
  Clock Path Skew:        -0.121ns (DCD - SCD + CPR)
    Destination Clock Delay (DCD):    -2.089ns = ( 7.911 - 10.000 ) 
    Source Clock Delay      (SCD):    -2.395ns
    Clock Pessimism Removal (CPR):    -0.427ns
  Clock Uncertainty:      0.077ns  ((TSJ^2 + DJ^2)^1/2) / 2 + PE
    Total System Jitter     (TSJ):    0.071ns
    Discrete Jitter          (DJ):    0.138ns
    Phase Error              (PE):    0.000ns
  Clock Domain Crossing:  Inter clock paths are considered valid unless explicitly excluded by timing constraints such as set_clock_groups or set_false_path.

    Location             Delay type                Incr(ns)  Path(ns)    Netlist Resource(s)
  -------------------------------------------------------------------    -------------------
                         (clock clk_out1_clk_wiz_0_1 rise edge)
                                                      0.000     0.000 r  
    W5                                                0.000     0.000 r  clk_in (IN)
                         net (fo=0)                   0.000     0.000    u_clk_wiz/inst/clk_in1
    W5                   IBUF (Prop_ibuf_I_O)         1.458     1.458 r  u_clk_wiz/inst/clkin1_ibufg/O
                         net (fo=1, routed)           1.253     2.711    u_clk_wiz/inst/clk_in1_clk_wiz_0
    PLLE2_ADV_X1Y0       PLLE2_ADV (Prop_plle2_adv_CLKIN1_CLKOUT0)
                                                     -8.482    -5.770 r  u_clk_wiz/inst/plle2_adv_inst/CLKOUT0
                         net (fo=1, routed)           1.655    -4.115    u_clk_wiz/inst/clk_out1_clk_wiz_0
    BUFGCTRL_X0Y0        BUFG (Prop_bufg_I_O)         0.096    -4.019 r  u_clk_wiz/inst/clkout1_buf/O
                         net (fo=1596, routed)        1.624    -2.395    INPUT_SYNC/clk
    SLICE_X64Y60         FDRE                                         r  INPUT_SYNC/out2_reg[0]/C
  -------------------------------------------------------------------    -------------------
    SLICE_X64Y60         FDRE (Prop_fdre_C_Q)         0.518    -1.877 r  INPUT_SYNC/out2_reg[0]/Q
                         net (fo=54, routed)          3.550     1.673    AVE_DATA_EN/mode_select[0]
    SLICE_X53Y74         LUT4 (Prop_lut4_I1_O)        0.124     1.797 r  AVE_DATA_EN/data[9]_INST_0/O
                         net (fo=5, routed)           0.517     2.313    AUTO_CAL/ave_data[9]
    SLICE_X50Y74         LUT2 (Prop_lut2_I1_O)        0.124     2.437 r  AUTO_CAL/offset_reg[11]_i_4/O
                         net (fo=1, routed)           0.000     2.437    AUTO_CAL/offset_reg[11]_i_4_n_0
    SLICE_X50Y74         CARRY4 (Prop_carry4_S[1]_CO[3])
                                                      0.533     2.970 r  AUTO_CAL/offset_reg_reg[11]_i_1/CO[3]
                         net (fo=1, routed)           0.009     2.979    AUTO_CAL/offset_reg_reg[11]_i_1_n_0
    SLICE_X50Y75         CARRY4 (Prop_carry4_CI_O[1])
                                                      0.323     3.302 r  AUTO_CAL/offset_reg_reg[15]_i_1/O[1]
                         net (fo=1, routed)           0.000     3.302    AUTO_CAL/offset_reg_reg[15]_i_1_n_6
    SLICE_X50Y75         FDRE                                         r  AUTO_CAL/offset_reg_reg[13]/D
  -------------------------------------------------------------------    -------------------

                         (clock clk_out1_clk_wiz_0 rise edge)
                                                     10.000    10.000 r  
    W5                                                0.000    10.000 r  clk_in (IN)
                         net (fo=0)                   0.000    10.000    u_clk_wiz/inst/clk_in1
    W5                   IBUF (Prop_ibuf_I_O)         1.388    11.388 r  u_clk_wiz/inst/clkin1_ibufg/O
                         net (fo=1, routed)           1.181    12.569    u_clk_wiz/inst/clk_in1_clk_wiz_0
    PLLE2_ADV_X1Y0       PLLE2_ADV (Prop_plle2_adv_CLKIN1_CLKOUT0)
                                                     -7.750     4.819 r  u_clk_wiz/inst/plle2_adv_inst/CLKOUT0
                         net (fo=1, routed)           1.576     6.396    u_clk_wiz/inst/clk_out1_clk_wiz_0
    BUFGCTRL_X0Y0        BUFG (Prop_bufg_I_O)         0.091     6.487 r  u_clk_wiz/inst/clkout1_buf/O
                         net (fo=1596, routed)        1.425     7.911    AUTO_CAL/clk
    SLICE_X50Y75         FDRE                                         r  AUTO_CAL/offset_reg_reg[13]/C
                         clock pessimism             -0.427     7.484    
                         clock uncertainty           -0.077     7.407    
    SLICE_X50Y75         FDRE (Setup_fdre_C_D)        0.109     7.516    AUTO_CAL/offset_reg_reg[13]
  -------------------------------------------------------------------
                         required time                          7.516    
                         arrival time                          -3.302    
  -------------------------------------------------------------------
                         slack                                  4.213    

Slack (MET) :             4.221ns  (required time - arrival time)
  Source:                 INPUT_SYNC/out2_reg[0]/C
                            (rising edge-triggered cell FDRE clocked by clk_out1_clk_wiz_0_1  {rise@0.000ns fall@5.000ns period=10.000ns})
  Destination:            AUTO_CAL/offset_reg_reg[15]/D
                            (rising edge-triggered cell FDRE clocked by clk_out1_clk_wiz_0  {rise@0.000ns fall@5.000ns period=10.000ns})
  Path Group:             clk_out1_clk_wiz_0
  Path Type:              Setup (Max at Slow Process Corner)
  Requirement:            10.000ns  (clk_out1_clk_wiz_0 rise@10.000ns - clk_out1_clk_wiz_0_1 rise@0.000ns)
  Data Path Delay:        5.689ns  (logic 1.614ns (28.370%)  route 4.075ns (71.630%))
  Logic Levels:           4  (CARRY4=2 LUT2=1 LUT4=1)
  Clock Path Skew:        -0.121ns (DCD - SCD + CPR)
    Destination Clock Delay (DCD):    -2.089ns = ( 7.911 - 10.000 ) 
    Source Clock Delay      (SCD):    -2.395ns
    Clock Pessimism Removal (CPR):    -0.427ns
  Clock Uncertainty:      0.077ns  ((TSJ^2 + DJ^2)^1/2) / 2 + PE
    Total System Jitter     (TSJ):    0.071ns
    Discrete Jitter          (DJ):    0.138ns
    Phase Error              (PE):    0.000ns
  Clock Domain Crossing:  Inter clock paths are considered valid unless explicitly excluded by timing constraints such as set_clock_groups or set_false_path.

    Location             Delay type                Incr(ns)  Path(ns)    Netlist Resource(s)
  -------------------------------------------------------------------    -------------------
                         (clock clk_out1_clk_wiz_0_1 rise edge)
                                                      0.000     0.000 r  
    W5                                                0.000     0.000 r  clk_in (IN)
                         net (fo=0)                   0.000     0.000    u_clk_wiz/inst/clk_in1
    W5                   IBUF (Prop_ibuf_I_O)         1.458     1.458 r  u_clk_wiz/inst/clkin1_ibufg/O
                         net (fo=1, routed)           1.253     2.711    u_clk_wiz/inst/clk_in1_clk_wiz_0
    PLLE2_ADV_X1Y0       PLLE2_ADV (Prop_plle2_adv_CLKIN1_CLKOUT0)
                                                     -8.482    -5.770 r  u_clk_wiz/inst/plle2_adv_inst/CLKOUT0
                         net (fo=1, routed)           1.655    -4.115    u_clk_wiz/inst/clk_out1_clk_wiz_0
    BUFGCTRL_X0Y0        BUFG (Prop_bufg_I_O)         0.096    -4.019 r  u_clk_wiz/inst/clkout1_buf/O
                         net (fo=1596, routed)        1.624    -2.395    INPUT_SYNC/clk
    SLICE_X64Y60         FDRE                                         r  INPUT_SYNC/out2_reg[0]/C
  -------------------------------------------------------------------    -------------------
    SLICE_X64Y60         FDRE (Prop_fdre_C_Q)         0.518    -1.877 r  INPUT_SYNC/out2_reg[0]/Q
                         net (fo=54, routed)          3.550     1.673    AVE_DATA_EN/mode_select[0]
    SLICE_X53Y74         LUT4 (Prop_lut4_I1_O)        0.124     1.797 r  AVE_DATA_EN/data[9]_INST_0/O
                         net (fo=5, routed)           0.517     2.313    AUTO_CAL/ave_data[9]
    SLICE_X50Y74         LUT2 (Prop_lut2_I1_O)        0.124     2.437 r  AUTO_CAL/offset_reg[11]_i_4/O
                         net (fo=1, routed)           0.000     2.437    AUTO_CAL/offset_reg[11]_i_4_n_0
    SLICE_X50Y74         CARRY4 (Prop_carry4_S[1]_CO[3])
                                                      0.533     2.970 r  AUTO_CAL/offset_reg_reg[11]_i_1/CO[3]
                         net (fo=1, routed)           0.009     2.979    AUTO_CAL/offset_reg_reg[11]_i_1_n_0
    SLICE_X50Y75         CARRY4 (Prop_carry4_CI_O[3])
                                                      0.315     3.294 r  AUTO_CAL/offset_reg_reg[15]_i_1/O[3]
                         net (fo=1, routed)           0.000     3.294    AUTO_CAL/offset_reg_reg[15]_i_1_n_4
    SLICE_X50Y75         FDRE                                         r  AUTO_CAL/offset_reg_reg[15]/D
  -------------------------------------------------------------------    -------------------

                         (clock clk_out1_clk_wiz_0 rise edge)
                                                     10.000    10.000 r  
    W5                                                0.000    10.000 r  clk_in (IN)
                         net (fo=0)                   0.000    10.000    u_clk_wiz/inst/clk_in1
    W5                   IBUF (Prop_ibuf_I_O)         1.388    11.388 r  u_clk_wiz/inst/clkin1_ibufg/O
                         net (fo=1, routed)           1.181    12.569    u_clk_wiz/inst/clk_in1_clk_wiz_0
    PLLE2_ADV_X1Y0       PLLE2_ADV (Prop_plle2_adv_CLKIN1_CLKOUT0)
                                                     -7.750     4.819 r  u_clk_wiz/inst/plle2_adv_inst/CLKOUT0
                         net (fo=1, routed)           1.576     6.396    u_clk_wiz/inst/clk_out1_clk_wiz_0
    BUFGCTRL_X0Y0        BUFG (Prop_bufg_I_O)         0.091     6.487 r  u_clk_wiz/inst/clkout1_buf/O
                         net (fo=1596, routed)        1.425     7.911    AUTO_CAL/clk
    SLICE_X50Y75         FDRE                                         r  AUTO_CAL/offset_reg_reg[15]/C
                         clock pessimism             -0.427     7.484    
                         clock uncertainty           -0.077     7.407    
    SLICE_X50Y75         FDRE (Setup_fdre_C_D)        0.109     7.516    AUTO_CAL/offset_reg_reg[15]
  -------------------------------------------------------------------
                         required time                          7.516    
                         arrival time                          -3.294    
  -------------------------------------------------------------------
                         slack                                  4.221    

Slack (MET) :             4.231ns  (required time - arrival time)
  Source:                 XADC_INST/inst/DCLK
                            (rising edge-triggered cell XADC clocked by clk_out1_clk_wiz_0_1  {rise@0.000ns fall@5.000ns period=10.000ns})
  Destination:            ADC_PROC_XADC/averager/sum_reg[22]/D
                            (rising edge-triggered cell FDRE clocked by clk_out1_clk_wiz_0  {rise@0.000ns fall@5.000ns period=10.000ns})
  Path Group:             clk_out1_clk_wiz_0
  Path Type:              Setup (Max at Slow Process Corner)
  Requirement:            10.000ns  (clk_out1_clk_wiz_0 rise@10.000ns - clk_out1_clk_wiz_0_1 rise@0.000ns)
  Data Path Delay:        5.650ns  (logic 2.935ns (51.947%)  route 2.715ns (48.053%))
  Logic Levels:           8  (CARRY4=6 LUT2=1 LUT4=1)
  Clock Path Skew:        -0.103ns (DCD - SCD + CPR)
    Destination Clock Delay (DCD):    -2.090ns = ( 7.910 - 10.000 ) 
    Source Clock Delay      (SCD):    -2.485ns
    Clock Pessimism Removal (CPR):    -0.498ns
  Clock Uncertainty:      0.077ns  ((TSJ^2 + DJ^2)^1/2) / 2 + PE
    Total System Jitter     (TSJ):    0.071ns
    Discrete Jitter          (DJ):    0.138ns
    Phase Error              (PE):    0.000ns
  Clock Domain Crossing:  Inter clock paths are considered valid unless explicitly excluded by timing constraints such as set_clock_groups or set_false_path.

    Location             Delay type                Incr(ns)  Path(ns)    Netlist Resource(s)
  -------------------------------------------------------------------    -------------------
                         (clock clk_out1_clk_wiz_0_1 rise edge)
                                                      0.000     0.000 r  
    W5                                                0.000     0.000 r  clk_in (IN)
                         net (fo=0)                   0.000     0.000    u_clk_wiz/inst/clk_in1
    W5                   IBUF (Prop_ibuf_I_O)         1.458     1.458 r  u_clk_wiz/inst/clkin1_ibufg/O
                         net (fo=1, routed)           1.253     2.711    u_clk_wiz/inst/clk_in1_clk_wiz_0
    PLLE2_ADV_X1Y0       PLLE2_ADV (Prop_plle2_adv_CLKIN1_CLKOUT0)
                                                     -8.482    -5.770 r  u_clk_wiz/inst/plle2_adv_inst/CLKOUT0
                         net (fo=1, routed)           1.655    -4.115    u_clk_wiz/inst/clk_out1_clk_wiz_0
    BUFGCTRL_X0Y0        BUFG (Prop_bufg_I_O)         0.096    -4.019 r  u_clk_wiz/inst/clkout1_buf/O
                         net (fo=1596, routed)        1.534    -2.485    XADC_INST/dclk_in
    XADC_X0Y0            XADC                                         r  XADC_INST/inst/DCLK
  -------------------------------------------------------------------    -------------------
    XADC_X0Y0            XADC (Prop_xadc_DCLK_DO[0])
                                                      1.214    -1.271 r  XADC_INST/inst/DO[0]
                         net (fo=5, routed)           2.258     0.987    ADC_PROC_XADC/averager/Din[0]
    SLICE_X48Y70         LUT2 (Prop_lut2_I0_O)        0.150     1.137 r  ADC_PROC_XADC/averager/sum[3]_i_4/O
                         net (fo=2, routed)           0.448     1.585    ADC_PROC_XADC/averager/sum[3]_i_4_n_0
    SLICE_X48Y70         LUT4 (Prop_lut4_I3_O)        0.326     1.911 r  ADC_PROC_XADC/averager/sum[3]_i_8/O
                         net (fo=1, routed)           0.000     1.911    ADC_PROC_XADC/averager/sum[3]_i_8_n_0
    SLICE_X48Y70         CARRY4 (Prop_carry4_S[1]_CO[3])
                                                      0.550     2.461 r  ADC_PROC_XADC/averager/sum_reg[3]_i_1/CO[3]
                         net (fo=1, routed)           0.000     2.461    ADC_PROC_XADC/averager/sum_reg[3]_i_1_n_0
    SLICE_X48Y71         CARRY4 (Prop_carry4_CI_CO[3])
                                                      0.114     2.575 r  ADC_PROC_XADC/averager/sum_reg[7]_i_1/CO[3]
                         net (fo=1, routed)           0.000     2.575    ADC_PROC_XADC/averager/sum_reg[7]_i_1_n_0
    SLICE_X48Y72         CARRY4 (Prop_carry4_CI_CO[3])
                                                      0.114     2.689 r  ADC_PROC_XADC/averager/sum_reg[11]_i_1/CO[3]
                         net (fo=1, routed)           0.000     2.689    ADC_PROC_XADC/averager/sum_reg[11]_i_1_n_0
    SLICE_X48Y73         CARRY4 (Prop_carry4_CI_CO[3])
                                                      0.114     2.803 r  ADC_PROC_XADC/averager/sum_reg[15]_i_1/CO[3]
                         net (fo=1, routed)           0.000     2.803    ADC_PROC_XADC/averager/sum_reg[15]_i_1_n_0
    SLICE_X48Y74         CARRY4 (Prop_carry4_CI_CO[3])
                                                      0.114     2.917 r  ADC_PROC_XADC/averager/sum_reg[19]_i_1/CO[3]
                         net (fo=1, routed)           0.009     2.926    ADC_PROC_XADC/averager/sum_reg[19]_i_1_n_0
    SLICE_X48Y75         CARRY4 (Prop_carry4_CI_O[2])
                                                      0.239     3.165 r  ADC_PROC_XADC/averager/sum_reg[23]_i_1/O[2]
                         net (fo=1, routed)           0.000     3.165    ADC_PROC_XADC/averager/sum_reg[23]_i_1_n_5
    SLICE_X48Y75         FDRE                                         r  ADC_PROC_XADC/averager/sum_reg[22]/D
  -------------------------------------------------------------------    -------------------

                         (clock clk_out1_clk_wiz_0 rise edge)
                                                     10.000    10.000 r  
    W5                                                0.000    10.000 r  clk_in (IN)
                         net (fo=0)                   0.000    10.000    u_clk_wiz/inst/clk_in1
    W5                   IBUF (Prop_ibuf_I_O)         1.388    11.388 r  u_clk_wiz/inst/clkin1_ibufg/O
                         net (fo=1, routed)           1.181    12.569    u_clk_wiz/inst/clk_in1_clk_wiz_0
    PLLE2_ADV_X1Y0       PLLE2_ADV (Prop_plle2_adv_CLKIN1_CLKOUT0)
                                                     -7.750     4.819 r  u_clk_wiz/inst/plle2_adv_inst/CLKOUT0
                         net (fo=1, routed)           1.576     6.396    u_clk_wiz/inst/clk_out1_clk_wiz_0
    BUFGCTRL_X0Y0        BUFG (Prop_bufg_I_O)         0.091     6.487 r  u_clk_wiz/inst/clkout1_buf/O
                         net (fo=1596, routed)        1.424     7.910    ADC_PROC_XADC/averager/clk
    SLICE_X48Y75         FDRE                                         r  ADC_PROC_XADC/averager/sum_reg[22]/C
                         clock pessimism             -0.498     7.412    
                         clock uncertainty           -0.077     7.334    
    SLICE_X48Y75         FDRE (Setup_fdre_C_D)        0.062     7.396    ADC_PROC_XADC/averager/sum_reg[22]
  -------------------------------------------------------------------
                         required time                          7.396    
                         arrival time                          -3.165    
  -------------------------------------------------------------------
                         slack                                  4.231    

Slack (MET) :             4.247ns  (required time - arrival time)
  Source:                 XADC_INST/inst/DCLK
                            (rising edge-triggered cell XADC clocked by clk_out1_clk_wiz_0_1  {rise@0.000ns fall@5.000ns period=10.000ns})
  Destination:            ADC_PROC_XADC/averager/sum_reg[20]/D
                            (rising edge-triggered cell FDRE clocked by clk_out1_clk_wiz_0  {rise@0.000ns fall@5.000ns period=10.000ns})
  Path Group:             clk_out1_clk_wiz_0
  Path Type:              Setup (Max at Slow Process Corner)
  Requirement:            10.000ns  (clk_out1_clk_wiz_0 rise@10.000ns - clk_out1_clk_wiz_0_1 rise@0.000ns)
  Data Path Delay:        5.634ns  (logic 2.919ns (51.811%)  route 2.715ns (48.189%))
  Logic Levels:           8  (CARRY4=6 LUT2=1 LUT4=1)
  Clock Path Skew:        -0.103ns (DCD - SCD + CPR)
    Destination Clock Delay (DCD):    -2.090ns = ( 7.910 - 10.000 ) 
    Source Clock Delay      (SCD):    -2.485ns
    Clock Pessimism Removal (CPR):    -0.498ns
  Clock Uncertainty:      0.077ns  ((TSJ^2 + DJ^2)^1/2) / 2 + PE
    Total System Jitter     (TSJ):    0.071ns
    Discrete Jitter          (DJ):    0.138ns
    Phase Error              (PE):    0.000ns
  Clock Domain Crossing:  Inter clock paths are considered valid unless explicitly excluded by timing constraints such as set_clock_groups or set_false_path.

    Location             Delay type                Incr(ns)  Path(ns)    Netlist Resource(s)
  -------------------------------------------------------------------    -------------------
                         (clock clk_out1_clk_wiz_0_1 rise edge)
                                                      0.000     0.000 r  
    W5                                                0.000     0.000 r  clk_in (IN)
                         net (fo=0)                   0.000     0.000    u_clk_wiz/inst/clk_in1
    W5                   IBUF (Prop_ibuf_I_O)         1.458     1.458 r  u_clk_wiz/inst/clkin1_ibufg/O
                         net (fo=1, routed)           1.253     2.711    u_clk_wiz/inst/clk_in1_clk_wiz_0
    PLLE2_ADV_X1Y0       PLLE2_ADV (Prop_plle2_adv_CLKIN1_CLKOUT0)
                                                     -8.482    -5.770 r  u_clk_wiz/inst/plle2_adv_inst/CLKOUT0
                         net (fo=1, routed)           1.655    -4.115    u_clk_wiz/inst/clk_out1_clk_wiz_0
    BUFGCTRL_X0Y0        BUFG (Prop_bufg_I_O)         0.096    -4.019 r  u_clk_wiz/inst/clkout1_buf/O
                         net (fo=1596, routed)        1.534    -2.485    XADC_INST/dclk_in
    XADC_X0Y0            XADC                                         r  XADC_INST/inst/DCLK
  -------------------------------------------------------------------    -------------------
    XADC_X0Y0            XADC (Prop_xadc_DCLK_DO[0])
                                                      1.214    -1.271 r  XADC_INST/inst/DO[0]
                         net (fo=5, routed)           2.258     0.987    ADC_PROC_XADC/averager/Din[0]
    SLICE_X48Y70         LUT2 (Prop_lut2_I0_O)        0.150     1.137 r  ADC_PROC_XADC/averager/sum[3]_i_4/O
                         net (fo=2, routed)           0.448     1.585    ADC_PROC_XADC/averager/sum[3]_i_4_n_0
    SLICE_X48Y70         LUT4 (Prop_lut4_I3_O)        0.326     1.911 r  ADC_PROC_XADC/averager/sum[3]_i_8/O
                         net (fo=1, routed)           0.000     1.911    ADC_PROC_XADC/averager/sum[3]_i_8_n_0
    SLICE_X48Y70         CARRY4 (Prop_carry4_S[1]_CO[3])
                                                      0.550     2.461 r  ADC_PROC_XADC/averager/sum_reg[3]_i_1/CO[3]
                         net (fo=1, routed)           0.000     2.461    ADC_PROC_XADC/averager/sum_reg[3]_i_1_n_0
    SLICE_X48Y71         CARRY4 (Prop_carry4_CI_CO[3])
                                                      0.114     2.575 r  ADC_PROC_XADC/averager/sum_reg[7]_i_1/CO[3]
                         net (fo=1, routed)           0.000     2.575    ADC_PROC_XADC/averager/sum_reg[7]_i_1_n_0
    SLICE_X48Y72         CARRY4 (Prop_carry4_CI_CO[3])
                                                      0.114     2.689 r  ADC_PROC_XADC/averager/sum_reg[11]_i_1/CO[3]
                         net (fo=1, routed)           0.000     2.689    ADC_PROC_XADC/averager/sum_reg[11]_i_1_n_0
    SLICE_X48Y73         CARRY4 (Prop_carry4_CI_CO[3])
                                                      0.114     2.803 r  ADC_PROC_XADC/averager/sum_reg[15]_i_1/CO[3]
                         net (fo=1, routed)           0.000     2.803    ADC_PROC_XADC/averager/sum_reg[15]_i_1_n_0
    SLICE_X48Y74         CARRY4 (Prop_carry4_CI_CO[3])
                                                      0.114     2.917 r  ADC_PROC_XADC/averager/sum_reg[19]_i_1/CO[3]
                         net (fo=1, routed)           0.009     2.926    ADC_PROC_XADC/averager/sum_reg[19]_i_1_n_0
    SLICE_X48Y75         CARRY4 (Prop_carry4_CI_O[0])
                                                      0.223     3.149 r  ADC_PROC_XADC/averager/sum_reg[23]_i_1/O[0]
                         net (fo=1, routed)           0.000     3.149    ADC_PROC_XADC/averager/sum_reg[23]_i_1_n_7
    SLICE_X48Y75         FDRE                                         r  ADC_PROC_XADC/averager/sum_reg[20]/D
  -------------------------------------------------------------------    -------------------

                         (clock clk_out1_clk_wiz_0 rise edge)
                                                     10.000    10.000 r  
    W5                                                0.000    10.000 r  clk_in (IN)
                         net (fo=0)                   0.000    10.000    u_clk_wiz/inst/clk_in1
    W5                   IBUF (Prop_ibuf_I_O)         1.388    11.388 r  u_clk_wiz/inst/clkin1_ibufg/O
                         net (fo=1, routed)           1.181    12.569    u_clk_wiz/inst/clk_in1_clk_wiz_0
    PLLE2_ADV_X1Y0       PLLE2_ADV (Prop_plle2_adv_CLKIN1_CLKOUT0)
                                                     -7.750     4.819 r  u_clk_wiz/inst/plle2_adv_inst/CLKOUT0
                         net (fo=1, routed)           1.576     6.396    u_clk_wiz/inst/clk_out1_clk_wiz_0
    BUFGCTRL_X0Y0        BUFG (Prop_bufg_I_O)         0.091     6.487 r  u_clk_wiz/inst/clkout1_buf/O
                         net (fo=1596, routed)        1.424     7.910    ADC_PROC_XADC/averager/clk
    SLICE_X48Y75         FDRE                                         r  ADC_PROC_XADC/averager/sum_reg[20]/C
                         clock pessimism             -0.498     7.412    
                         clock uncertainty           -0.077     7.334    
    SLICE_X48Y75         FDRE (Setup_fdre_C_D)        0.062     7.396    ADC_PROC_XADC/averager/sum_reg[20]
  -------------------------------------------------------------------
                         required time                          7.396    
                         arrival time                          -3.149    
  -------------------------------------------------------------------
                         slack                                  4.247    

Slack (MET) :             4.259ns  (required time - arrival time)
  Source:                 XADC_INST/inst/DCLK
                            (rising edge-triggered cell XADC clocked by clk_out1_clk_wiz_0_1  {rise@0.000ns fall@5.000ns period=10.000ns})
  Destination:            ADC_PROC_XADC/averager/sum_reg[17]/D
                            (rising edge-triggered cell FDRE clocked by clk_out1_clk_wiz_0  {rise@0.000ns fall@5.000ns period=10.000ns})
  Path Group:             clk_out1_clk_wiz_0
  Path Type:              Setup (Max at Slow Process Corner)
  Requirement:            10.000ns  (clk_out1_clk_wiz_0 rise@10.000ns - clk_out1_clk_wiz_0_1 rise@0.000ns)
  Data Path Delay:        5.622ns  (logic 2.916ns (51.868%)  route 2.706ns (48.132%))
  Logic Levels:           7  (CARRY4=5 LUT2=1 LUT4=1)
  Clock Path Skew:        -0.103ns (DCD - SCD + CPR)
    Destination Clock Delay (DCD):    -2.090ns = ( 7.910 - 10.000 ) 
    Source Clock Delay      (SCD):    -2.485ns
    Clock Pessimism Removal (CPR):    -0.498ns
  Clock Uncertainty:      0.077ns  ((TSJ^2 + DJ^2)^1/2) / 2 + PE
    Total System Jitter     (TSJ):    0.071ns
    Discrete Jitter          (DJ):    0.138ns
    Phase Error              (PE):    0.000ns
  Clock Domain Crossing:  Inter clock paths are considered valid unless explicitly excluded by timing constraints such as set_clock_groups or set_false_path.

    Location             Delay type                Incr(ns)  Path(ns)    Netlist Resource(s)
  -------------------------------------------------------------------    -------------------
                         (clock clk_out1_clk_wiz_0_1 rise edge)
                                                      0.000     0.000 r  
    W5                                                0.000     0.000 r  clk_in (IN)
                         net (fo=0)                   0.000     0.000    u_clk_wiz/inst/clk_in1
    W5                   IBUF (Prop_ibuf_I_O)         1.458     1.458 r  u_clk_wiz/inst/clkin1_ibufg/O
                         net (fo=1, routed)           1.253     2.711    u_clk_wiz/inst/clk_in1_clk_wiz_0
    PLLE2_ADV_X1Y0       PLLE2_ADV (Prop_plle2_adv_CLKIN1_CLKOUT0)
                                                     -8.482    -5.770 r  u_clk_wiz/inst/plle2_adv_inst/CLKOUT0
                         net (fo=1, routed)           1.655    -4.115    u_clk_wiz/inst/clk_out1_clk_wiz_0
    BUFGCTRL_X0Y0        BUFG (Prop_bufg_I_O)         0.096    -4.019 r  u_clk_wiz/inst/clkout1_buf/O
                         net (fo=1596, routed)        1.534    -2.485    XADC_INST/dclk_in
    XADC_X0Y0            XADC                                         r  XADC_INST/inst/DCLK
  -------------------------------------------------------------------    -------------------
    XADC_X0Y0            XADC (Prop_xadc_DCLK_DO[0])
                                                      1.214    -1.271 r  XADC_INST/inst/DO[0]
                         net (fo=5, routed)           2.258     0.987    ADC_PROC_XADC/averager/Din[0]
    SLICE_X48Y70         LUT2 (Prop_lut2_I0_O)        0.150     1.137 r  ADC_PROC_XADC/averager/sum[3]_i_4/O
                         net (fo=2, routed)           0.448     1.585    ADC_PROC_XADC/averager/sum[3]_i_4_n_0
    SLICE_X48Y70         LUT4 (Prop_lut4_I3_O)        0.326     1.911 r  ADC_PROC_XADC/averager/sum[3]_i_8/O
                         net (fo=1, routed)           0.000     1.911    ADC_PROC_XADC/averager/sum[3]_i_8_n_0
    SLICE_X48Y70         CARRY4 (Prop_carry4_S[1]_CO[3])
                                                      0.550     2.461 r  ADC_PROC_XADC/averager/sum_reg[3]_i_1/CO[3]
                         net (fo=1, routed)           0.000     2.461    ADC_PROC_XADC/averager/sum_reg[3]_i_1_n_0
    SLICE_X48Y71         CARRY4 (Prop_carry4_CI_CO[3])
                                                      0.114     2.575 r  ADC_PROC_XADC/averager/sum_reg[7]_i_1/CO[3]
                         net (fo=1, routed)           0.000     2.575    ADC_PROC_XADC/averager/sum_reg[7]_i_1_n_0
    SLICE_X48Y72         CARRY4 (Prop_carry4_CI_CO[3])
                                                      0.114     2.689 r  ADC_PROC_XADC/averager/sum_reg[11]_i_1/CO[3]
                         net (fo=1, routed)           0.000     2.689    ADC_PROC_XADC/averager/sum_reg[11]_i_1_n_0
    SLICE_X48Y73         CARRY4 (Prop_carry4_CI_CO[3])
                                                      0.114     2.803 r  ADC_PROC_XADC/averager/sum_reg[15]_i_1/CO[3]
                         net (fo=1, routed)           0.000     2.803    ADC_PROC_XADC/averager/sum_reg[15]_i_1_n_0
    SLICE_X48Y74         CARRY4 (Prop_carry4_CI_O[1])
                                                      0.334     3.137 r  ADC_PROC_XADC/averager/sum_reg[19]_i_1/O[1]
                         net (fo=1, routed)           0.000     3.137    ADC_PROC_XADC/averager/sum_reg[19]_i_1_n_6
    SLICE_X48Y74         FDRE                                         r  ADC_PROC_XADC/averager/sum_reg[17]/D
  -------------------------------------------------------------------    -------------------

                         (clock clk_out1_clk_wiz_0 rise edge)
                                                     10.000    10.000 r  
    W5                                                0.000    10.000 r  clk_in (IN)
                         net (fo=0)                   0.000    10.000    u_clk_wiz/inst/clk_in1
    W5                   IBUF (Prop_ibuf_I_O)         1.388    11.388 r  u_clk_wiz/inst/clkin1_ibufg/O
                         net (fo=1, routed)           1.181    12.569    u_clk_wiz/inst/clk_in1_clk_wiz_0
    PLLE2_ADV_X1Y0       PLLE2_ADV (Prop_plle2_adv_CLKIN1_CLKOUT0)
                                                     -7.750     4.819 r  u_clk_wiz/inst/plle2_adv_inst/CLKOUT0
                         net (fo=1, routed)           1.576     6.396    u_clk_wiz/inst/clk_out1_clk_wiz_0
    BUFGCTRL_X0Y0        BUFG (Prop_bufg_I_O)         0.091     6.487 r  u_clk_wiz/inst/clkout1_buf/O
                         net (fo=1596, routed)        1.424     7.910    ADC_PROC_XADC/averager/clk
    SLICE_X48Y74         FDRE                                         r  ADC_PROC_XADC/averager/sum_reg[17]/C
                         clock pessimism             -0.498     7.412    
                         clock uncertainty           -0.077     7.334    
    SLICE_X48Y74         FDRE (Setup_fdre_C_D)        0.062     7.396    ADC_PROC_XADC/averager/sum_reg[17]
  -------------------------------------------------------------------
                         required time                          7.396    
                         arrival time                          -3.137    
  -------------------------------------------------------------------
                         slack                                  4.259    

Slack (MET) :             4.280ns  (required time - arrival time)
  Source:                 XADC_INST/inst/DCLK
                            (rising edge-triggered cell XADC clocked by clk_out1_clk_wiz_0_1  {rise@0.000ns fall@5.000ns period=10.000ns})
  Destination:            ADC_PROC_XADC/averager/sum_reg[19]/D
                            (rising edge-triggered cell FDRE clocked by clk_out1_clk_wiz_0  {rise@0.000ns fall@5.000ns period=10.000ns})
  Path Group:             clk_out1_clk_wiz_0
  Path Type:              Setup (Max at Slow Process Corner)
  Requirement:            10.000ns  (clk_out1_clk_wiz_0 rise@10.000ns - clk_out1_clk_wiz_0_1 rise@0.000ns)
  Data Path Delay:        5.601ns  (logic 2.895ns (51.688%)  route 2.706ns (48.312%))
  Logic Levels:           7  (CARRY4=5 LUT2=1 LUT4=1)
  Clock Path Skew:        -0.103ns (DCD - SCD + CPR)
    Destination Clock Delay (DCD):    -2.090ns = ( 7.910 - 10.000 ) 
    Source Clock Delay      (SCD):    -2.485ns
    Clock Pessimism Removal (CPR):    -0.498ns
  Clock Uncertainty:      0.077ns  ((TSJ^2 + DJ^2)^1/2) / 2 + PE
    Total System Jitter     (TSJ):    0.071ns
    Discrete Jitter          (DJ):    0.138ns
    Phase Error              (PE):    0.000ns
  Clock Domain Crossing:  Inter clock paths are considered valid unless explicitly excluded by timing constraints such as set_clock_groups or set_false_path.

    Location             Delay type                Incr(ns)  Path(ns)    Netlist Resource(s)
  -------------------------------------------------------------------    -------------------
                         (clock clk_out1_clk_wiz_0_1 rise edge)
                                                      0.000     0.000 r  
    W5                                                0.000     0.000 r  clk_in (IN)
                         net (fo=0)                   0.000     0.000    u_clk_wiz/inst/clk_in1
    W5                   IBUF (Prop_ibuf_I_O)         1.458     1.458 r  u_clk_wiz/inst/clkin1_ibufg/O
                         net (fo=1, routed)           1.253     2.711    u_clk_wiz/inst/clk_in1_clk_wiz_0
    PLLE2_ADV_X1Y0       PLLE2_ADV (Prop_plle2_adv_CLKIN1_CLKOUT0)
                                                     -8.482    -5.770 r  u_clk_wiz/inst/plle2_adv_inst/CLKOUT0
                         net (fo=1, routed)           1.655    -4.115    u_clk_wiz/inst/clk_out1_clk_wiz_0
    BUFGCTRL_X0Y0        BUFG (Prop_bufg_I_O)         0.096    -4.019 r  u_clk_wiz/inst/clkout1_buf/O
                         net (fo=1596, routed)        1.534    -2.485    XADC_INST/dclk_in
    XADC_X0Y0            XADC                                         r  XADC_INST/inst/DCLK
  -------------------------------------------------------------------    -------------------
    XADC_X0Y0            XADC (Prop_xadc_DCLK_DO[0])
                                                      1.214    -1.271 r  XADC_INST/inst/DO[0]
                         net (fo=5, routed)           2.258     0.987    ADC_PROC_XADC/averager/Din[0]
    SLICE_X48Y70         LUT2 (Prop_lut2_I0_O)        0.150     1.137 r  ADC_PROC_XADC/averager/sum[3]_i_4/O
                         net (fo=2, routed)           0.448     1.585    ADC_PROC_XADC/averager/sum[3]_i_4_n_0
    SLICE_X48Y70         LUT4 (Prop_lut4_I3_O)        0.326     1.911 r  ADC_PROC_XADC/averager/sum[3]_i_8/O
                         net (fo=1, routed)           0.000     1.911    ADC_PROC_XADC/averager/sum[3]_i_8_n_0
    SLICE_X48Y70         CARRY4 (Prop_carry4_S[1]_CO[3])
                                                      0.550     2.461 r  ADC_PROC_XADC/averager/sum_reg[3]_i_1/CO[3]
                         net (fo=1, routed)           0.000     2.461    ADC_PROC_XADC/averager/sum_reg[3]_i_1_n_0
    SLICE_X48Y71         CARRY4 (Prop_carry4_CI_CO[3])
                                                      0.114     2.575 r  ADC_PROC_XADC/averager/sum_reg[7]_i_1/CO[3]
                         net (fo=1, routed)           0.000     2.575    ADC_PROC_XADC/averager/sum_reg[7]_i_1_n_0
    SLICE_X48Y72         CARRY4 (Prop_carry4_CI_CO[3])
                                                      0.114     2.689 r  ADC_PROC_XADC/averager/sum_reg[11]_i_1/CO[3]
                         net (fo=1, routed)           0.000     2.689    ADC_PROC_XADC/averager/sum_reg[11]_i_1_n_0
    SLICE_X48Y73         CARRY4 (Prop_carry4_CI_CO[3])
                                                      0.114     2.803 r  ADC_PROC_XADC/averager/sum_reg[15]_i_1/CO[3]
                         net (fo=1, routed)           0.000     2.803    ADC_PROC_XADC/averager/sum_reg[15]_i_1_n_0
    SLICE_X48Y74         CARRY4 (Prop_carry4_CI_O[3])
                                                      0.313     3.116 r  ADC_PROC_XADC/averager/sum_reg[19]_i_1/O[3]
                         net (fo=1, routed)           0.000     3.116    ADC_PROC_XADC/averager/sum_reg[19]_i_1_n_4
    SLICE_X48Y74         FDRE                                         r  ADC_PROC_XADC/averager/sum_reg[19]/D
  -------------------------------------------------------------------    -------------------

                         (clock clk_out1_clk_wiz_0 rise edge)
                                                     10.000    10.000 r  
    W5                                                0.000    10.000 r  clk_in (IN)
                         net (fo=0)                   0.000    10.000    u_clk_wiz/inst/clk_in1
    W5                   IBUF (Prop_ibuf_I_O)         1.388    11.388 r  u_clk_wiz/inst/clkin1_ibufg/O
                         net (fo=1, routed)           1.181    12.569    u_clk_wiz/inst/clk_in1_clk_wiz_0
    PLLE2_ADV_X1Y0       PLLE2_ADV (Prop_plle2_adv_CLKIN1_CLKOUT0)
                                                     -7.750     4.819 r  u_clk_wiz/inst/plle2_adv_inst/CLKOUT0
                         net (fo=1, routed)           1.576     6.396    u_clk_wiz/inst/clk_out1_clk_wiz_0
    BUFGCTRL_X0Y0        BUFG (Prop_bufg_I_O)         0.091     6.487 r  u_clk_wiz/inst/clkout1_buf/O
                         net (fo=1596, routed)        1.424     7.910    ADC_PROC_XADC/averager/clk
    SLICE_X48Y74         FDRE                                         r  ADC_PROC_XADC/averager/sum_reg[19]/C
                         clock pessimism             -0.498     7.412    
                         clock uncertainty           -0.077     7.334    
    SLICE_X48Y74         FDRE (Setup_fdre_C_D)        0.062     7.396    ADC_PROC_XADC/averager/sum_reg[19]
  -------------------------------------------------------------------
                         required time                          7.396    
                         arrival time                          -3.116    
  -------------------------------------------------------------------
                         slack                                  4.280    

Slack (MET) :             4.297ns  (required time - arrival time)
  Source:                 INPUT_SYNC/out2_reg[0]/C
                            (rising edge-triggered cell FDRE clocked by clk_out1_clk_wiz_0_1  {rise@0.000ns fall@5.000ns period=10.000ns})
  Destination:            AUTO_CAL/offset_reg_reg[14]/D
                            (rising edge-triggered cell FDRE clocked by clk_out1_clk_wiz_0  {rise@0.000ns fall@5.000ns period=10.000ns})
  Path Group:             clk_out1_clk_wiz_0
  Path Type:              Setup (Max at Slow Process Corner)
  Requirement:            10.000ns  (clk_out1_clk_wiz_0 rise@10.000ns - clk_out1_clk_wiz_0_1 rise@0.000ns)
  Data Path Delay:        5.613ns  (logic 1.538ns (27.400%)  route 4.075ns (72.600%))
  Logic Levels:           4  (CARRY4=2 LUT2=1 LUT4=1)
  Clock Path Skew:        -0.121ns (DCD - SCD + CPR)
    Destination Clock Delay (DCD):    -2.089ns = ( 7.911 - 10.000 ) 
    Source Clock Delay      (SCD):    -2.395ns
    Clock Pessimism Removal (CPR):    -0.427ns
  Clock Uncertainty:      0.077ns  ((TSJ^2 + DJ^2)^1/2) / 2 + PE
    Total System Jitter     (TSJ):    0.071ns
    Discrete Jitter          (DJ):    0.138ns
    Phase Error              (PE):    0.000ns
  Clock Domain Crossing:  Inter clock paths are considered valid unless explicitly excluded by timing constraints such as set_clock_groups or set_false_path.

    Location             Delay type                Incr(ns)  Path(ns)    Netlist Resource(s)
  -------------------------------------------------------------------    -------------------
                         (clock clk_out1_clk_wiz_0_1 rise edge)
                                                      0.000     0.000 r  
    W5                                                0.000     0.000 r  clk_in (IN)
                         net (fo=0)                   0.000     0.000    u_clk_wiz/inst/clk_in1
    W5                   IBUF (Prop_ibuf_I_O)         1.458     1.458 r  u_clk_wiz/inst/clkin1_ibufg/O
                         net (fo=1, routed)           1.253     2.711    u_clk_wiz/inst/clk_in1_clk_wiz_0
    PLLE2_ADV_X1Y0       PLLE2_ADV (Prop_plle2_adv_CLKIN1_CLKOUT0)
                                                     -8.482    -5.770 r  u_clk_wiz/inst/plle2_adv_inst/CLKOUT0
                         net (fo=1, routed)           1.655    -4.115    u_clk_wiz/inst/clk_out1_clk_wiz_0
    BUFGCTRL_X0Y0        BUFG (Prop_bufg_I_O)         0.096    -4.019 r  u_clk_wiz/inst/clkout1_buf/O
                         net (fo=1596, routed)        1.624    -2.395    INPUT_SYNC/clk
    SLICE_X64Y60         FDRE                                         r  INPUT_SYNC/out2_reg[0]/C
  -------------------------------------------------------------------    -------------------
    SLICE_X64Y60         FDRE (Prop_fdre_C_Q)         0.518    -1.877 r  INPUT_SYNC/out2_reg[0]/Q
                         net (fo=54, routed)          3.550     1.673    AVE_DATA_EN/mode_select[0]
    SLICE_X53Y74         LUT4 (Prop_lut4_I1_O)        0.124     1.797 r  AVE_DATA_EN/data[9]_INST_0/O
                         net (fo=5, routed)           0.517     2.313    AUTO_CAL/ave_data[9]
    SLICE_X50Y74         LUT2 (Prop_lut2_I1_O)        0.124     2.437 r  AUTO_CAL/offset_reg[11]_i_4/O
                         net (fo=1, routed)           0.000     2.437    AUTO_CAL/offset_reg[11]_i_4_n_0
    SLICE_X50Y74         CARRY4 (Prop_carry4_S[1]_CO[3])
                                                      0.533     2.970 r  AUTO_CAL/offset_reg_reg[11]_i_1/CO[3]
                         net (fo=1, routed)           0.009     2.979    AUTO_CAL/offset_reg_reg[11]_i_1_n_0
    SLICE_X50Y75         CARRY4 (Prop_carry4_CI_O[2])
                                                      0.239     3.218 r  AUTO_CAL/offset_reg_reg[15]_i_1/O[2]
                         net (fo=1, routed)           0.000     3.218    AUTO_CAL/offset_reg_reg[15]_i_1_n_5
    SLICE_X50Y75         FDRE                                         r  AUTO_CAL/offset_reg_reg[14]/D
  -------------------------------------------------------------------    -------------------

                         (clock clk_out1_clk_wiz_0 rise edge)
                                                     10.000    10.000 r  
    W5                                                0.000    10.000 r  clk_in (IN)
                         net (fo=0)                   0.000    10.000    u_clk_wiz/inst/clk_in1
    W5                   IBUF (Prop_ibuf_I_O)         1.388    11.388 r  u_clk_wiz/inst/clkin1_ibufg/O
                         net (fo=1, routed)           1.181    12.569    u_clk_wiz/inst/clk_in1_clk_wiz_0
    PLLE2_ADV_X1Y0       PLLE2_ADV (Prop_plle2_adv_CLKIN1_CLKOUT0)
                                                     -7.750     4.819 r  u_clk_wiz/inst/plle2_adv_inst/CLKOUT0
                         net (fo=1, routed)           1.576     6.396    u_clk_wiz/inst/clk_out1_clk_wiz_0
    BUFGCTRL_X0Y0        BUFG (Prop_bufg_I_O)         0.091     6.487 r  u_clk_wiz/inst/clkout1_buf/O
                         net (fo=1596, routed)        1.425     7.911    AUTO_CAL/clk
    SLICE_X50Y75         FDRE                                         r  AUTO_CAL/offset_reg_reg[14]/C
                         clock pessimism             -0.427     7.484    
                         clock uncertainty           -0.077     7.407    
    SLICE_X50Y75         FDRE (Setup_fdre_C_D)        0.109     7.516    AUTO_CAL/offset_reg_reg[14]
  -------------------------------------------------------------------
                         required time                          7.516    
                         arrival time                          -3.218    
  -------------------------------------------------------------------
                         slack                                  4.297    





Min Delay Paths
--------------------------------------------------------------------------------------
Slack (MET) :             0.048ns  (arrival time - required time)
  Source:                 PWM_ADC_SUBSYSTEM/captured_duty_cycle_reg[15]/C
                            (rising edge-triggered cell FDRE clocked by clk_out1_clk_wiz_0_1  {rise@0.000ns fall@5.000ns period=10.000ns})
  Destination:            ADC_PROC_PWM/averager/REG_ARRAY_reg[32][15]_srl32___REG_ARRAY_reg_r_285/D
                            (rising edge-triggered cell SRLC32E clocked by clk_out1_clk_wiz_0  {rise@0.000ns fall@5.000ns period=10.000ns})
  Path Group:             clk_out1_clk_wiz_0
  Path Type:              Hold (Min at Fast Process Corner)
  Requirement:            0.000ns  (clk_out1_clk_wiz_0 rise@0.000ns - clk_out1_clk_wiz_0_1 rise@0.000ns)
  Data Path Delay:        0.321ns  (logic 0.141ns (43.861%)  route 0.180ns (56.139%))
  Logic Levels:           0  
  Clock Path Skew:        0.013ns (DCD - SCD - CPR)
    Destination Clock Delay (DCD):    -0.322ns
    Source Clock Delay      (SCD):    -0.549ns
    Clock Pessimism Removal (CPR):    0.214ns
  Clock Uncertainty:      0.077ns  ((TSJ^2 + DJ^2)^1/2) / 2 + PE
    Total System Jitter     (TSJ):    0.071ns
    Discrete Jitter          (DJ):    0.138ns
    Phase Error              (PE):    0.000ns
  Clock Domain Crossing:  Inter clock paths are considered valid unless explicitly excluded by timing constraints such as set_clock_groups or set_false_path.

    Location             Delay type                Incr(ns)  Path(ns)    Netlist Resource(s)
  -------------------------------------------------------------------    -------------------
                         (clock clk_out1_clk_wiz_0_1 rise edge)
                                                      0.000     0.000 r  
    W5                                                0.000     0.000 r  clk_in (IN)
                         net (fo=0)                   0.000     0.000    u_clk_wiz/inst/clk_in1
    W5                   IBUF (Prop_ibuf_I_O)         0.226     0.226 r  u_clk_wiz/inst/clkin1_ibufg/O
                         net (fo=1, routed)           0.440     0.667    u_clk_wiz/inst/clk_in1_clk_wiz_0
    PLLE2_ADV_X1Y0       PLLE2_ADV (Prop_plle2_adv_CLKIN1_CLKOUT0)
                                                     -2.322    -1.656 r  u_clk_wiz/inst/plle2_adv_inst/CLKOUT0
                         net (fo=1, routed)           0.501    -1.155    u_clk_wiz/inst/clk_out1_clk_wiz_0
    BUFGCTRL_X0Y0        BUFG (Prop_bufg_I_O)         0.026    -1.129 r  u_clk_wiz/inst/clkout1_buf/O
                         net (fo=1596, routed)        0.580    -0.549    PWM_ADC_SUBSYSTEM/clk
    SLICE_X59Y73         FDRE                                         r  PWM_ADC_SUBSYSTEM/captured_duty_cycle_reg[15]/C
  -------------------------------------------------------------------    -------------------
    SLICE_X59Y73         FDRE (Prop_fdre_C_Q)         0.141    -0.408 r  PWM_ADC_SUBSYSTEM/captured_duty_cycle_reg[15]/Q
                         net (fo=5, routed)           0.180    -0.228    ADC_PROC_PWM/averager/Din[15]
    SLICE_X60Y73         SRLC32E                                      r  ADC_PROC_PWM/averager/REG_ARRAY_reg[32][15]_srl32___REG_ARRAY_reg_r_285/D
  -------------------------------------------------------------------    -------------------

                         (clock clk_out1_clk_wiz_0 rise edge)
                                                      0.000     0.000 r  
    W5                                                0.000     0.000 r  clk_in (IN)
                         net (fo=0)                   0.000     0.000    u_clk_wiz/inst/clk_in1
    W5                   IBUF (Prop_ibuf_I_O)         0.414     0.414 r  u_clk_wiz/inst/clkin1_ibufg/O
                         net (fo=1, routed)           0.481     0.895    u_clk_wiz/inst/clk_in1_clk_wiz_0
    PLLE2_ADV_X1Y0       PLLE2_ADV (Prop_plle2_adv_CLKIN1_CLKOUT0)
                                                     -2.638    -1.743 r  u_clk_wiz/inst/plle2_adv_inst/CLKOUT0
                         net (fo=1, routed)           0.546    -1.197    u_clk_wiz/inst/clk_out1_clk_wiz_0
    BUFGCTRL_X0Y0        BUFG (Prop_bufg_I_O)         0.029    -1.168 r  u_clk_wiz/inst/clkout1_buf/O
                         net (fo=1596, routed)        0.846    -0.322    ADC_PROC_PWM/averager/clk
    SLICE_X60Y73         SRLC32E                                      r  ADC_PROC_PWM/averager/REG_ARRAY_reg[32][15]_srl32___REG_ARRAY_reg_r_285/CLK
                         clock pessimism             -0.214    -0.536    
                         clock uncertainty            0.077    -0.459    
    SLICE_X60Y73         SRLC32E (Hold_srlc32e_CLK_D)
                                                      0.183    -0.276    ADC_PROC_PWM/averager/REG_ARRAY_reg[32][15]_srl32___REG_ARRAY_reg_r_285
  -------------------------------------------------------------------
                         required time                          0.276    
                         arrival time                          -0.228    
  -------------------------------------------------------------------
                         slack                                  0.048    

Slack (MET) :             0.058ns  (arrival time - required time)
  Source:                 SAR_ADC_SUBSYSTEM/result_reg[4]/C
                            (rising edge-triggered cell FDRE clocked by clk_out1_clk_wiz_0_1  {rise@0.000ns fall@5.000ns period=10.000ns})
  Destination:            SAR_PROC/averager/REG_ARRAY_reg[32][4]_srl32___REG_ARRAY_reg_r_667/D
                            (rising edge-triggered cell SRLC32E clocked by clk_out1_clk_wiz_0  {rise@0.000ns fall@5.000ns period=10.000ns})
  Path Group:             clk_out1_clk_wiz_0
  Path Type:              Hold (Min at Fast Process Corner)
  Requirement:            0.000ns  (clk_out1_clk_wiz_0 rise@0.000ns - clk_out1_clk_wiz_0_1 rise@0.000ns)
  Data Path Delay:        0.334ns  (logic 0.141ns (42.192%)  route 0.193ns (57.808%))
  Logic Levels:           0  
  Clock Path Skew:        0.016ns (DCD - SCD - CPR)
    Destination Clock Delay (DCD):    -0.313ns
    Source Clock Delay      (SCD):    -0.543ns
    Clock Pessimism Removal (CPR):    0.214ns
  Clock Uncertainty:      0.077ns  ((TSJ^2 + DJ^2)^1/2) / 2 + PE
    Total System Jitter     (TSJ):    0.071ns
    Discrete Jitter          (DJ):    0.138ns
    Phase Error              (PE):    0.000ns
  Clock Domain Crossing:  Inter clock paths are considered valid unless explicitly excluded by timing constraints such as set_clock_groups or set_false_path.

    Location             Delay type                Incr(ns)  Path(ns)    Netlist Resource(s)
  -------------------------------------------------------------------    -------------------
                         (clock clk_out1_clk_wiz_0_1 rise edge)
                                                      0.000     0.000 r  
    W5                                                0.000     0.000 r  clk_in (IN)
                         net (fo=0)                   0.000     0.000    u_clk_wiz/inst/clk_in1
    W5                   IBUF (Prop_ibuf_I_O)         0.226     0.226 r  u_clk_wiz/inst/clkin1_ibufg/O
                         net (fo=1, routed)           0.440     0.667    u_clk_wiz/inst/clk_in1_clk_wiz_0
    PLLE2_ADV_X1Y0       PLLE2_ADV (Prop_plle2_adv_CLKIN1_CLKOUT0)
                                                     -2.322    -1.656 r  u_clk_wiz/inst/plle2_adv_inst/CLKOUT0
                         net (fo=1, routed)           0.501    -1.155    u_clk_wiz/inst/clk_out1_clk_wiz_0
    BUFGCTRL_X0Y0        BUFG (Prop_bufg_I_O)         0.026    -1.129 r  u_clk_wiz/inst/clkout1_buf/O
                         net (fo=1596, routed)        0.586    -0.543    SAR_ADC_SUBSYSTEM/clk
    SLICE_X61Y67         FDRE                                         r  SAR_ADC_SUBSYSTEM/result_reg[4]/C
  -------------------------------------------------------------------    -------------------
    SLICE_X61Y67         FDRE (Prop_fdre_C_Q)         0.141    -0.402 r  SAR_ADC_SUBSYSTEM/result_reg[4]/Q
                         net (fo=6, routed)           0.193    -0.209    SAR_PROC/averager/Din[4]
    SLICE_X60Y65         SRLC32E                                      r  SAR_PROC/averager/REG_ARRAY_reg[32][4]_srl32___REG_ARRAY_reg_r_667/D
  -------------------------------------------------------------------    -------------------

                         (clock clk_out1_clk_wiz_0 rise edge)
                                                      0.000     0.000 r  
    W5                                                0.000     0.000 r  clk_in (IN)
                         net (fo=0)                   0.000     0.000    u_clk_wiz/inst/clk_in1
    W5                   IBUF (Prop_ibuf_I_O)         0.414     0.414 r  u_clk_wiz/inst/clkin1_ibufg/O
                         net (fo=1, routed)           0.481     0.895    u_clk_wiz/inst/clk_in1_clk_wiz_0
    PLLE2_ADV_X1Y0       PLLE2_ADV (Prop_plle2_adv_CLKIN1_CLKOUT0)
                                                     -2.638    -1.743 r  u_clk_wiz/inst/plle2_adv_inst/CLKOUT0
                         net (fo=1, routed)           0.546    -1.197    u_clk_wiz/inst/clk_out1_clk_wiz_0
    BUFGCTRL_X0Y0        BUFG (Prop_bufg_I_O)         0.029    -1.168 r  u_clk_wiz/inst/clkout1_buf/O
                         net (fo=1596, routed)        0.855    -0.313    SAR_PROC/averager/clk
    SLICE_X60Y65         SRLC32E                                      r  SAR_PROC/averager/REG_ARRAY_reg[32][4]_srl32___REG_ARRAY_reg_r_667/CLK
                         clock pessimism             -0.214    -0.527    
                         clock uncertainty            0.077    -0.450    
    SLICE_X60Y65         SRLC32E (Hold_srlc32e_CLK_D)
                                                      0.183    -0.267    SAR_PROC/averager/REG_ARRAY_reg[32][4]_srl32___REG_ARRAY_reg_r_667
  -------------------------------------------------------------------
                         required time                          0.267    
                         arrival time                          -0.209    
  -------------------------------------------------------------------
                         slack                                  0.058    

Slack (MET) :             0.060ns  (arrival time - required time)
  Source:                 R2R_ADC_SUBSYSTEM/r2r_captured_duty_cycle_reg[5]/C
                            (rising edge-triggered cell FDRE clocked by clk_out1_clk_wiz_0_1  {rise@0.000ns fall@5.000ns period=10.000ns})
  Destination:            ADC_PROC_R2R/averager/REG_ARRAY_reg[32][5]_srl32___REG_ARRAY_reg_r_540/D
                            (rising edge-triggered cell SRLC32E clocked by clk_out1_clk_wiz_0  {rise@0.000ns fall@5.000ns period=10.000ns})
  Path Group:             clk_out1_clk_wiz_0
  Path Type:              Hold (Min at Fast Process Corner)
  Requirement:            0.000ns  (clk_out1_clk_wiz_0 rise@0.000ns - clk_out1_clk_wiz_0_1 rise@0.000ns)
  Data Path Delay:        0.356ns  (logic 0.141ns (39.623%)  route 0.215ns (60.377%))
  Logic Levels:           0  
  Clock Path Skew:        0.035ns (DCD - SCD - CPR)
    Destination Clock Delay (DCD):    -0.317ns
    Source Clock Delay      (SCD):    -0.546ns
    Clock Pessimism Removal (CPR):    0.194ns
  Clock Uncertainty:      0.077ns  ((TSJ^2 + DJ^2)^1/2) / 2 + PE
    Total System Jitter     (TSJ):    0.071ns
    Discrete Jitter          (DJ):    0.138ns
    Phase Error              (PE):    0.000ns
  Clock Domain Crossing:  Inter clock paths are considered valid unless explicitly excluded by timing constraints such as set_clock_groups or set_false_path.

    Location             Delay type                Incr(ns)  Path(ns)    Netlist Resource(s)
  -------------------------------------------------------------------    -------------------
                         (clock clk_out1_clk_wiz_0_1 rise edge)
                                                      0.000     0.000 r  
    W5                                                0.000     0.000 r  clk_in (IN)
                         net (fo=0)                   0.000     0.000    u_clk_wiz/inst/clk_in1
    W5                   IBUF (Prop_ibuf_I_O)         0.226     0.226 r  u_clk_wiz/inst/clkin1_ibufg/O
                         net (fo=1, routed)           0.440     0.667    u_clk_wiz/inst/clk_in1_clk_wiz_0
    PLLE2_ADV_X1Y0       PLLE2_ADV (Prop_plle2_adv_CLKIN1_CLKOUT0)
                                                     -2.322    -1.656 r  u_clk_wiz/inst/plle2_adv_inst/CLKOUT0
                         net (fo=1, routed)           0.501    -1.155    u_clk_wiz/inst/clk_out1_clk_wiz_0
    BUFGCTRL_X0Y0        BUFG (Prop_bufg_I_O)         0.026    -1.129 r  u_clk_wiz/inst/clkout1_buf/O
                         net (fo=1596, routed)        0.583    -0.546    R2R_ADC_SUBSYSTEM/clk
    SLICE_X62Y71         FDRE                                         r  R2R_ADC_SUBSYSTEM/r2r_captured_duty_cycle_reg[5]/C
  -------------------------------------------------------------------    -------------------
    SLICE_X62Y71         FDRE (Prop_fdre_C_Q)         0.141    -0.405 r  R2R_ADC_SUBSYSTEM/r2r_captured_duty_cycle_reg[5]/Q
                         net (fo=4, routed)           0.215    -0.190    ADC_PROC_R2R/averager/Din[5]
    SLICE_X60Y69         SRLC32E                                      r  ADC_PROC_R2R/averager/REG_ARRAY_reg[32][5]_srl32___REG_ARRAY_reg_r_540/D
  -------------------------------------------------------------------    -------------------

                         (clock clk_out1_clk_wiz_0 rise edge)
                                                      0.000     0.000 r  
    W5                                                0.000     0.000 r  clk_in (IN)
                         net (fo=0)                   0.000     0.000    u_clk_wiz/inst/clk_in1
    W5                   IBUF (Prop_ibuf_I_O)         0.414     0.414 r  u_clk_wiz/inst/clkin1_ibufg/O
                         net (fo=1, routed)           0.481     0.895    u_clk_wiz/inst/clk_in1_clk_wiz_0
    PLLE2_ADV_X1Y0       PLLE2_ADV (Prop_plle2_adv_CLKIN1_CLKOUT0)
                                                     -2.638    -1.743 r  u_clk_wiz/inst/plle2_adv_inst/CLKOUT0
                         net (fo=1, routed)           0.546    -1.197    u_clk_wiz/inst/clk_out1_clk_wiz_0
    BUFGCTRL_X0Y0        BUFG (Prop_bufg_I_O)         0.029    -1.168 r  u_clk_wiz/inst/clkout1_buf/O
                         net (fo=1596, routed)        0.851    -0.317    ADC_PROC_R2R/averager/clk
    SLICE_X60Y69         SRLC32E                                      r  ADC_PROC_R2R/averager/REG_ARRAY_reg[32][5]_srl32___REG_ARRAY_reg_r_540/CLK
                         clock pessimism             -0.194    -0.511    
                         clock uncertainty            0.077    -0.434    
    SLICE_X60Y69         SRLC32E (Hold_srlc32e_CLK_D)
                                                      0.183    -0.251    ADC_PROC_R2R/averager/REG_ARRAY_reg[32][5]_srl32___REG_ARRAY_reg_r_540
  -------------------------------------------------------------------
                         required time                          0.251    
                         arrival time                          -0.190    
  -------------------------------------------------------------------
                         slack                                  0.060    

Slack (MET) :             0.063ns  (arrival time - required time)
  Source:                 ADC_PROC_XADC/averager/REG_ARRAY_reg_r_29/C
                            (rising edge-triggered cell FDRE clocked by clk_out1_clk_wiz_0_1  {rise@0.000ns fall@5.000ns period=10.000ns})
  Destination:            ADC_PROC_XADC/averager/REG_ARRAY_reg_r_30/D
                            (rising edge-triggered cell FDRE clocked by clk_out1_clk_wiz_0  {rise@0.000ns fall@5.000ns period=10.000ns})
  Path Group:             clk_out1_clk_wiz_0
  Path Type:              Hold (Min at Fast Process Corner)
  Requirement:            0.000ns  (clk_out1_clk_wiz_0 rise@0.000ns - clk_out1_clk_wiz_0_1 rise@0.000ns)
  Data Path Delay:        0.199ns  (logic 0.141ns (70.682%)  route 0.058ns (29.318%))
  Logic Levels:           0  
  Clock Path Skew:        0.013ns (DCD - SCD - CPR)
    Destination Clock Delay (DCD):    -0.342ns
    Source Clock Delay      (SCD):    -0.571ns
    Clock Pessimism Removal (CPR):    0.216ns
  Clock Uncertainty:      0.077ns  ((TSJ^2 + DJ^2)^1/2) / 2 + PE
    Total System Jitter     (TSJ):    0.071ns
    Discrete Jitter          (DJ):    0.138ns
    Phase Error              (PE):    0.000ns
  Clock Domain Crossing:  Inter clock paths are considered valid unless explicitly excluded by timing constraints such as set_clock_groups or set_false_path.

    Location             Delay type                Incr(ns)  Path(ns)    Netlist Resource(s)
  -------------------------------------------------------------------    -------------------
                         (clock clk_out1_clk_wiz_0_1 rise edge)
                                                      0.000     0.000 r  
    W5                                                0.000     0.000 r  clk_in (IN)
                         net (fo=0)                   0.000     0.000    u_clk_wiz/inst/clk_in1
    W5                   IBUF (Prop_ibuf_I_O)         0.226     0.226 r  u_clk_wiz/inst/clkin1_ibufg/O
                         net (fo=1, routed)           0.440     0.667    u_clk_wiz/inst/clk_in1_clk_wiz_0
    PLLE2_ADV_X1Y0       PLLE2_ADV (Prop_plle2_adv_CLKIN1_CLKOUT0)
                                                     -2.322    -1.656 r  u_clk_wiz/inst/plle2_adv_inst/CLKOUT0
                         net (fo=1, routed)           0.501    -1.155    u_clk_wiz/inst/clk_out1_clk_wiz_0
    BUFGCTRL_X0Y0        BUFG (Prop_bufg_I_O)         0.026    -1.129 r  u_clk_wiz/inst/clkout1_buf/O
                         net (fo=1596, routed)        0.558    -0.571    ADC_PROC_XADC/averager/clk
    SLICE_X29Y62         FDRE                                         r  ADC_PROC_XADC/averager/REG_ARRAY_reg_r_29/C
  -------------------------------------------------------------------    -------------------
    SLICE_X29Y62         FDRE (Prop_fdre_C_Q)         0.141    -0.430 r  ADC_PROC_XADC/averager/REG_ARRAY_reg_r_29/Q
                         net (fo=1, routed)           0.058    -0.372    ADC_PROC_XADC/averager/REG_ARRAY_reg_r_29_n_0
    SLICE_X28Y62         FDRE                                         r  ADC_PROC_XADC/averager/REG_ARRAY_reg_r_30/D
  -------------------------------------------------------------------    -------------------

                         (clock clk_out1_clk_wiz_0 rise edge)
                                                      0.000     0.000 r  
    W5                                                0.000     0.000 r  clk_in (IN)
                         net (fo=0)                   0.000     0.000    u_clk_wiz/inst/clk_in1
    W5                   IBUF (Prop_ibuf_I_O)         0.414     0.414 r  u_clk_wiz/inst/clkin1_ibufg/O
                         net (fo=1, routed)           0.481     0.895    u_clk_wiz/inst/clk_in1_clk_wiz_0
    PLLE2_ADV_X1Y0       PLLE2_ADV (Prop_plle2_adv_CLKIN1_CLKOUT0)
                                                     -2.638    -1.743 r  u_clk_wiz/inst/plle2_adv_inst/CLKOUT0
                         net (fo=1, routed)           0.546    -1.197    u_clk_wiz/inst/clk_out1_clk_wiz_0
    BUFGCTRL_X0Y0        BUFG (Prop_bufg_I_O)         0.029    -1.168 r  u_clk_wiz/inst/clkout1_buf/O
                         net (fo=1596, routed)        0.827    -0.342    ADC_PROC_XADC/averager/clk
    SLICE_X28Y62         FDRE                                         r  ADC_PROC_XADC/averager/REG_ARRAY_reg_r_30/C
                         clock pessimism             -0.216    -0.558    
                         clock uncertainty            0.077    -0.481    
    SLICE_X28Y62         FDRE (Hold_fdre_C_D)         0.046    -0.435    ADC_PROC_XADC/averager/REG_ARRAY_reg_r_30
  -------------------------------------------------------------------
                         required time                          0.435    
                         arrival time                          -0.372    
  -------------------------------------------------------------------
                         slack                                  0.063    

Slack (MET) :             0.078ns  (arrival time - required time)
  Source:                 ADC_PROC_XADC/averager/REG_ARRAY_reg_r_193/C
                            (rising edge-triggered cell FDRE clocked by clk_out1_clk_wiz_0_1  {rise@0.000ns fall@5.000ns period=10.000ns})
  Destination:            ADC_PROC_XADC/averager/REG_ARRAY_reg_r_194/D
                            (rising edge-triggered cell FDRE clocked by clk_out1_clk_wiz_0  {rise@0.000ns fall@5.000ns period=10.000ns})
  Path Group:             clk_out1_clk_wiz_0
  Path Type:              Hold (Min at Fast Process Corner)
  Requirement:            0.000ns  (clk_out1_clk_wiz_0 rise@0.000ns - clk_out1_clk_wiz_0_1 rise@0.000ns)
  Data Path Delay:        0.245ns  (logic 0.141ns (57.551%)  route 0.104ns (42.449%))
  Logic Levels:           0  
  Clock Path Skew:        0.015ns (DCD - SCD - CPR)
    Destination Clock Delay (DCD):    -0.344ns
    Source Clock Delay      (SCD):    -0.572ns
    Clock Pessimism Removal (CPR):    0.213ns
  Clock Uncertainty:      0.077ns  ((TSJ^2 + DJ^2)^1/2) / 2 + PE
    Total System Jitter     (TSJ):    0.071ns
    Discrete Jitter          (DJ):    0.138ns
    Phase Error              (PE):    0.000ns
  Clock Domain Crossing:  Inter clock paths are considered valid unless explicitly excluded by timing constraints such as set_clock_groups or set_false_path.

    Location             Delay type                Incr(ns)  Path(ns)    Netlist Resource(s)
  -------------------------------------------------------------------    -------------------
                         (clock clk_out1_clk_wiz_0_1 rise edge)
                                                      0.000     0.000 r  
    W5                                                0.000     0.000 r  clk_in (IN)
                         net (fo=0)                   0.000     0.000    u_clk_wiz/inst/clk_in1
    W5                   IBUF (Prop_ibuf_I_O)         0.226     0.226 r  u_clk_wiz/inst/clkin1_ibufg/O
                         net (fo=1, routed)           0.440     0.667    u_clk_wiz/inst/clk_in1_clk_wiz_0
    PLLE2_ADV_X1Y0       PLLE2_ADV (Prop_plle2_adv_CLKIN1_CLKOUT0)
                                                     -2.322    -1.656 r  u_clk_wiz/inst/plle2_adv_inst/CLKOUT0
                         net (fo=1, routed)           0.501    -1.155    u_clk_wiz/inst/clk_out1_clk_wiz_0
    BUFGCTRL_X0Y0        BUFG (Prop_bufg_I_O)         0.026    -1.129 r  u_clk_wiz/inst/clkout1_buf/O
                         net (fo=1596, routed)        0.557    -0.572    ADC_PROC_XADC/averager/clk
    SLICE_X36Y63         FDRE                                         r  ADC_PROC_XADC/averager/REG_ARRAY_reg_r_193/C
  -------------------------------------------------------------------    -------------------
    SLICE_X36Y63         FDRE (Prop_fdre_C_Q)         0.141    -0.431 r  ADC_PROC_XADC/averager/REG_ARRAY_reg_r_193/Q
                         net (fo=1, routed)           0.104    -0.327    ADC_PROC_XADC/averager/REG_ARRAY_reg_r_193_n_0
    SLICE_X38Y63         FDRE                                         r  ADC_PROC_XADC/averager/REG_ARRAY_reg_r_194/D
  -------------------------------------------------------------------    -------------------

                         (clock clk_out1_clk_wiz_0 rise edge)
                                                      0.000     0.000 r  
    W5                                                0.000     0.000 r  clk_in (IN)
                         net (fo=0)                   0.000     0.000    u_clk_wiz/inst/clk_in1
    W5                   IBUF (Prop_ibuf_I_O)         0.414     0.414 r  u_clk_wiz/inst/clkin1_ibufg/O
                         net (fo=1, routed)           0.481     0.895    u_clk_wiz/inst/clk_in1_clk_wiz_0
    PLLE2_ADV_X1Y0       PLLE2_ADV (Prop_plle2_adv_CLKIN1_CLKOUT0)
                                                     -2.638    -1.743 r  u_clk_wiz/inst/plle2_adv_inst/CLKOUT0
                         net (fo=1, routed)           0.546    -1.197    u_clk_wiz/inst/clk_out1_clk_wiz_0
    BUFGCTRL_X0Y0        BUFG (Prop_bufg_I_O)         0.029    -1.168 r  u_clk_wiz/inst/clkout1_buf/O
                         net (fo=1596, routed)        0.824    -0.344    ADC_PROC_XADC/averager/clk
    SLICE_X38Y63         FDRE                                         r  ADC_PROC_XADC/averager/REG_ARRAY_reg_r_194/C
                         clock pessimism             -0.213    -0.557    
                         clock uncertainty            0.077    -0.480    
    SLICE_X38Y63         FDRE (Hold_fdre_C_D)         0.075    -0.405    ADC_PROC_XADC/averager/REG_ARRAY_reg_r_194
  -------------------------------------------------------------------
                         required time                          0.405    
                         arrival time                          -0.327    
  -------------------------------------------------------------------
                         slack                                  0.078    

Slack (MET) :             0.079ns  (arrival time - required time)
  Source:                 ADC_PROC_XADC/scaled_adc_data_pipe_reg[11]/C
                            (rising edge-triggered cell FDRE clocked by clk_out1_clk_wiz_0_1  {rise@0.000ns fall@5.000ns period=10.000ns})
  Destination:            ADC_PROC_XADC/scaled_adc_data_xadc_reg[11]/D
                            (rising edge-triggered cell FDRE clocked by clk_out1_clk_wiz_0  {rise@0.000ns fall@5.000ns period=10.000ns})
  Path Group:             clk_out1_clk_wiz_0
  Path Type:              Hold (Min at Fast Process Corner)
  Requirement:            0.000ns  (clk_out1_clk_wiz_0 rise@0.000ns - clk_out1_clk_wiz_0_1 rise@0.000ns)
  Data Path Delay:        0.220ns  (logic 0.164ns (74.580%)  route 0.056ns (25.420%))
  Logic Levels:           0  
  Clock Path Skew:        0.000ns (DCD - SCD - CPR)
    Destination Clock Delay (DCD):    -0.350ns
    Source Clock Delay      (SCD):    -0.578ns
    Clock Pessimism Removal (CPR):    0.228ns
  Clock Uncertainty:      0.077ns  ((TSJ^2 + DJ^2)^1/2) / 2 + PE
    Total System Jitter     (TSJ):    0.071ns
    Discrete Jitter          (DJ):    0.138ns
    Phase Error              (PE):    0.000ns
  Clock Domain Crossing:  Inter clock paths are considered valid unless explicitly excluded by timing constraints such as set_clock_groups or set_false_path.

    Location             Delay type                Incr(ns)  Path(ns)    Netlist Resource(s)
  -------------------------------------------------------------------    -------------------
                         (clock clk_out1_clk_wiz_0_1 rise edge)
                                                      0.000     0.000 r  
    W5                                                0.000     0.000 r  clk_in (IN)
                         net (fo=0)                   0.000     0.000    u_clk_wiz/inst/clk_in1
    W5                   IBUF (Prop_ibuf_I_O)         0.226     0.226 r  u_clk_wiz/inst/clkin1_ibufg/O
                         net (fo=1, routed)           0.440     0.667    u_clk_wiz/inst/clk_in1_clk_wiz_0
    PLLE2_ADV_X1Y0       PLLE2_ADV (Prop_plle2_adv_CLKIN1_CLKOUT0)
                                                     -2.322    -1.656 r  u_clk_wiz/inst/plle2_adv_inst/CLKOUT0
                         net (fo=1, routed)           0.501    -1.155    u_clk_wiz/inst/clk_out1_clk_wiz_0
    BUFGCTRL_X0Y0        BUFG (Prop_bufg_I_O)         0.026    -1.129 r  u_clk_wiz/inst/clkout1_buf/O
                         net (fo=1596, routed)        0.551    -0.578    ADC_PROC_XADC/clk
    SLICE_X54Y75         FDRE                                         r  ADC_PROC_XADC/scaled_adc_data_pipe_reg[11]/C
  -------------------------------------------------------------------    -------------------
    SLICE_X54Y75         FDRE (Prop_fdre_C_Q)         0.164    -0.414 r  ADC_PROC_XADC/scaled_adc_data_pipe_reg[11]/Q
                         net (fo=1, routed)           0.056    -0.358    ADC_PROC_XADC/scaled_adc_data_pipe[11]
    SLICE_X54Y75         FDRE                                         r  ADC_PROC_XADC/scaled_adc_data_xadc_reg[11]/D
  -------------------------------------------------------------------    -------------------

                         (clock clk_out1_clk_wiz_0 rise edge)
                                                      0.000     0.000 r  
    W5                                                0.000     0.000 r  clk_in (IN)
                         net (fo=0)                   0.000     0.000    u_clk_wiz/inst/clk_in1
    W5                   IBUF (Prop_ibuf_I_O)         0.414     0.414 r  u_clk_wiz/inst/clkin1_ibufg/O
                         net (fo=1, routed)           0.481     0.895    u_clk_wiz/inst/clk_in1_clk_wiz_0
    PLLE2_ADV_X1Y0       PLLE2_ADV (Prop_plle2_adv_CLKIN1_CLKOUT0)
                                                     -2.638    -1.743 r  u_clk_wiz/inst/plle2_adv_inst/CLKOUT0
                         net (fo=1, routed)           0.546    -1.197    u_clk_wiz/inst/clk_out1_clk_wiz_0
    BUFGCTRL_X0Y0        BUFG (Prop_bufg_I_O)         0.029    -1.168 r  u_clk_wiz/inst/clkout1_buf/O
                         net (fo=1596, routed)        0.818    -0.350    ADC_PROC_XADC/clk
    SLICE_X54Y75         FDRE                                         r  ADC_PROC_XADC/scaled_adc_data_xadc_reg[11]/C
                         clock pessimism             -0.228    -0.578    
                         clock uncertainty            0.077    -0.501    
    SLICE_X54Y75         FDRE (Hold_fdre_C_D)         0.064    -0.437    ADC_PROC_XADC/scaled_adc_data_xadc_reg[11]
  -------------------------------------------------------------------
                         required time                          0.437    
                         arrival time                          -0.358    
  -------------------------------------------------------------------
                         slack                                  0.079    

Slack (MET) :             0.079ns  (arrival time - required time)
  Source:                 ADC_PROC_XADC/scaled_adc_data_pipe_reg[1]/C
                            (rising edge-triggered cell FDRE clocked by clk_out1_clk_wiz_0_1  {rise@0.000ns fall@5.000ns period=10.000ns})
  Destination:            ADC_PROC_XADC/scaled_adc_data_xadc_reg[1]/D
                            (rising edge-triggered cell FDRE clocked by clk_out1_clk_wiz_0  {rise@0.000ns fall@5.000ns period=10.000ns})
  Path Group:             clk_out1_clk_wiz_0
  Path Type:              Hold (Min at Fast Process Corner)
  Requirement:            0.000ns  (clk_out1_clk_wiz_0 rise@0.000ns - clk_out1_clk_wiz_0_1 rise@0.000ns)
  Data Path Delay:        0.220ns  (logic 0.164ns (74.580%)  route 0.056ns (25.420%))
  Logic Levels:           0  
  Clock Path Skew:        0.000ns (DCD - SCD - CPR)
    Destination Clock Delay (DCD):    -0.350ns
    Source Clock Delay      (SCD):    -0.578ns
    Clock Pessimism Removal (CPR):    0.228ns
  Clock Uncertainty:      0.077ns  ((TSJ^2 + DJ^2)^1/2) / 2 + PE
    Total System Jitter     (TSJ):    0.071ns
    Discrete Jitter          (DJ):    0.138ns
    Phase Error              (PE):    0.000ns
  Clock Domain Crossing:  Inter clock paths are considered valid unless explicitly excluded by timing constraints such as set_clock_groups or set_false_path.

    Location             Delay type                Incr(ns)  Path(ns)    Netlist Resource(s)
  -------------------------------------------------------------------    -------------------
                         (clock clk_out1_clk_wiz_0_1 rise edge)
                                                      0.000     0.000 r  
    W5                                                0.000     0.000 r  clk_in (IN)
                         net (fo=0)                   0.000     0.000    u_clk_wiz/inst/clk_in1
    W5                   IBUF (Prop_ibuf_I_O)         0.226     0.226 r  u_clk_wiz/inst/clkin1_ibufg/O
                         net (fo=1, routed)           0.440     0.667    u_clk_wiz/inst/clk_in1_clk_wiz_0
    PLLE2_ADV_X1Y0       PLLE2_ADV (Prop_plle2_adv_CLKIN1_CLKOUT0)
                                                     -2.322    -1.656 r  u_clk_wiz/inst/plle2_adv_inst/CLKOUT0
                         net (fo=1, routed)           0.501    -1.155    u_clk_wiz/inst/clk_out1_clk_wiz_0
    BUFGCTRL_X0Y0        BUFG (Prop_bufg_I_O)         0.026    -1.129 r  u_clk_wiz/inst/clkout1_buf/O
                         net (fo=1596, routed)        0.551    -0.578    ADC_PROC_XADC/clk
    SLICE_X54Y75         FDRE                                         r  ADC_PROC_XADC/scaled_adc_data_pipe_reg[1]/C
  -------------------------------------------------------------------    -------------------
    SLICE_X54Y75         FDRE (Prop_fdre_C_Q)         0.164    -0.414 r  ADC_PROC_XADC/scaled_adc_data_pipe_reg[1]/Q
                         net (fo=1, routed)           0.056    -0.358    ADC_PROC_XADC/scaled_adc_data_pipe[1]
    SLICE_X54Y75         FDRE                                         r  ADC_PROC_XADC/scaled_adc_data_xadc_reg[1]/D
  -------------------------------------------------------------------    -------------------

                         (clock clk_out1_clk_wiz_0 rise edge)
                                                      0.000     0.000 r  
    W5                                                0.000     0.000 r  clk_in (IN)
                         net (fo=0)                   0.000     0.000    u_clk_wiz/inst/clk_in1
    W5                   IBUF (Prop_ibuf_I_O)         0.414     0.414 r  u_clk_wiz/inst/clkin1_ibufg/O
                         net (fo=1, routed)           0.481     0.895    u_clk_wiz/inst/clk_in1_clk_wiz_0
    PLLE2_ADV_X1Y0       PLLE2_ADV (Prop_plle2_adv_CLKIN1_CLKOUT0)
                                                     -2.638    -1.743 r  u_clk_wiz/inst/plle2_adv_inst/CLKOUT0
                         net (fo=1, routed)           0.546    -1.197    u_clk_wiz/inst/clk_out1_clk_wiz_0
    BUFGCTRL_X0Y0        BUFG (Prop_bufg_I_O)         0.029    -1.168 r  u_clk_wiz/inst/clkout1_buf/O
                         net (fo=1596, routed)        0.818    -0.350    ADC_PROC_XADC/clk
    SLICE_X54Y75         FDRE                                         r  ADC_PROC_XADC/scaled_adc_data_xadc_reg[1]/C
                         clock pessimism             -0.228    -0.578    
                         clock uncertainty            0.077    -0.501    
    SLICE_X54Y75         FDRE (Hold_fdre_C_D)         0.064    -0.437    ADC_PROC_XADC/scaled_adc_data_xadc_reg[1]
  -------------------------------------------------------------------
                         required time                          0.437    
                         arrival time                          -0.358    
  -------------------------------------------------------------------
                         slack                                  0.079    

Slack (MET) :             0.079ns  (arrival time - required time)
  Source:                 ADC_PROC_PWM/averager/REG_ARRAY_reg_r_431/C
                            (rising edge-triggered cell FDRE clocked by clk_out1_clk_wiz_0_1  {rise@0.000ns fall@5.000ns period=10.000ns})
  Destination:            ADC_PROC_PWM/averager/REG_ARRAY_reg_r_432/D
                            (rising edge-triggered cell FDRE clocked by clk_out1_clk_wiz_0  {rise@0.000ns fall@5.000ns period=10.000ns})
  Path Group:             clk_out1_clk_wiz_0
  Path Type:              Hold (Min at Fast Process Corner)
  Requirement:            0.000ns  (clk_out1_clk_wiz_0 rise@0.000ns - clk_out1_clk_wiz_0_1 rise@0.000ns)
  Data Path Delay:        0.260ns  (logic 0.141ns (54.189%)  route 0.119ns (45.811%))
  Logic Levels:           0  
  Clock Path Skew:        0.034ns (DCD - SCD - CPR)
    Destination Clock Delay (DCD):    -0.343ns
    Source Clock Delay      (SCD):    -0.571ns
    Clock Pessimism Removal (CPR):    0.194ns
  Clock Uncertainty:      0.077ns  ((TSJ^2 + DJ^2)^1/2) / 2 + PE
    Total System Jitter     (TSJ):    0.071ns
    Discrete Jitter          (DJ):    0.138ns
    Phase Error              (PE):    0.000ns
  Clock Domain Crossing:  Inter clock paths are considered valid unless explicitly excluded by timing constraints such as set_clock_groups or set_false_path.

    Location             Delay type                Incr(ns)  Path(ns)    Netlist Resource(s)
  -------------------------------------------------------------------    -------------------
                         (clock clk_out1_clk_wiz_0_1 rise edge)
                                                      0.000     0.000 r  
    W5                                                0.000     0.000 r  clk_in (IN)
                         net (fo=0)                   0.000     0.000    u_clk_wiz/inst/clk_in1
    W5                   IBUF (Prop_ibuf_I_O)         0.226     0.226 r  u_clk_wiz/inst/clkin1_ibufg/O
                         net (fo=1, routed)           0.440     0.667    u_clk_wiz/inst/clk_in1_clk_wiz_0
    PLLE2_ADV_X1Y0       PLLE2_ADV (Prop_plle2_adv_CLKIN1_CLKOUT0)
                                                     -2.322    -1.656 r  u_clk_wiz/inst/plle2_adv_inst/CLKOUT0
                         net (fo=1, routed)           0.501    -1.155    u_clk_wiz/inst/clk_out1_clk_wiz_0
    BUFGCTRL_X0Y0        BUFG (Prop_bufg_I_O)         0.026    -1.129 r  u_clk_wiz/inst/clkout1_buf/O
                         net (fo=1596, routed)        0.558    -0.571    ADC_PROC_PWM/averager/clk
    SLICE_X44Y84         FDRE                                         r  ADC_PROC_PWM/averager/REG_ARRAY_reg_r_431/C
  -------------------------------------------------------------------    -------------------
    SLICE_X44Y84         FDRE (Prop_fdre_C_Q)         0.141    -0.430 r  ADC_PROC_PWM/averager/REG_ARRAY_reg_r_431/Q
                         net (fo=1, routed)           0.119    -0.311    ADC_PROC_PWM/averager/REG_ARRAY_reg_r_431_n_0
    SLICE_X43Y85         FDRE                                         r  ADC_PROC_PWM/averager/REG_ARRAY_reg_r_432/D
  -------------------------------------------------------------------    -------------------

                         (clock clk_out1_clk_wiz_0 rise edge)
                                                      0.000     0.000 r  
    W5                                                0.000     0.000 r  clk_in (IN)
                         net (fo=0)                   0.000     0.000    u_clk_wiz/inst/clk_in1
    W5                   IBUF (Prop_ibuf_I_O)         0.414     0.414 r  u_clk_wiz/inst/clkin1_ibufg/O
                         net (fo=1, routed)           0.481     0.895    u_clk_wiz/inst/clk_in1_clk_wiz_0
    PLLE2_ADV_X1Y0       PLLE2_ADV (Prop_plle2_adv_CLKIN1_CLKOUT0)
                                                     -2.638    -1.743 r  u_clk_wiz/inst/plle2_adv_inst/CLKOUT0
                         net (fo=1, routed)           0.546    -1.197    u_clk_wiz/inst/clk_out1_clk_wiz_0
    BUFGCTRL_X0Y0        BUFG (Prop_bufg_I_O)         0.029    -1.168 r  u_clk_wiz/inst/clkout1_buf/O
                         net (fo=1596, routed)        0.826    -0.343    ADC_PROC_PWM/averager/clk
    SLICE_X43Y85         FDRE                                         r  ADC_PROC_PWM/averager/REG_ARRAY_reg_r_432/C
                         clock pessimism             -0.194    -0.537    
                         clock uncertainty            0.077    -0.460    
    SLICE_X43Y85         FDRE (Hold_fdre_C_D)         0.070    -0.390    ADC_PROC_PWM/averager/REG_ARRAY_reg_r_432
  -------------------------------------------------------------------
                         required time                          0.390    
                         arrival time                          -0.311    
  -------------------------------------------------------------------
                         slack                                  0.079    

Slack (MET) :             0.083ns  (arrival time - required time)
  Source:                 ADC_PROC_XADC/scaled_adc_data_pipe_reg[0]/C
                            (rising edge-triggered cell FDRE clocked by clk_out1_clk_wiz_0_1  {rise@0.000ns fall@5.000ns period=10.000ns})
  Destination:            ADC_PROC_XADC/scaled_adc_data_xadc_reg[0]/D
                            (rising edge-triggered cell FDRE clocked by clk_out1_clk_wiz_0  {rise@0.000ns fall@5.000ns period=10.000ns})
  Path Group:             clk_out1_clk_wiz_0
  Path Type:              Hold (Min at Fast Process Corner)
  Requirement:            0.000ns  (clk_out1_clk_wiz_0 rise@0.000ns - clk_out1_clk_wiz_0_1 rise@0.000ns)
  Data Path Delay:        0.220ns  (logic 0.164ns (74.580%)  route 0.056ns (25.420%))
  Logic Levels:           0  
  Clock Path Skew:        0.000ns (DCD - SCD - CPR)
    Destination Clock Delay (DCD):    -0.350ns
    Source Clock Delay      (SCD):    -0.578ns
    Clock Pessimism Removal (CPR):    0.228ns
  Clock Uncertainty:      0.077ns  ((TSJ^2 + DJ^2)^1/2) / 2 + PE
    Total System Jitter     (TSJ):    0.071ns
    Discrete Jitter          (DJ):    0.138ns
    Phase Error              (PE):    0.000ns
  Clock Domain Crossing:  Inter clock paths are considered valid unless explicitly excluded by timing constraints such as set_clock_groups or set_false_path.

    Location             Delay type                Incr(ns)  Path(ns)    Netlist Resource(s)
  -------------------------------------------------------------------    -------------------
                         (clock clk_out1_clk_wiz_0_1 rise edge)
                                                      0.000     0.000 r  
    W5                                                0.000     0.000 r  clk_in (IN)
                         net (fo=0)                   0.000     0.000    u_clk_wiz/inst/clk_in1
    W5                   IBUF (Prop_ibuf_I_O)         0.226     0.226 r  u_clk_wiz/inst/clkin1_ibufg/O
                         net (fo=1, routed)           0.440     0.667    u_clk_wiz/inst/clk_in1_clk_wiz_0
    PLLE2_ADV_X1Y0       PLLE2_ADV (Prop_plle2_adv_CLKIN1_CLKOUT0)
                                                     -2.322    -1.656 r  u_clk_wiz/inst/plle2_adv_inst/CLKOUT0
                         net (fo=1, routed)           0.501    -1.155    u_clk_wiz/inst/clk_out1_clk_wiz_0
    BUFGCTRL_X0Y0        BUFG (Prop_bufg_I_O)         0.026    -1.129 r  u_clk_wiz/inst/clkout1_buf/O
                         net (fo=1596, routed)        0.551    -0.578    ADC_PROC_XADC/clk
    SLICE_X54Y75         FDRE                                         r  ADC_PROC_XADC/scaled_adc_data_pipe_reg[0]/C
  -------------------------------------------------------------------    -------------------
    SLICE_X54Y75         FDRE (Prop_fdre_C_Q)         0.164    -0.414 r  ADC_PROC_XADC/scaled_adc_data_pipe_reg[0]/Q
                         net (fo=1, routed)           0.056    -0.358    ADC_PROC_XADC/scaled_adc_data_pipe[0]
    SLICE_X54Y75         FDRE                                         r  ADC_PROC_XADC/scaled_adc_data_xadc_reg[0]/D
  -------------------------------------------------------------------    -------------------

                         (clock clk_out1_clk_wiz_0 rise edge)
                                                      0.000     0.000 r  
    W5                                                0.000     0.000 r  clk_in (IN)
                         net (fo=0)                   0.000     0.000    u_clk_wiz/inst/clk_in1
    W5                   IBUF (Prop_ibuf_I_O)         0.414     0.414 r  u_clk_wiz/inst/clkin1_ibufg/O
                         net (fo=1, routed)           0.481     0.895    u_clk_wiz/inst/clk_in1_clk_wiz_0
    PLLE2_ADV_X1Y0       PLLE2_ADV (Prop_plle2_adv_CLKIN1_CLKOUT0)
                                                     -2.638    -1.743 r  u_clk_wiz/inst/plle2_adv_inst/CLKOUT0
                         net (fo=1, routed)           0.546    -1.197    u_clk_wiz/inst/clk_out1_clk_wiz_0
    BUFGCTRL_X0Y0        BUFG (Prop_bufg_I_O)         0.029    -1.168 r  u_clk_wiz/inst/clkout1_buf/O
                         net (fo=1596, routed)        0.818    -0.350    ADC_PROC_XADC/clk
    SLICE_X54Y75         FDRE                                         r  ADC_PROC_XADC/scaled_adc_data_xadc_reg[0]/C
                         clock pessimism             -0.228    -0.578    
                         clock uncertainty            0.077    -0.501    
    SLICE_X54Y75         FDRE (Hold_fdre_C_D)         0.060    -0.441    ADC_PROC_XADC/scaled_adc_data_xadc_reg[0]
  -------------------------------------------------------------------
                         required time                          0.441    
                         arrival time                          -0.358    
  -------------------------------------------------------------------
                         slack                                  0.083    

Slack (MET) :             0.087ns  (arrival time - required time)
  Source:                 R2R_ADC_SUBSYSTEM/r2r_captured_duty_cycle_reg[3]/C
                            (rising edge-triggered cell FDRE clocked by clk_out1_clk_wiz_0_1  {rise@0.000ns fall@5.000ns period=10.000ns})
  Destination:            ADC_PROC_R2R/averager/REG_ARRAY_reg[32][3]_srl32___REG_ARRAY_reg_r_540/D
                            (rising edge-triggered cell SRLC32E clocked by clk_out1_clk_wiz_0  {rise@0.000ns fall@5.000ns period=10.000ns})
  Path Group:             clk_out1_clk_wiz_0
  Path Type:              Hold (Min at Fast Process Corner)
  Requirement:            0.000ns  (clk_out1_clk_wiz_0 rise@0.000ns - clk_out1_clk_wiz_0_1 rise@0.000ns)
  Data Path Delay:        0.384ns  (logic 0.141ns (36.705%)  route 0.243ns (63.295%))
  Logic Levels:           0  
  Clock Path Skew:        0.037ns (DCD - SCD - CPR)
    Destination Clock Delay (DCD):    -0.315ns
    Source Clock Delay      (SCD):    -0.546ns
    Clock Pessimism Removal (CPR):    0.194ns
  Clock Uncertainty:      0.077ns  ((TSJ^2 + DJ^2)^1/2) / 2 + PE
    Total System Jitter     (TSJ):    0.071ns
    Discrete Jitter          (DJ):    0.138ns
    Phase Error              (PE):    0.000ns
  Clock Domain Crossing:  Inter clock paths are considered valid unless explicitly excluded by timing constraints such as set_clock_groups or set_false_path.

    Location             Delay type                Incr(ns)  Path(ns)    Netlist Resource(s)
  -------------------------------------------------------------------    -------------------
                         (clock clk_out1_clk_wiz_0_1 rise edge)
                                                      0.000     0.000 r  
    W5                                                0.000     0.000 r  clk_in (IN)
                         net (fo=0)                   0.000     0.000    u_clk_wiz/inst/clk_in1
    W5                   IBUF (Prop_ibuf_I_O)         0.226     0.226 r  u_clk_wiz/inst/clkin1_ibufg/O
                         net (fo=1, routed)           0.440     0.667    u_clk_wiz/inst/clk_in1_clk_wiz_0
    PLLE2_ADV_X1Y0       PLLE2_ADV (Prop_plle2_adv_CLKIN1_CLKOUT0)
                                                     -2.322    -1.656 r  u_clk_wiz/inst/plle2_adv_inst/CLKOUT0
                         net (fo=1, routed)           0.501    -1.155    u_clk_wiz/inst/clk_out1_clk_wiz_0
    BUFGCTRL_X0Y0        BUFG (Prop_bufg_I_O)         0.026    -1.129 r  u_clk_wiz/inst/clkout1_buf/O
                         net (fo=1596, routed)        0.583    -0.546    R2R_ADC_SUBSYSTEM/clk
    SLICE_X62Y71         FDRE                                         r  R2R_ADC_SUBSYSTEM/r2r_captured_duty_cycle_reg[3]/C
  -------------------------------------------------------------------    -------------------
    SLICE_X62Y71         FDRE (Prop_fdre_C_Q)         0.141    -0.405 r  R2R_ADC_SUBSYSTEM/r2r_captured_duty_cycle_reg[3]/Q
                         net (fo=4, routed)           0.243    -0.162    ADC_PROC_R2R/averager/Din[3]
    SLICE_X60Y67         SRLC32E                                      r  ADC_PROC_R2R/averager/REG_ARRAY_reg[32][3]_srl32___REG_ARRAY_reg_r_540/D
  -------------------------------------------------------------------    -------------------

                         (clock clk_out1_clk_wiz_0 rise edge)
                                                      0.000     0.000 r  
    W5                                                0.000     0.000 r  clk_in (IN)
                         net (fo=0)                   0.000     0.000    u_clk_wiz/inst/clk_in1
    W5                   IBUF (Prop_ibuf_I_O)         0.414     0.414 r  u_clk_wiz/inst/clkin1_ibufg/O
                         net (fo=1, routed)           0.481     0.895    u_clk_wiz/inst/clk_in1_clk_wiz_0
    PLLE2_ADV_X1Y0       PLLE2_ADV (Prop_plle2_adv_CLKIN1_CLKOUT0)
                                                     -2.638    -1.743 r  u_clk_wiz/inst/plle2_adv_inst/CLKOUT0
                         net (fo=1, routed)           0.546    -1.197    u_clk_wiz/inst/clk_out1_clk_wiz_0
    BUFGCTRL_X0Y0        BUFG (Prop_bufg_I_O)         0.029    -1.168 r  u_clk_wiz/inst/clkout1_buf/O
                         net (fo=1596, routed)        0.854    -0.315    ADC_PROC_R2R/averager/clk
    SLICE_X60Y67         SRLC32E                                      r  ADC_PROC_R2R/averager/REG_ARRAY_reg[32][3]_srl32___REG_ARRAY_reg_r_540/CLK
                         clock pessimism             -0.194    -0.509    
                         clock uncertainty            0.077    -0.432    
    SLICE_X60Y67         SRLC32E (Hold_srlc32e_CLK_D)
                                                      0.183    -0.249    ADC_PROC_R2R/averager/REG_ARRAY_reg[32][3]_srl32___REG_ARRAY_reg_r_540
  -------------------------------------------------------------------
                         required time                          0.249    
                         arrival time                          -0.162    
  -------------------------------------------------------------------
                         slack                                  0.087    





---------------------------------------------------------------------------------------------------
From Clock:  clk_out1_clk_wiz_0
  To Clock:  clk_out1_clk_wiz_0_1

Setup :            0  Failing Endpoints,  Worst Slack        4.136ns,  Total Violation        0.000ns
Hold  :            0  Failing Endpoints,  Worst Slack        0.048ns,  Total Violation        0.000ns
---------------------------------------------------------------------------------------------------


Max Delay Paths
--------------------------------------------------------------------------------------
Slack (MET) :             4.136ns  (required time - arrival time)
  Source:                 XADC_INST/inst/DCLK
                            (rising edge-triggered cell XADC clocked by clk_out1_clk_wiz_0  {rise@0.000ns fall@5.000ns period=10.000ns})
  Destination:            ADC_PROC_XADC/averager/sum_reg[21]/D
                            (rising edge-triggered cell FDRE clocked by clk_out1_clk_wiz_0_1  {rise@0.000ns fall@5.000ns period=10.000ns})
  Path Group:             clk_out1_clk_wiz_0_1
  Path Type:              Setup (Max at Slow Process Corner)
  Requirement:            10.000ns  (clk_out1_clk_wiz_0_1 rise@10.000ns - clk_out1_clk_wiz_0 rise@0.000ns)
  Data Path Delay:        5.745ns  (logic 3.030ns (52.742%)  route 2.715ns (47.258%))
  Logic Levels:           8  (CARRY4=6 LUT2=1 LUT4=1)
  Clock Path Skew:        -0.103ns (DCD - SCD + CPR)
    Destination Clock Delay (DCD):    -2.090ns = ( 7.910 - 10.000 ) 
    Source Clock Delay      (SCD):    -2.485ns
    Clock Pessimism Removal (CPR):    -0.498ns
  Clock Uncertainty:      0.077ns  ((TSJ^2 + DJ^2)^1/2) / 2 + PE
    Total System Jitter     (TSJ):    0.071ns
    Discrete Jitter          (DJ):    0.138ns
    Phase Error              (PE):    0.000ns
  Clock Domain Crossing:  Inter clock paths are considered valid unless explicitly excluded by timing constraints such as set_clock_groups or set_false_path.

    Location             Delay type                Incr(ns)  Path(ns)    Netlist Resource(s)
  -------------------------------------------------------------------    -------------------
                         (clock clk_out1_clk_wiz_0 rise edge)
                                                      0.000     0.000 r  
    W5                                                0.000     0.000 r  clk_in (IN)
                         net (fo=0)                   0.000     0.000    u_clk_wiz/inst/clk_in1
    W5                   IBUF (Prop_ibuf_I_O)         1.458     1.458 r  u_clk_wiz/inst/clkin1_ibufg/O
                         net (fo=1, routed)           1.253     2.711    u_clk_wiz/inst/clk_in1_clk_wiz_0
    PLLE2_ADV_X1Y0       PLLE2_ADV (Prop_plle2_adv_CLKIN1_CLKOUT0)
                                                     -8.482    -5.770 r  u_clk_wiz/inst/plle2_adv_inst/CLKOUT0
                         net (fo=1, routed)           1.655    -4.115    u_clk_wiz/inst/clk_out1_clk_wiz_0
    BUFGCTRL_X0Y0        BUFG (Prop_bufg_I_O)         0.096    -4.019 r  u_clk_wiz/inst/clkout1_buf/O
                         net (fo=1596, routed)        1.534    -2.485    XADC_INST/dclk_in
    XADC_X0Y0            XADC                                         r  XADC_INST/inst/DCLK
  -------------------------------------------------------------------    -------------------
    XADC_X0Y0            XADC (Prop_xadc_DCLK_DO[0])
                                                      1.214    -1.271 r  XADC_INST/inst/DO[0]
                         net (fo=5, routed)           2.258     0.987    ADC_PROC_XADC/averager/Din[0]
    SLICE_X48Y70         LUT2 (Prop_lut2_I0_O)        0.150     1.137 r  ADC_PROC_XADC/averager/sum[3]_i_4/O
                         net (fo=2, routed)           0.448     1.585    ADC_PROC_XADC/averager/sum[3]_i_4_n_0
    SLICE_X48Y70         LUT4 (Prop_lut4_I3_O)        0.326     1.911 r  ADC_PROC_XADC/averager/sum[3]_i_8/O
                         net (fo=1, routed)           0.000     1.911    ADC_PROC_XADC/averager/sum[3]_i_8_n_0
    SLICE_X48Y70         CARRY4 (Prop_carry4_S[1]_CO[3])
                                                      0.550     2.461 r  ADC_PROC_XADC/averager/sum_reg[3]_i_1/CO[3]
                         net (fo=1, routed)           0.000     2.461    ADC_PROC_XADC/averager/sum_reg[3]_i_1_n_0
    SLICE_X48Y71         CARRY4 (Prop_carry4_CI_CO[3])
                                                      0.114     2.575 r  ADC_PROC_XADC/averager/sum_reg[7]_i_1/CO[3]
                         net (fo=1, routed)           0.000     2.575    ADC_PROC_XADC/averager/sum_reg[7]_i_1_n_0
    SLICE_X48Y72         CARRY4 (Prop_carry4_CI_CO[3])
                                                      0.114     2.689 r  ADC_PROC_XADC/averager/sum_reg[11]_i_1/CO[3]
                         net (fo=1, routed)           0.000     2.689    ADC_PROC_XADC/averager/sum_reg[11]_i_1_n_0
    SLICE_X48Y73         CARRY4 (Prop_carry4_CI_CO[3])
                                                      0.114     2.803 r  ADC_PROC_XADC/averager/sum_reg[15]_i_1/CO[3]
                         net (fo=1, routed)           0.000     2.803    ADC_PROC_XADC/averager/sum_reg[15]_i_1_n_0
    SLICE_X48Y74         CARRY4 (Prop_carry4_CI_CO[3])
                                                      0.114     2.917 r  ADC_PROC_XADC/averager/sum_reg[19]_i_1/CO[3]
                         net (fo=1, routed)           0.009     2.926    ADC_PROC_XADC/averager/sum_reg[19]_i_1_n_0
    SLICE_X48Y75         CARRY4 (Prop_carry4_CI_O[1])
                                                      0.334     3.260 r  ADC_PROC_XADC/averager/sum_reg[23]_i_1/O[1]
                         net (fo=1, routed)           0.000     3.260    ADC_PROC_XADC/averager/sum_reg[23]_i_1_n_6
    SLICE_X48Y75         FDRE                                         r  ADC_PROC_XADC/averager/sum_reg[21]/D
  -------------------------------------------------------------------    -------------------

                         (clock clk_out1_clk_wiz_0_1 rise edge)
                                                     10.000    10.000 r  
    W5                                                0.000    10.000 r  clk_in (IN)
                         net (fo=0)                   0.000    10.000    u_clk_wiz/inst/clk_in1
    W5                   IBUF (Prop_ibuf_I_O)         1.388    11.388 r  u_clk_wiz/inst/clkin1_ibufg/O
                         net (fo=1, routed)           1.181    12.569    u_clk_wiz/inst/clk_in1_clk_wiz_0
    PLLE2_ADV_X1Y0       PLLE2_ADV (Prop_plle2_adv_CLKIN1_CLKOUT0)
                                                     -7.750     4.819 r  u_clk_wiz/inst/plle2_adv_inst/CLKOUT0
                         net (fo=1, routed)           1.576     6.396    u_clk_wiz/inst/clk_out1_clk_wiz_0
    BUFGCTRL_X0Y0        BUFG (Prop_bufg_I_O)         0.091     6.487 r  u_clk_wiz/inst/clkout1_buf/O
                         net (fo=1596, routed)        1.424     7.910    ADC_PROC_XADC/averager/clk
    SLICE_X48Y75         FDRE                                         r  ADC_PROC_XADC/averager/sum_reg[21]/C
                         clock pessimism             -0.498     7.412    
                         clock uncertainty           -0.077     7.334    
    SLICE_X48Y75         FDRE (Setup_fdre_C_D)        0.062     7.396    ADC_PROC_XADC/averager/sum_reg[21]
  -------------------------------------------------------------------
                         required time                          7.396    
                         arrival time                          -3.260    
  -------------------------------------------------------------------
                         slack                                  4.136    

Slack (MET) :             4.157ns  (required time - arrival time)
  Source:                 XADC_INST/inst/DCLK
                            (rising edge-triggered cell XADC clocked by clk_out1_clk_wiz_0  {rise@0.000ns fall@5.000ns period=10.000ns})
  Destination:            ADC_PROC_XADC/averager/sum_reg[23]/D
                            (rising edge-triggered cell FDRE clocked by clk_out1_clk_wiz_0_1  {rise@0.000ns fall@5.000ns period=10.000ns})
  Path Group:             clk_out1_clk_wiz_0_1
  Path Type:              Setup (Max at Slow Process Corner)
  Requirement:            10.000ns  (clk_out1_clk_wiz_0_1 rise@10.000ns - clk_out1_clk_wiz_0 rise@0.000ns)
  Data Path Delay:        5.724ns  (logic 3.009ns (52.568%)  route 2.715ns (47.432%))
  Logic Levels:           8  (CARRY4=6 LUT2=1 LUT4=1)
  Clock Path Skew:        -0.103ns (DCD - SCD + CPR)
    Destination Clock Delay (DCD):    -2.090ns = ( 7.910 - 10.000 ) 
    Source Clock Delay      (SCD):    -2.485ns
    Clock Pessimism Removal (CPR):    -0.498ns
  Clock Uncertainty:      0.077ns  ((TSJ^2 + DJ^2)^1/2) / 2 + PE
    Total System Jitter     (TSJ):    0.071ns
    Discrete Jitter          (DJ):    0.138ns
    Phase Error              (PE):    0.000ns
  Clock Domain Crossing:  Inter clock paths are considered valid unless explicitly excluded by timing constraints such as set_clock_groups or set_false_path.

    Location             Delay type                Incr(ns)  Path(ns)    Netlist Resource(s)
  -------------------------------------------------------------------    -------------------
                         (clock clk_out1_clk_wiz_0 rise edge)
                                                      0.000     0.000 r  
    W5                                                0.000     0.000 r  clk_in (IN)
                         net (fo=0)                   0.000     0.000    u_clk_wiz/inst/clk_in1
    W5                   IBUF (Prop_ibuf_I_O)         1.458     1.458 r  u_clk_wiz/inst/clkin1_ibufg/O
                         net (fo=1, routed)           1.253     2.711    u_clk_wiz/inst/clk_in1_clk_wiz_0
    PLLE2_ADV_X1Y0       PLLE2_ADV (Prop_plle2_adv_CLKIN1_CLKOUT0)
                                                     -8.482    -5.770 r  u_clk_wiz/inst/plle2_adv_inst/CLKOUT0
                         net (fo=1, routed)           1.655    -4.115    u_clk_wiz/inst/clk_out1_clk_wiz_0
    BUFGCTRL_X0Y0        BUFG (Prop_bufg_I_O)         0.096    -4.019 r  u_clk_wiz/inst/clkout1_buf/O
                         net (fo=1596, routed)        1.534    -2.485    XADC_INST/dclk_in
    XADC_X0Y0            XADC                                         r  XADC_INST/inst/DCLK
  -------------------------------------------------------------------    -------------------
    XADC_X0Y0            XADC (Prop_xadc_DCLK_DO[0])
                                                      1.214    -1.271 r  XADC_INST/inst/DO[0]
                         net (fo=5, routed)           2.258     0.987    ADC_PROC_XADC/averager/Din[0]
    SLICE_X48Y70         LUT2 (Prop_lut2_I0_O)        0.150     1.137 r  ADC_PROC_XADC/averager/sum[3]_i_4/O
                         net (fo=2, routed)           0.448     1.585    ADC_PROC_XADC/averager/sum[3]_i_4_n_0
    SLICE_X48Y70         LUT4 (Prop_lut4_I3_O)        0.326     1.911 r  ADC_PROC_XADC/averager/sum[3]_i_8/O
                         net (fo=1, routed)           0.000     1.911    ADC_PROC_XADC/averager/sum[3]_i_8_n_0
    SLICE_X48Y70         CARRY4 (Prop_carry4_S[1]_CO[3])
                                                      0.550     2.461 r  ADC_PROC_XADC/averager/sum_reg[3]_i_1/CO[3]
                         net (fo=1, routed)           0.000     2.461    ADC_PROC_XADC/averager/sum_reg[3]_i_1_n_0
    SLICE_X48Y71         CARRY4 (Prop_carry4_CI_CO[3])
                                                      0.114     2.575 r  ADC_PROC_XADC/averager/sum_reg[7]_i_1/CO[3]
                         net (fo=1, routed)           0.000     2.575    ADC_PROC_XADC/averager/sum_reg[7]_i_1_n_0
    SLICE_X48Y72         CARRY4 (Prop_carry4_CI_CO[3])
                                                      0.114     2.689 r  ADC_PROC_XADC/averager/sum_reg[11]_i_1/CO[3]
                         net (fo=1, routed)           0.000     2.689    ADC_PROC_XADC/averager/sum_reg[11]_i_1_n_0
    SLICE_X48Y73         CARRY4 (Prop_carry4_CI_CO[3])
                                                      0.114     2.803 r  ADC_PROC_XADC/averager/sum_reg[15]_i_1/CO[3]
                         net (fo=1, routed)           0.000     2.803    ADC_PROC_XADC/averager/sum_reg[15]_i_1_n_0
    SLICE_X48Y74         CARRY4 (Prop_carry4_CI_CO[3])
                                                      0.114     2.917 r  ADC_PROC_XADC/averager/sum_reg[19]_i_1/CO[3]
                         net (fo=1, routed)           0.009     2.926    ADC_PROC_XADC/averager/sum_reg[19]_i_1_n_0
    SLICE_X48Y75         CARRY4 (Prop_carry4_CI_O[3])
                                                      0.313     3.239 r  ADC_PROC_XADC/averager/sum_reg[23]_i_1/O[3]
                         net (fo=1, routed)           0.000     3.239    ADC_PROC_XADC/averager/sum_reg[23]_i_1_n_4
    SLICE_X48Y75         FDRE                                         r  ADC_PROC_XADC/averager/sum_reg[23]/D
  -------------------------------------------------------------------    -------------------

                         (clock clk_out1_clk_wiz_0_1 rise edge)
                                                     10.000    10.000 r  
    W5                                                0.000    10.000 r  clk_in (IN)
                         net (fo=0)                   0.000    10.000    u_clk_wiz/inst/clk_in1
    W5                   IBUF (Prop_ibuf_I_O)         1.388    11.388 r  u_clk_wiz/inst/clkin1_ibufg/O
                         net (fo=1, routed)           1.181    12.569    u_clk_wiz/inst/clk_in1_clk_wiz_0
    PLLE2_ADV_X1Y0       PLLE2_ADV (Prop_plle2_adv_CLKIN1_CLKOUT0)
                                                     -7.750     4.819 r  u_clk_wiz/inst/plle2_adv_inst/CLKOUT0
                         net (fo=1, routed)           1.576     6.396    u_clk_wiz/inst/clk_out1_clk_wiz_0
    BUFGCTRL_X0Y0        BUFG (Prop_bufg_I_O)         0.091     6.487 r  u_clk_wiz/inst/clkout1_buf/O
                         net (fo=1596, routed)        1.424     7.910    ADC_PROC_XADC/averager/clk
    SLICE_X48Y75         FDRE                                         r  ADC_PROC_XADC/averager/sum_reg[23]/C
                         clock pessimism             -0.498     7.412    
                         clock uncertainty           -0.077     7.334    
    SLICE_X48Y75         FDRE (Setup_fdre_C_D)        0.062     7.396    ADC_PROC_XADC/averager/sum_reg[23]
  -------------------------------------------------------------------
                         required time                          7.396    
                         arrival time                          -3.239    
  -------------------------------------------------------------------
                         slack                                  4.157    

Slack (MET) :             4.202ns  (required time - arrival time)
  Source:                 INPUT_SYNC/out2_reg[0]/C
                            (rising edge-triggered cell FDRE clocked by clk_out1_clk_wiz_0  {rise@0.000ns fall@5.000ns period=10.000ns})
  Destination:            AUTO_CAL/offset_reg_reg[16]/D
                            (rising edge-triggered cell FDRE clocked by clk_out1_clk_wiz_0_1  {rise@0.000ns fall@5.000ns period=10.000ns})
  Path Group:             clk_out1_clk_wiz_0_1
  Path Type:              Setup (Max at Slow Process Corner)
  Requirement:            10.000ns  (clk_out1_clk_wiz_0_1 rise@10.000ns - clk_out1_clk_wiz_0 rise@0.000ns)
  Data Path Delay:        5.710ns  (logic 1.635ns (28.633%)  route 4.075ns (71.367%))
  Logic Levels:           5  (CARRY4=3 LUT2=1 LUT4=1)
  Clock Path Skew:        -0.119ns (DCD - SCD + CPR)
    Destination Clock Delay (DCD):    -2.087ns = ( 7.913 - 10.000 ) 
    Source Clock Delay      (SCD):    -2.395ns
    Clock Pessimism Removal (CPR):    -0.427ns
  Clock Uncertainty:      0.077ns  ((TSJ^2 + DJ^2)^1/2) / 2 + PE
    Total System Jitter     (TSJ):    0.071ns
    Discrete Jitter          (DJ):    0.138ns
    Phase Error              (PE):    0.000ns
  Clock Domain Crossing:  Inter clock paths are considered valid unless explicitly excluded by timing constraints such as set_clock_groups or set_false_path.

    Location             Delay type                Incr(ns)  Path(ns)    Netlist Resource(s)
  -------------------------------------------------------------------    -------------------
                         (clock clk_out1_clk_wiz_0 rise edge)
                                                      0.000     0.000 r  
    W5                                                0.000     0.000 r  clk_in (IN)
                         net (fo=0)                   0.000     0.000    u_clk_wiz/inst/clk_in1
    W5                   IBUF (Prop_ibuf_I_O)         1.458     1.458 r  u_clk_wiz/inst/clkin1_ibufg/O
                         net (fo=1, routed)           1.253     2.711    u_clk_wiz/inst/clk_in1_clk_wiz_0
    PLLE2_ADV_X1Y0       PLLE2_ADV (Prop_plle2_adv_CLKIN1_CLKOUT0)
                                                     -8.482    -5.770 r  u_clk_wiz/inst/plle2_adv_inst/CLKOUT0
                         net (fo=1, routed)           1.655    -4.115    u_clk_wiz/inst/clk_out1_clk_wiz_0
    BUFGCTRL_X0Y0        BUFG (Prop_bufg_I_O)         0.096    -4.019 r  u_clk_wiz/inst/clkout1_buf/O
                         net (fo=1596, routed)        1.624    -2.395    INPUT_SYNC/clk
    SLICE_X64Y60         FDRE                                         r  INPUT_SYNC/out2_reg[0]/C
  -------------------------------------------------------------------    -------------------
    SLICE_X64Y60         FDRE (Prop_fdre_C_Q)         0.518    -1.877 r  INPUT_SYNC/out2_reg[0]/Q
                         net (fo=54, routed)          3.550     1.673    AVE_DATA_EN/mode_select[0]
    SLICE_X53Y74         LUT4 (Prop_lut4_I1_O)        0.124     1.797 r  AVE_DATA_EN/data[9]_INST_0/O
                         net (fo=5, routed)           0.517     2.313    AUTO_CAL/ave_data[9]
    SLICE_X50Y74         LUT2 (Prop_lut2_I1_O)        0.124     2.437 r  AUTO_CAL/offset_reg[11]_i_4/O
                         net (fo=1, routed)           0.000     2.437    AUTO_CAL/offset_reg[11]_i_4_n_0
    SLICE_X50Y74         CARRY4 (Prop_carry4_S[1]_CO[3])
                                                      0.533     2.970 r  AUTO_CAL/offset_reg_reg[11]_i_1/CO[3]
                         net (fo=1, routed)           0.009     2.979    AUTO_CAL/offset_reg_reg[11]_i_1_n_0
    SLICE_X50Y75         CARRY4 (Prop_carry4_CI_CO[3])
                                                      0.117     3.096 r  AUTO_CAL/offset_reg_reg[15]_i_1/CO[3]
                         net (fo=1, routed)           0.000     3.096    AUTO_CAL/offset_reg_reg[15]_i_1_n_0
    SLICE_X50Y76         CARRY4 (Prop_carry4_CI_O[0])
                                                      0.219     3.315 r  AUTO_CAL/offset_reg_reg[16]_i_1/O[0]
                         net (fo=1, routed)           0.000     3.315    AUTO_CAL/offset_reg_reg[16]_i_1_n_7
    SLICE_X50Y76         FDRE                                         r  AUTO_CAL/offset_reg_reg[16]/D
  -------------------------------------------------------------------    -------------------

                         (clock clk_out1_clk_wiz_0_1 rise edge)
                                                     10.000    10.000 r  
    W5                                                0.000    10.000 r  clk_in (IN)
                         net (fo=0)                   0.000    10.000    u_clk_wiz/inst/clk_in1
    W5                   IBUF (Prop_ibuf_I_O)         1.388    11.388 r  u_clk_wiz/inst/clkin1_ibufg/O
                         net (fo=1, routed)           1.181    12.569    u_clk_wiz/inst/clk_in1_clk_wiz_0
    PLLE2_ADV_X1Y0       PLLE2_ADV (Prop_plle2_adv_CLKIN1_CLKOUT0)
                                                     -7.750     4.819 r  u_clk_wiz/inst/plle2_adv_inst/CLKOUT0
                         net (fo=1, routed)           1.576     6.396    u_clk_wiz/inst/clk_out1_clk_wiz_0
    BUFGCTRL_X0Y0        BUFG (Prop_bufg_I_O)         0.091     6.487 r  u_clk_wiz/inst/clkout1_buf/O
                         net (fo=1596, routed)        1.427     7.913    AUTO_CAL/clk
    SLICE_X50Y76         FDRE                                         r  AUTO_CAL/offset_reg_reg[16]/C
                         clock pessimism             -0.427     7.486    
                         clock uncertainty           -0.077     7.409    
    SLICE_X50Y76         FDRE (Setup_fdre_C_D)        0.109     7.518    AUTO_CAL/offset_reg_reg[16]
  -------------------------------------------------------------------
                         required time                          7.518    
                         arrival time                          -3.315    
  -------------------------------------------------------------------
                         slack                                  4.202    

Slack (MET) :             4.213ns  (required time - arrival time)
  Source:                 INPUT_SYNC/out2_reg[0]/C
                            (rising edge-triggered cell FDRE clocked by clk_out1_clk_wiz_0  {rise@0.000ns fall@5.000ns period=10.000ns})
  Destination:            AUTO_CAL/offset_reg_reg[13]/D
                            (rising edge-triggered cell FDRE clocked by clk_out1_clk_wiz_0_1  {rise@0.000ns fall@5.000ns period=10.000ns})
  Path Group:             clk_out1_clk_wiz_0_1
  Path Type:              Setup (Max at Slow Process Corner)
  Requirement:            10.000ns  (clk_out1_clk_wiz_0_1 rise@10.000ns - clk_out1_clk_wiz_0 rise@0.000ns)
  Data Path Delay:        5.697ns  (logic 1.622ns (28.470%)  route 4.075ns (71.530%))
  Logic Levels:           4  (CARRY4=2 LUT2=1 LUT4=1)
  Clock Path Skew:        -0.121ns (DCD - SCD + CPR)
    Destination Clock Delay (DCD):    -2.089ns = ( 7.911 - 10.000 ) 
    Source Clock Delay      (SCD):    -2.395ns
    Clock Pessimism Removal (CPR):    -0.427ns
  Clock Uncertainty:      0.077ns  ((TSJ^2 + DJ^2)^1/2) / 2 + PE
    Total System Jitter     (TSJ):    0.071ns
    Discrete Jitter          (DJ):    0.138ns
    Phase Error              (PE):    0.000ns
  Clock Domain Crossing:  Inter clock paths are considered valid unless explicitly excluded by timing constraints such as set_clock_groups or set_false_path.

    Location             Delay type                Incr(ns)  Path(ns)    Netlist Resource(s)
  -------------------------------------------------------------------    -------------------
                         (clock clk_out1_clk_wiz_0 rise edge)
                                                      0.000     0.000 r  
    W5                                                0.000     0.000 r  clk_in (IN)
                         net (fo=0)                   0.000     0.000    u_clk_wiz/inst/clk_in1
    W5                   IBUF (Prop_ibuf_I_O)         1.458     1.458 r  u_clk_wiz/inst/clkin1_ibufg/O
                         net (fo=1, routed)           1.253     2.711    u_clk_wiz/inst/clk_in1_clk_wiz_0
    PLLE2_ADV_X1Y0       PLLE2_ADV (Prop_plle2_adv_CLKIN1_CLKOUT0)
                                                     -8.482    -5.770 r  u_clk_wiz/inst/plle2_adv_inst/CLKOUT0
                         net (fo=1, routed)           1.655    -4.115    u_clk_wiz/inst/clk_out1_clk_wiz_0
    BUFGCTRL_X0Y0        BUFG (Prop_bufg_I_O)         0.096    -4.019 r  u_clk_wiz/inst/clkout1_buf/O
                         net (fo=1596, routed)        1.624    -2.395    INPUT_SYNC/clk
    SLICE_X64Y60         FDRE                                         r  INPUT_SYNC/out2_reg[0]/C
  -------------------------------------------------------------------    -------------------
    SLICE_X64Y60         FDRE (Prop_fdre_C_Q)         0.518    -1.877 r  INPUT_SYNC/out2_reg[0]/Q
                         net (fo=54, routed)          3.550     1.673    AVE_DATA_EN/mode_select[0]
    SLICE_X53Y74         LUT4 (Prop_lut4_I1_O)        0.124     1.797 r  AVE_DATA_EN/data[9]_INST_0/O
                         net (fo=5, routed)           0.517     2.313    AUTO_CAL/ave_data[9]
    SLICE_X50Y74         LUT2 (Prop_lut2_I1_O)        0.124     2.437 r  AUTO_CAL/offset_reg[11]_i_4/O
                         net (fo=1, routed)           0.000     2.437    AUTO_CAL/offset_reg[11]_i_4_n_0
    SLICE_X50Y74         CARRY4 (Prop_carry4_S[1]_CO[3])
                                                      0.533     2.970 r  AUTO_CAL/offset_reg_reg[11]_i_1/CO[3]
                         net (fo=1, routed)           0.009     2.979    AUTO_CAL/offset_reg_reg[11]_i_1_n_0
    SLICE_X50Y75         CARRY4 (Prop_carry4_CI_O[1])
                                                      0.323     3.302 r  AUTO_CAL/offset_reg_reg[15]_i_1/O[1]
                         net (fo=1, routed)           0.000     3.302    AUTO_CAL/offset_reg_reg[15]_i_1_n_6
    SLICE_X50Y75         FDRE                                         r  AUTO_CAL/offset_reg_reg[13]/D
  -------------------------------------------------------------------    -------------------

                         (clock clk_out1_clk_wiz_0_1 rise edge)
                                                     10.000    10.000 r  
    W5                                                0.000    10.000 r  clk_in (IN)
                         net (fo=0)                   0.000    10.000    u_clk_wiz/inst/clk_in1
    W5                   IBUF (Prop_ibuf_I_O)         1.388    11.388 r  u_clk_wiz/inst/clkin1_ibufg/O
                         net (fo=1, routed)           1.181    12.569    u_clk_wiz/inst/clk_in1_clk_wiz_0
    PLLE2_ADV_X1Y0       PLLE2_ADV (Prop_plle2_adv_CLKIN1_CLKOUT0)
                                                     -7.750     4.819 r  u_clk_wiz/inst/plle2_adv_inst/CLKOUT0
                         net (fo=1, routed)           1.576     6.396    u_clk_wiz/inst/clk_out1_clk_wiz_0
    BUFGCTRL_X0Y0        BUFG (Prop_bufg_I_O)         0.091     6.487 r  u_clk_wiz/inst/clkout1_buf/O
                         net (fo=1596, routed)        1.425     7.911    AUTO_CAL/clk
    SLICE_X50Y75         FDRE                                         r  AUTO_CAL/offset_reg_reg[13]/C
                         clock pessimism             -0.427     7.484    
                         clock uncertainty           -0.077     7.407    
    SLICE_X50Y75         FDRE (Setup_fdre_C_D)        0.109     7.516    AUTO_CAL/offset_reg_reg[13]
  -------------------------------------------------------------------
                         required time                          7.516    
                         arrival time                          -3.302    
  -------------------------------------------------------------------
                         slack                                  4.213    

Slack (MET) :             4.221ns  (required time - arrival time)
  Source:                 INPUT_SYNC/out2_reg[0]/C
                            (rising edge-triggered cell FDRE clocked by clk_out1_clk_wiz_0  {rise@0.000ns fall@5.000ns period=10.000ns})
  Destination:            AUTO_CAL/offset_reg_reg[15]/D
                            (rising edge-triggered cell FDRE clocked by clk_out1_clk_wiz_0_1  {rise@0.000ns fall@5.000ns period=10.000ns})
  Path Group:             clk_out1_clk_wiz_0_1
  Path Type:              Setup (Max at Slow Process Corner)
  Requirement:            10.000ns  (clk_out1_clk_wiz_0_1 rise@10.000ns - clk_out1_clk_wiz_0 rise@0.000ns)
  Data Path Delay:        5.689ns  (logic 1.614ns (28.370%)  route 4.075ns (71.630%))
  Logic Levels:           4  (CARRY4=2 LUT2=1 LUT4=1)
  Clock Path Skew:        -0.121ns (DCD - SCD + CPR)
    Destination Clock Delay (DCD):    -2.089ns = ( 7.911 - 10.000 ) 
    Source Clock Delay      (SCD):    -2.395ns
    Clock Pessimism Removal (CPR):    -0.427ns
  Clock Uncertainty:      0.077ns  ((TSJ^2 + DJ^2)^1/2) / 2 + PE
    Total System Jitter     (TSJ):    0.071ns
    Discrete Jitter          (DJ):    0.138ns
    Phase Error              (PE):    0.000ns
  Clock Domain Crossing:  Inter clock paths are considered valid unless explicitly excluded by timing constraints such as set_clock_groups or set_false_path.

    Location             Delay type                Incr(ns)  Path(ns)    Netlist Resource(s)
  -------------------------------------------------------------------    -------------------
                         (clock clk_out1_clk_wiz_0 rise edge)
                                                      0.000     0.000 r  
    W5                                                0.000     0.000 r  clk_in (IN)
                         net (fo=0)                   0.000     0.000    u_clk_wiz/inst/clk_in1
    W5                   IBUF (Prop_ibuf_I_O)         1.458     1.458 r  u_clk_wiz/inst/clkin1_ibufg/O
                         net (fo=1, routed)           1.253     2.711    u_clk_wiz/inst/clk_in1_clk_wiz_0
    PLLE2_ADV_X1Y0       PLLE2_ADV (Prop_plle2_adv_CLKIN1_CLKOUT0)
                                                     -8.482    -5.770 r  u_clk_wiz/inst/plle2_adv_inst/CLKOUT0
                         net (fo=1, routed)           1.655    -4.115    u_clk_wiz/inst/clk_out1_clk_wiz_0
    BUFGCTRL_X0Y0        BUFG (Prop_bufg_I_O)         0.096    -4.019 r  u_clk_wiz/inst/clkout1_buf/O
                         net (fo=1596, routed)        1.624    -2.395    INPUT_SYNC/clk
    SLICE_X64Y60         FDRE                                         r  INPUT_SYNC/out2_reg[0]/C
  -------------------------------------------------------------------    -------------------
    SLICE_X64Y60         FDRE (Prop_fdre_C_Q)         0.518    -1.877 r  INPUT_SYNC/out2_reg[0]/Q
                         net (fo=54, routed)          3.550     1.673    AVE_DATA_EN/mode_select[0]
    SLICE_X53Y74         LUT4 (Prop_lut4_I1_O)        0.124     1.797 r  AVE_DATA_EN/data[9]_INST_0/O
                         net (fo=5, routed)           0.517     2.313    AUTO_CAL/ave_data[9]
    SLICE_X50Y74         LUT2 (Prop_lut2_I1_O)        0.124     2.437 r  AUTO_CAL/offset_reg[11]_i_4/O
                         net (fo=1, routed)           0.000     2.437    AUTO_CAL/offset_reg[11]_i_4_n_0
    SLICE_X50Y74         CARRY4 (Prop_carry4_S[1]_CO[3])
                                                      0.533     2.970 r  AUTO_CAL/offset_reg_reg[11]_i_1/CO[3]
                         net (fo=1, routed)           0.009     2.979    AUTO_CAL/offset_reg_reg[11]_i_1_n_0
    SLICE_X50Y75         CARRY4 (Prop_carry4_CI_O[3])
                                                      0.315     3.294 r  AUTO_CAL/offset_reg_reg[15]_i_1/O[3]
                         net (fo=1, routed)           0.000     3.294    AUTO_CAL/offset_reg_reg[15]_i_1_n_4
    SLICE_X50Y75         FDRE                                         r  AUTO_CAL/offset_reg_reg[15]/D
  -------------------------------------------------------------------    -------------------

                         (clock clk_out1_clk_wiz_0_1 rise edge)
                                                     10.000    10.000 r  
    W5                                                0.000    10.000 r  clk_in (IN)
                         net (fo=0)                   0.000    10.000    u_clk_wiz/inst/clk_in1
    W5                   IBUF (Prop_ibuf_I_O)         1.388    11.388 r  u_clk_wiz/inst/clkin1_ibufg/O
                         net (fo=1, routed)           1.181    12.569    u_clk_wiz/inst/clk_in1_clk_wiz_0
    PLLE2_ADV_X1Y0       PLLE2_ADV (Prop_plle2_adv_CLKIN1_CLKOUT0)
                                                     -7.750     4.819 r  u_clk_wiz/inst/plle2_adv_inst/CLKOUT0
                         net (fo=1, routed)           1.576     6.396    u_clk_wiz/inst/clk_out1_clk_wiz_0
    BUFGCTRL_X0Y0        BUFG (Prop_bufg_I_O)         0.091     6.487 r  u_clk_wiz/inst/clkout1_buf/O
                         net (fo=1596, routed)        1.425     7.911    AUTO_CAL/clk
    SLICE_X50Y75         FDRE                                         r  AUTO_CAL/offset_reg_reg[15]/C
                         clock pessimism             -0.427     7.484    
                         clock uncertainty           -0.077     7.407    
    SLICE_X50Y75         FDRE (Setup_fdre_C_D)        0.109     7.516    AUTO_CAL/offset_reg_reg[15]
  -------------------------------------------------------------------
                         required time                          7.516    
                         arrival time                          -3.294    
  -------------------------------------------------------------------
                         slack                                  4.221    

Slack (MET) :             4.231ns  (required time - arrival time)
  Source:                 XADC_INST/inst/DCLK
                            (rising edge-triggered cell XADC clocked by clk_out1_clk_wiz_0  {rise@0.000ns fall@5.000ns period=10.000ns})
  Destination:            ADC_PROC_XADC/averager/sum_reg[22]/D
                            (rising edge-triggered cell FDRE clocked by clk_out1_clk_wiz_0_1  {rise@0.000ns fall@5.000ns period=10.000ns})
  Path Group:             clk_out1_clk_wiz_0_1
  Path Type:              Setup (Max at Slow Process Corner)
  Requirement:            10.000ns  (clk_out1_clk_wiz_0_1 rise@10.000ns - clk_out1_clk_wiz_0 rise@0.000ns)
  Data Path Delay:        5.650ns  (logic 2.935ns (51.947%)  route 2.715ns (48.053%))
  Logic Levels:           8  (CARRY4=6 LUT2=1 LUT4=1)
  Clock Path Skew:        -0.103ns (DCD - SCD + CPR)
    Destination Clock Delay (DCD):    -2.090ns = ( 7.910 - 10.000 ) 
    Source Clock Delay      (SCD):    -2.485ns
    Clock Pessimism Removal (CPR):    -0.498ns
  Clock Uncertainty:      0.077ns  ((TSJ^2 + DJ^2)^1/2) / 2 + PE
    Total System Jitter     (TSJ):    0.071ns
    Discrete Jitter          (DJ):    0.138ns
    Phase Error              (PE):    0.000ns
  Clock Domain Crossing:  Inter clock paths are considered valid unless explicitly excluded by timing constraints such as set_clock_groups or set_false_path.

    Location             Delay type                Incr(ns)  Path(ns)    Netlist Resource(s)
  -------------------------------------------------------------------    -------------------
                         (clock clk_out1_clk_wiz_0 rise edge)
                                                      0.000     0.000 r  
    W5                                                0.000     0.000 r  clk_in (IN)
                         net (fo=0)                   0.000     0.000    u_clk_wiz/inst/clk_in1
    W5                   IBUF (Prop_ibuf_I_O)         1.458     1.458 r  u_clk_wiz/inst/clkin1_ibufg/O
                         net (fo=1, routed)           1.253     2.711    u_clk_wiz/inst/clk_in1_clk_wiz_0
    PLLE2_ADV_X1Y0       PLLE2_ADV (Prop_plle2_adv_CLKIN1_CLKOUT0)
                                                     -8.482    -5.770 r  u_clk_wiz/inst/plle2_adv_inst/CLKOUT0
                         net (fo=1, routed)           1.655    -4.115    u_clk_wiz/inst/clk_out1_clk_wiz_0
    BUFGCTRL_X0Y0        BUFG (Prop_bufg_I_O)         0.096    -4.019 r  u_clk_wiz/inst/clkout1_buf/O
                         net (fo=1596, routed)        1.534    -2.485    XADC_INST/dclk_in
    XADC_X0Y0            XADC                                         r  XADC_INST/inst/DCLK
  -------------------------------------------------------------------    -------------------
    XADC_X0Y0            XADC (Prop_xadc_DCLK_DO[0])
                                                      1.214    -1.271 r  XADC_INST/inst/DO[0]
                         net (fo=5, routed)           2.258     0.987    ADC_PROC_XADC/averager/Din[0]
    SLICE_X48Y70         LUT2 (Prop_lut2_I0_O)        0.150     1.137 r  ADC_PROC_XADC/averager/sum[3]_i_4/O
                         net (fo=2, routed)           0.448     1.585    ADC_PROC_XADC/averager/sum[3]_i_4_n_0
    SLICE_X48Y70         LUT4 (Prop_lut4_I3_O)        0.326     1.911 r  ADC_PROC_XADC/averager/sum[3]_i_8/O
                         net (fo=1, routed)           0.000     1.911    ADC_PROC_XADC/averager/sum[3]_i_8_n_0
    SLICE_X48Y70         CARRY4 (Prop_carry4_S[1]_CO[3])
                                                      0.550     2.461 r  ADC_PROC_XADC/averager/sum_reg[3]_i_1/CO[3]
                         net (fo=1, routed)           0.000     2.461    ADC_PROC_XADC/averager/sum_reg[3]_i_1_n_0
    SLICE_X48Y71         CARRY4 (Prop_carry4_CI_CO[3])
                                                      0.114     2.575 r  ADC_PROC_XADC/averager/sum_reg[7]_i_1/CO[3]
                         net (fo=1, routed)           0.000     2.575    ADC_PROC_XADC/averager/sum_reg[7]_i_1_n_0
    SLICE_X48Y72         CARRY4 (Prop_carry4_CI_CO[3])
                                                      0.114     2.689 r  ADC_PROC_XADC/averager/sum_reg[11]_i_1/CO[3]
                         net (fo=1, routed)           0.000     2.689    ADC_PROC_XADC/averager/sum_reg[11]_i_1_n_0
    SLICE_X48Y73         CARRY4 (Prop_carry4_CI_CO[3])
                                                      0.114     2.803 r  ADC_PROC_XADC/averager/sum_reg[15]_i_1/CO[3]
                         net (fo=1, routed)           0.000     2.803    ADC_PROC_XADC/averager/sum_reg[15]_i_1_n_0
    SLICE_X48Y74         CARRY4 (Prop_carry4_CI_CO[3])
                                                      0.114     2.917 r  ADC_PROC_XADC/averager/sum_reg[19]_i_1/CO[3]
                         net (fo=1, routed)           0.009     2.926    ADC_PROC_XADC/averager/sum_reg[19]_i_1_n_0
    SLICE_X48Y75         CARRY4 (Prop_carry4_CI_O[2])
                                                      0.239     3.165 r  ADC_PROC_XADC/averager/sum_reg[23]_i_1/O[2]
                         net (fo=1, routed)           0.000     3.165    ADC_PROC_XADC/averager/sum_reg[23]_i_1_n_5
    SLICE_X48Y75         FDRE                                         r  ADC_PROC_XADC/averager/sum_reg[22]/D
  -------------------------------------------------------------------    -------------------

                         (clock clk_out1_clk_wiz_0_1 rise edge)
                                                     10.000    10.000 r  
    W5                                                0.000    10.000 r  clk_in (IN)
                         net (fo=0)                   0.000    10.000    u_clk_wiz/inst/clk_in1
    W5                   IBUF (Prop_ibuf_I_O)         1.388    11.388 r  u_clk_wiz/inst/clkin1_ibufg/O
                         net (fo=1, routed)           1.181    12.569    u_clk_wiz/inst/clk_in1_clk_wiz_0
    PLLE2_ADV_X1Y0       PLLE2_ADV (Prop_plle2_adv_CLKIN1_CLKOUT0)
                                                     -7.750     4.819 r  u_clk_wiz/inst/plle2_adv_inst/CLKOUT0
                         net (fo=1, routed)           1.576     6.396    u_clk_wiz/inst/clk_out1_clk_wiz_0
    BUFGCTRL_X0Y0        BUFG (Prop_bufg_I_O)         0.091     6.487 r  u_clk_wiz/inst/clkout1_buf/O
                         net (fo=1596, routed)        1.424     7.910    ADC_PROC_XADC/averager/clk
    SLICE_X48Y75         FDRE                                         r  ADC_PROC_XADC/averager/sum_reg[22]/C
                         clock pessimism             -0.498     7.412    
                         clock uncertainty           -0.077     7.334    
    SLICE_X48Y75         FDRE (Setup_fdre_C_D)        0.062     7.396    ADC_PROC_XADC/averager/sum_reg[22]
  -------------------------------------------------------------------
                         required time                          7.396    
                         arrival time                          -3.165    
  -------------------------------------------------------------------
                         slack                                  4.231    

Slack (MET) :             4.247ns  (required time - arrival time)
  Source:                 XADC_INST/inst/DCLK
                            (rising edge-triggered cell XADC clocked by clk_out1_clk_wiz_0  {rise@0.000ns fall@5.000ns period=10.000ns})
  Destination:            ADC_PROC_XADC/averager/sum_reg[20]/D
                            (rising edge-triggered cell FDRE clocked by clk_out1_clk_wiz_0_1  {rise@0.000ns fall@5.000ns period=10.000ns})
  Path Group:             clk_out1_clk_wiz_0_1
  Path Type:              Setup (Max at Slow Process Corner)
  Requirement:            10.000ns  (clk_out1_clk_wiz_0_1 rise@10.000ns - clk_out1_clk_wiz_0 rise@0.000ns)
  Data Path Delay:        5.634ns  (logic 2.919ns (51.811%)  route 2.715ns (48.189%))
  Logic Levels:           8  (CARRY4=6 LUT2=1 LUT4=1)
  Clock Path Skew:        -0.103ns (DCD - SCD + CPR)
    Destination Clock Delay (DCD):    -2.090ns = ( 7.910 - 10.000 ) 
    Source Clock Delay      (SCD):    -2.485ns
    Clock Pessimism Removal (CPR):    -0.498ns
  Clock Uncertainty:      0.077ns  ((TSJ^2 + DJ^2)^1/2) / 2 + PE
    Total System Jitter     (TSJ):    0.071ns
    Discrete Jitter          (DJ):    0.138ns
    Phase Error              (PE):    0.000ns
  Clock Domain Crossing:  Inter clock paths are considered valid unless explicitly excluded by timing constraints such as set_clock_groups or set_false_path.

    Location             Delay type                Incr(ns)  Path(ns)    Netlist Resource(s)
  -------------------------------------------------------------------    -------------------
                         (clock clk_out1_clk_wiz_0 rise edge)
                                                      0.000     0.000 r  
    W5                                                0.000     0.000 r  clk_in (IN)
                         net (fo=0)                   0.000     0.000    u_clk_wiz/inst/clk_in1
    W5                   IBUF (Prop_ibuf_I_O)         1.458     1.458 r  u_clk_wiz/inst/clkin1_ibufg/O
                         net (fo=1, routed)           1.253     2.711    u_clk_wiz/inst/clk_in1_clk_wiz_0
    PLLE2_ADV_X1Y0       PLLE2_ADV (Prop_plle2_adv_CLKIN1_CLKOUT0)
                                                     -8.482    -5.770 r  u_clk_wiz/inst/plle2_adv_inst/CLKOUT0
                         net (fo=1, routed)           1.655    -4.115    u_clk_wiz/inst/clk_out1_clk_wiz_0
    BUFGCTRL_X0Y0        BUFG (Prop_bufg_I_O)         0.096    -4.019 r  u_clk_wiz/inst/clkout1_buf/O
                         net (fo=1596, routed)        1.534    -2.485    XADC_INST/dclk_in
    XADC_X0Y0            XADC                                         r  XADC_INST/inst/DCLK
  -------------------------------------------------------------------    -------------------
    XADC_X0Y0            XADC (Prop_xadc_DCLK_DO[0])
                                                      1.214    -1.271 r  XADC_INST/inst/DO[0]
                         net (fo=5, routed)           2.258     0.987    ADC_PROC_XADC/averager/Din[0]
    SLICE_X48Y70         LUT2 (Prop_lut2_I0_O)        0.150     1.137 r  ADC_PROC_XADC/averager/sum[3]_i_4/O
                         net (fo=2, routed)           0.448     1.585    ADC_PROC_XADC/averager/sum[3]_i_4_n_0
    SLICE_X48Y70         LUT4 (Prop_lut4_I3_O)        0.326     1.911 r  ADC_PROC_XADC/averager/sum[3]_i_8/O
                         net (fo=1, routed)           0.000     1.911    ADC_PROC_XADC/averager/sum[3]_i_8_n_0
    SLICE_X48Y70         CARRY4 (Prop_carry4_S[1]_CO[3])
                                                      0.550     2.461 r  ADC_PROC_XADC/averager/sum_reg[3]_i_1/CO[3]
                         net (fo=1, routed)           0.000     2.461    ADC_PROC_XADC/averager/sum_reg[3]_i_1_n_0
    SLICE_X48Y71         CARRY4 (Prop_carry4_CI_CO[3])
                                                      0.114     2.575 r  ADC_PROC_XADC/averager/sum_reg[7]_i_1/CO[3]
                         net (fo=1, routed)           0.000     2.575    ADC_PROC_XADC/averager/sum_reg[7]_i_1_n_0
    SLICE_X48Y72         CARRY4 (Prop_carry4_CI_CO[3])
                                                      0.114     2.689 r  ADC_PROC_XADC/averager/sum_reg[11]_i_1/CO[3]
                         net (fo=1, routed)           0.000     2.689    ADC_PROC_XADC/averager/sum_reg[11]_i_1_n_0
    SLICE_X48Y73         CARRY4 (Prop_carry4_CI_CO[3])
                                                      0.114     2.803 r  ADC_PROC_XADC/averager/sum_reg[15]_i_1/CO[3]
                         net (fo=1, routed)           0.000     2.803    ADC_PROC_XADC/averager/sum_reg[15]_i_1_n_0
    SLICE_X48Y74         CARRY4 (Prop_carry4_CI_CO[3])
                                                      0.114     2.917 r  ADC_PROC_XADC/averager/sum_reg[19]_i_1/CO[3]
                         net (fo=1, routed)           0.009     2.926    ADC_PROC_XADC/averager/sum_reg[19]_i_1_n_0
    SLICE_X48Y75         CARRY4 (Prop_carry4_CI_O[0])
                                                      0.223     3.149 r  ADC_PROC_XADC/averager/sum_reg[23]_i_1/O[0]
                         net (fo=1, routed)           0.000     3.149    ADC_PROC_XADC/averager/sum_reg[23]_i_1_n_7
    SLICE_X48Y75         FDRE                                         r  ADC_PROC_XADC/averager/sum_reg[20]/D
  -------------------------------------------------------------------    -------------------

                         (clock clk_out1_clk_wiz_0_1 rise edge)
                                                     10.000    10.000 r  
    W5                                                0.000    10.000 r  clk_in (IN)
                         net (fo=0)                   0.000    10.000    u_clk_wiz/inst/clk_in1
    W5                   IBUF (Prop_ibuf_I_O)         1.388    11.388 r  u_clk_wiz/inst/clkin1_ibufg/O
                         net (fo=1, routed)           1.181    12.569    u_clk_wiz/inst/clk_in1_clk_wiz_0
    PLLE2_ADV_X1Y0       PLLE2_ADV (Prop_plle2_adv_CLKIN1_CLKOUT0)
                                                     -7.750     4.819 r  u_clk_wiz/inst/plle2_adv_inst/CLKOUT0
                         net (fo=1, routed)           1.576     6.396    u_clk_wiz/inst/clk_out1_clk_wiz_0
    BUFGCTRL_X0Y0        BUFG (Prop_bufg_I_O)         0.091     6.487 r  u_clk_wiz/inst/clkout1_buf/O
                         net (fo=1596, routed)        1.424     7.910    ADC_PROC_XADC/averager/clk
    SLICE_X48Y75         FDRE                                         r  ADC_PROC_XADC/averager/sum_reg[20]/C
                         clock pessimism             -0.498     7.412    
                         clock uncertainty           -0.077     7.334    
    SLICE_X48Y75         FDRE (Setup_fdre_C_D)        0.062     7.396    ADC_PROC_XADC/averager/sum_reg[20]
  -------------------------------------------------------------------
                         required time                          7.396    
                         arrival time                          -3.149    
  -------------------------------------------------------------------
                         slack                                  4.247    

Slack (MET) :             4.259ns  (required time - arrival time)
  Source:                 XADC_INST/inst/DCLK
                            (rising edge-triggered cell XADC clocked by clk_out1_clk_wiz_0  {rise@0.000ns fall@5.000ns period=10.000ns})
  Destination:            ADC_PROC_XADC/averager/sum_reg[17]/D
                            (rising edge-triggered cell FDRE clocked by clk_out1_clk_wiz_0_1  {rise@0.000ns fall@5.000ns period=10.000ns})
  Path Group:             clk_out1_clk_wiz_0_1
  Path Type:              Setup (Max at Slow Process Corner)
  Requirement:            10.000ns  (clk_out1_clk_wiz_0_1 rise@10.000ns - clk_out1_clk_wiz_0 rise@0.000ns)
  Data Path Delay:        5.622ns  (logic 2.916ns (51.868%)  route 2.706ns (48.132%))
  Logic Levels:           7  (CARRY4=5 LUT2=1 LUT4=1)
  Clock Path Skew:        -0.103ns (DCD - SCD + CPR)
    Destination Clock Delay (DCD):    -2.090ns = ( 7.910 - 10.000 ) 
    Source Clock Delay      (SCD):    -2.485ns
    Clock Pessimism Removal (CPR):    -0.498ns
  Clock Uncertainty:      0.077ns  ((TSJ^2 + DJ^2)^1/2) / 2 + PE
    Total System Jitter     (TSJ):    0.071ns
    Discrete Jitter          (DJ):    0.138ns
    Phase Error              (PE):    0.000ns
  Clock Domain Crossing:  Inter clock paths are considered valid unless explicitly excluded by timing constraints such as set_clock_groups or set_false_path.

    Location             Delay type                Incr(ns)  Path(ns)    Netlist Resource(s)
  -------------------------------------------------------------------    -------------------
                         (clock clk_out1_clk_wiz_0 rise edge)
                                                      0.000     0.000 r  
    W5                                                0.000     0.000 r  clk_in (IN)
                         net (fo=0)                   0.000     0.000    u_clk_wiz/inst/clk_in1
    W5                   IBUF (Prop_ibuf_I_O)         1.458     1.458 r  u_clk_wiz/inst/clkin1_ibufg/O
                         net (fo=1, routed)           1.253     2.711    u_clk_wiz/inst/clk_in1_clk_wiz_0
    PLLE2_ADV_X1Y0       PLLE2_ADV (Prop_plle2_adv_CLKIN1_CLKOUT0)
                                                     -8.482    -5.770 r  u_clk_wiz/inst/plle2_adv_inst/CLKOUT0
                         net (fo=1, routed)           1.655    -4.115    u_clk_wiz/inst/clk_out1_clk_wiz_0
    BUFGCTRL_X0Y0        BUFG (Prop_bufg_I_O)         0.096    -4.019 r  u_clk_wiz/inst/clkout1_buf/O
                         net (fo=1596, routed)        1.534    -2.485    XADC_INST/dclk_in
    XADC_X0Y0            XADC                                         r  XADC_INST/inst/DCLK
  -------------------------------------------------------------------    -------------------
    XADC_X0Y0            XADC (Prop_xadc_DCLK_DO[0])
                                                      1.214    -1.271 r  XADC_INST/inst/DO[0]
                         net (fo=5, routed)           2.258     0.987    ADC_PROC_XADC/averager/Din[0]
    SLICE_X48Y70         LUT2 (Prop_lut2_I0_O)        0.150     1.137 r  ADC_PROC_XADC/averager/sum[3]_i_4/O
                         net (fo=2, routed)           0.448     1.585    ADC_PROC_XADC/averager/sum[3]_i_4_n_0
    SLICE_X48Y70         LUT4 (Prop_lut4_I3_O)        0.326     1.911 r  ADC_PROC_XADC/averager/sum[3]_i_8/O
                         net (fo=1, routed)           0.000     1.911    ADC_PROC_XADC/averager/sum[3]_i_8_n_0
    SLICE_X48Y70         CARRY4 (Prop_carry4_S[1]_CO[3])
                                                      0.550     2.461 r  ADC_PROC_XADC/averager/sum_reg[3]_i_1/CO[3]
                         net (fo=1, routed)           0.000     2.461    ADC_PROC_XADC/averager/sum_reg[3]_i_1_n_0
    SLICE_X48Y71         CARRY4 (Prop_carry4_CI_CO[3])
                                                      0.114     2.575 r  ADC_PROC_XADC/averager/sum_reg[7]_i_1/CO[3]
                         net (fo=1, routed)           0.000     2.575    ADC_PROC_XADC/averager/sum_reg[7]_i_1_n_0
    SLICE_X48Y72         CARRY4 (Prop_carry4_CI_CO[3])
                                                      0.114     2.689 r  ADC_PROC_XADC/averager/sum_reg[11]_i_1/CO[3]
                         net (fo=1, routed)           0.000     2.689    ADC_PROC_XADC/averager/sum_reg[11]_i_1_n_0
    SLICE_X48Y73         CARRY4 (Prop_carry4_CI_CO[3])
                                                      0.114     2.803 r  ADC_PROC_XADC/averager/sum_reg[15]_i_1/CO[3]
                         net (fo=1, routed)           0.000     2.803    ADC_PROC_XADC/averager/sum_reg[15]_i_1_n_0
    SLICE_X48Y74         CARRY4 (Prop_carry4_CI_O[1])
                                                      0.334     3.137 r  ADC_PROC_XADC/averager/sum_reg[19]_i_1/O[1]
                         net (fo=1, routed)           0.000     3.137    ADC_PROC_XADC/averager/sum_reg[19]_i_1_n_6
    SLICE_X48Y74         FDRE                                         r  ADC_PROC_XADC/averager/sum_reg[17]/D
  -------------------------------------------------------------------    -------------------

                         (clock clk_out1_clk_wiz_0_1 rise edge)
                                                     10.000    10.000 r  
    W5                                                0.000    10.000 r  clk_in (IN)
                         net (fo=0)                   0.000    10.000    u_clk_wiz/inst/clk_in1
    W5                   IBUF (Prop_ibuf_I_O)         1.388    11.388 r  u_clk_wiz/inst/clkin1_ibufg/O
                         net (fo=1, routed)           1.181    12.569    u_clk_wiz/inst/clk_in1_clk_wiz_0
    PLLE2_ADV_X1Y0       PLLE2_ADV (Prop_plle2_adv_CLKIN1_CLKOUT0)
                                                     -7.750     4.819 r  u_clk_wiz/inst/plle2_adv_inst/CLKOUT0
                         net (fo=1, routed)           1.576     6.396    u_clk_wiz/inst/clk_out1_clk_wiz_0
    BUFGCTRL_X0Y0        BUFG (Prop_bufg_I_O)         0.091     6.487 r  u_clk_wiz/inst/clkout1_buf/O
                         net (fo=1596, routed)        1.424     7.910    ADC_PROC_XADC/averager/clk
    SLICE_X48Y74         FDRE                                         r  ADC_PROC_XADC/averager/sum_reg[17]/C
                         clock pessimism             -0.498     7.412    
                         clock uncertainty           -0.077     7.334    
    SLICE_X48Y74         FDRE (Setup_fdre_C_D)        0.062     7.396    ADC_PROC_XADC/averager/sum_reg[17]
  -------------------------------------------------------------------
                         required time                          7.396    
                         arrival time                          -3.137    
  -------------------------------------------------------------------
                         slack                                  4.259    

Slack (MET) :             4.280ns  (required time - arrival time)
  Source:                 XADC_INST/inst/DCLK
                            (rising edge-triggered cell XADC clocked by clk_out1_clk_wiz_0  {rise@0.000ns fall@5.000ns period=10.000ns})
  Destination:            ADC_PROC_XADC/averager/sum_reg[19]/D
                            (rising edge-triggered cell FDRE clocked by clk_out1_clk_wiz_0_1  {rise@0.000ns fall@5.000ns period=10.000ns})
  Path Group:             clk_out1_clk_wiz_0_1
  Path Type:              Setup (Max at Slow Process Corner)
  Requirement:            10.000ns  (clk_out1_clk_wiz_0_1 rise@10.000ns - clk_out1_clk_wiz_0 rise@0.000ns)
  Data Path Delay:        5.601ns  (logic 2.895ns (51.688%)  route 2.706ns (48.312%))
  Logic Levels:           7  (CARRY4=5 LUT2=1 LUT4=1)
  Clock Path Skew:        -0.103ns (DCD - SCD + CPR)
    Destination Clock Delay (DCD):    -2.090ns = ( 7.910 - 10.000 ) 
    Source Clock Delay      (SCD):    -2.485ns
    Clock Pessimism Removal (CPR):    -0.498ns
  Clock Uncertainty:      0.077ns  ((TSJ^2 + DJ^2)^1/2) / 2 + PE
    Total System Jitter     (TSJ):    0.071ns
    Discrete Jitter          (DJ):    0.138ns
    Phase Error              (PE):    0.000ns
  Clock Domain Crossing:  Inter clock paths are considered valid unless explicitly excluded by timing constraints such as set_clock_groups or set_false_path.

    Location             Delay type                Incr(ns)  Path(ns)    Netlist Resource(s)
  -------------------------------------------------------------------    -------------------
                         (clock clk_out1_clk_wiz_0 rise edge)
                                                      0.000     0.000 r  
    W5                                                0.000     0.000 r  clk_in (IN)
                         net (fo=0)                   0.000     0.000    u_clk_wiz/inst/clk_in1
    W5                   IBUF (Prop_ibuf_I_O)         1.458     1.458 r  u_clk_wiz/inst/clkin1_ibufg/O
                         net (fo=1, routed)           1.253     2.711    u_clk_wiz/inst/clk_in1_clk_wiz_0
    PLLE2_ADV_X1Y0       PLLE2_ADV (Prop_plle2_adv_CLKIN1_CLKOUT0)
                                                     -8.482    -5.770 r  u_clk_wiz/inst/plle2_adv_inst/CLKOUT0
                         net (fo=1, routed)           1.655    -4.115    u_clk_wiz/inst/clk_out1_clk_wiz_0
    BUFGCTRL_X0Y0        BUFG (Prop_bufg_I_O)         0.096    -4.019 r  u_clk_wiz/inst/clkout1_buf/O
                         net (fo=1596, routed)        1.534    -2.485    XADC_INST/dclk_in
    XADC_X0Y0            XADC                                         r  XADC_INST/inst/DCLK
  -------------------------------------------------------------------    -------------------
    XADC_X0Y0            XADC (Prop_xadc_DCLK_DO[0])
                                                      1.214    -1.271 r  XADC_INST/inst/DO[0]
                         net (fo=5, routed)           2.258     0.987    ADC_PROC_XADC/averager/Din[0]
    SLICE_X48Y70         LUT2 (Prop_lut2_I0_O)        0.150     1.137 r  ADC_PROC_XADC/averager/sum[3]_i_4/O
                         net (fo=2, routed)           0.448     1.585    ADC_PROC_XADC/averager/sum[3]_i_4_n_0
    SLICE_X48Y70         LUT4 (Prop_lut4_I3_O)        0.326     1.911 r  ADC_PROC_XADC/averager/sum[3]_i_8/O
                         net (fo=1, routed)           0.000     1.911    ADC_PROC_XADC/averager/sum[3]_i_8_n_0
    SLICE_X48Y70         CARRY4 (Prop_carry4_S[1]_CO[3])
                                                      0.550     2.461 r  ADC_PROC_XADC/averager/sum_reg[3]_i_1/CO[3]
                         net (fo=1, routed)           0.000     2.461    ADC_PROC_XADC/averager/sum_reg[3]_i_1_n_0
    SLICE_X48Y71         CARRY4 (Prop_carry4_CI_CO[3])
                                                      0.114     2.575 r  ADC_PROC_XADC/averager/sum_reg[7]_i_1/CO[3]
                         net (fo=1, routed)           0.000     2.575    ADC_PROC_XADC/averager/sum_reg[7]_i_1_n_0
    SLICE_X48Y72         CARRY4 (Prop_carry4_CI_CO[3])
                                                      0.114     2.689 r  ADC_PROC_XADC/averager/sum_reg[11]_i_1/CO[3]
                         net (fo=1, routed)           0.000     2.689    ADC_PROC_XADC/averager/sum_reg[11]_i_1_n_0
    SLICE_X48Y73         CARRY4 (Prop_carry4_CI_CO[3])
                                                      0.114     2.803 r  ADC_PROC_XADC/averager/sum_reg[15]_i_1/CO[3]
                         net (fo=1, routed)           0.000     2.803    ADC_PROC_XADC/averager/sum_reg[15]_i_1_n_0
    SLICE_X48Y74         CARRY4 (Prop_carry4_CI_O[3])
                                                      0.313     3.116 r  ADC_PROC_XADC/averager/sum_reg[19]_i_1/O[3]
                         net (fo=1, routed)           0.000     3.116    ADC_PROC_XADC/averager/sum_reg[19]_i_1_n_4
    SLICE_X48Y74         FDRE                                         r  ADC_PROC_XADC/averager/sum_reg[19]/D
  -------------------------------------------------------------------    -------------------

                         (clock clk_out1_clk_wiz_0_1 rise edge)
                                                     10.000    10.000 r  
    W5                                                0.000    10.000 r  clk_in (IN)
                         net (fo=0)                   0.000    10.000    u_clk_wiz/inst/clk_in1
    W5                   IBUF (Prop_ibuf_I_O)         1.388    11.388 r  u_clk_wiz/inst/clkin1_ibufg/O
                         net (fo=1, routed)           1.181    12.569    u_clk_wiz/inst/clk_in1_clk_wiz_0
    PLLE2_ADV_X1Y0       PLLE2_ADV (Prop_plle2_adv_CLKIN1_CLKOUT0)
                                                     -7.750     4.819 r  u_clk_wiz/inst/plle2_adv_inst/CLKOUT0
                         net (fo=1, routed)           1.576     6.396    u_clk_wiz/inst/clk_out1_clk_wiz_0
    BUFGCTRL_X0Y0        BUFG (Prop_bufg_I_O)         0.091     6.487 r  u_clk_wiz/inst/clkout1_buf/O
                         net (fo=1596, routed)        1.424     7.910    ADC_PROC_XADC/averager/clk
    SLICE_X48Y74         FDRE                                         r  ADC_PROC_XADC/averager/sum_reg[19]/C
                         clock pessimism             -0.498     7.412    
                         clock uncertainty           -0.077     7.334    
    SLICE_X48Y74         FDRE (Setup_fdre_C_D)        0.062     7.396    ADC_PROC_XADC/averager/sum_reg[19]
  -------------------------------------------------------------------
                         required time                          7.396    
                         arrival time                          -3.116    
  -------------------------------------------------------------------
                         slack                                  4.280    

Slack (MET) :             4.297ns  (required time - arrival time)
  Source:                 INPUT_SYNC/out2_reg[0]/C
                            (rising edge-triggered cell FDRE clocked by clk_out1_clk_wiz_0  {rise@0.000ns fall@5.000ns period=10.000ns})
  Destination:            AUTO_CAL/offset_reg_reg[14]/D
                            (rising edge-triggered cell FDRE clocked by clk_out1_clk_wiz_0_1  {rise@0.000ns fall@5.000ns period=10.000ns})
  Path Group:             clk_out1_clk_wiz_0_1
  Path Type:              Setup (Max at Slow Process Corner)
  Requirement:            10.000ns  (clk_out1_clk_wiz_0_1 rise@10.000ns - clk_out1_clk_wiz_0 rise@0.000ns)
  Data Path Delay:        5.613ns  (logic 1.538ns (27.400%)  route 4.075ns (72.600%))
  Logic Levels:           4  (CARRY4=2 LUT2=1 LUT4=1)
  Clock Path Skew:        -0.121ns (DCD - SCD + CPR)
    Destination Clock Delay (DCD):    -2.089ns = ( 7.911 - 10.000 ) 
    Source Clock Delay      (SCD):    -2.395ns
    Clock Pessimism Removal (CPR):    -0.427ns
  Clock Uncertainty:      0.077ns  ((TSJ^2 + DJ^2)^1/2) / 2 + PE
    Total System Jitter     (TSJ):    0.071ns
    Discrete Jitter          (DJ):    0.138ns
    Phase Error              (PE):    0.000ns
  Clock Domain Crossing:  Inter clock paths are considered valid unless explicitly excluded by timing constraints such as set_clock_groups or set_false_path.

    Location             Delay type                Incr(ns)  Path(ns)    Netlist Resource(s)
  -------------------------------------------------------------------    -------------------
                         (clock clk_out1_clk_wiz_0 rise edge)
                                                      0.000     0.000 r  
    W5                                                0.000     0.000 r  clk_in (IN)
                         net (fo=0)                   0.000     0.000    u_clk_wiz/inst/clk_in1
    W5                   IBUF (Prop_ibuf_I_O)         1.458     1.458 r  u_clk_wiz/inst/clkin1_ibufg/O
                         net (fo=1, routed)           1.253     2.711    u_clk_wiz/inst/clk_in1_clk_wiz_0
    PLLE2_ADV_X1Y0       PLLE2_ADV (Prop_plle2_adv_CLKIN1_CLKOUT0)
                                                     -8.482    -5.770 r  u_clk_wiz/inst/plle2_adv_inst/CLKOUT0
                         net (fo=1, routed)           1.655    -4.115    u_clk_wiz/inst/clk_out1_clk_wiz_0
    BUFGCTRL_X0Y0        BUFG (Prop_bufg_I_O)         0.096    -4.019 r  u_clk_wiz/inst/clkout1_buf/O
                         net (fo=1596, routed)        1.624    -2.395    INPUT_SYNC/clk
    SLICE_X64Y60         FDRE                                         r  INPUT_SYNC/out2_reg[0]/C
  -------------------------------------------------------------------    -------------------
    SLICE_X64Y60         FDRE (Prop_fdre_C_Q)         0.518    -1.877 r  INPUT_SYNC/out2_reg[0]/Q
                         net (fo=54, routed)          3.550     1.673    AVE_DATA_EN/mode_select[0]
    SLICE_X53Y74         LUT4 (Prop_lut4_I1_O)        0.124     1.797 r  AVE_DATA_EN/data[9]_INST_0/O
                         net (fo=5, routed)           0.517     2.313    AUTO_CAL/ave_data[9]
    SLICE_X50Y74         LUT2 (Prop_lut2_I1_O)        0.124     2.437 r  AUTO_CAL/offset_reg[11]_i_4/O
                         net (fo=1, routed)           0.000     2.437    AUTO_CAL/offset_reg[11]_i_4_n_0
    SLICE_X50Y74         CARRY4 (Prop_carry4_S[1]_CO[3])
                                                      0.533     2.970 r  AUTO_CAL/offset_reg_reg[11]_i_1/CO[3]
                         net (fo=1, routed)           0.009     2.979    AUTO_CAL/offset_reg_reg[11]_i_1_n_0
    SLICE_X50Y75         CARRY4 (Prop_carry4_CI_O[2])
                                                      0.239     3.218 r  AUTO_CAL/offset_reg_reg[15]_i_1/O[2]
                         net (fo=1, routed)           0.000     3.218    AUTO_CAL/offset_reg_reg[15]_i_1_n_5
    SLICE_X50Y75         FDRE                                         r  AUTO_CAL/offset_reg_reg[14]/D
  -------------------------------------------------------------------    -------------------

                         (clock clk_out1_clk_wiz_0_1 rise edge)
                                                     10.000    10.000 r  
    W5                                                0.000    10.000 r  clk_in (IN)
                         net (fo=0)                   0.000    10.000    u_clk_wiz/inst/clk_in1
    W5                   IBUF (Prop_ibuf_I_O)         1.388    11.388 r  u_clk_wiz/inst/clkin1_ibufg/O
                         net (fo=1, routed)           1.181    12.569    u_clk_wiz/inst/clk_in1_clk_wiz_0
    PLLE2_ADV_X1Y0       PLLE2_ADV (Prop_plle2_adv_CLKIN1_CLKOUT0)
                                                     -7.750     4.819 r  u_clk_wiz/inst/plle2_adv_inst/CLKOUT0
                         net (fo=1, routed)           1.576     6.396    u_clk_wiz/inst/clk_out1_clk_wiz_0
    BUFGCTRL_X0Y0        BUFG (Prop_bufg_I_O)         0.091     6.487 r  u_clk_wiz/inst/clkout1_buf/O
                         net (fo=1596, routed)        1.425     7.911    AUTO_CAL/clk
    SLICE_X50Y75         FDRE                                         r  AUTO_CAL/offset_reg_reg[14]/C
                         clock pessimism             -0.427     7.484    
                         clock uncertainty           -0.077     7.407    
    SLICE_X50Y75         FDRE (Setup_fdre_C_D)        0.109     7.516    AUTO_CAL/offset_reg_reg[14]
  -------------------------------------------------------------------
                         required time                          7.516    
                         arrival time                          -3.218    
  -------------------------------------------------------------------
                         slack                                  4.297    





Min Delay Paths
--------------------------------------------------------------------------------------
Slack (MET) :             0.048ns  (arrival time - required time)
  Source:                 PWM_ADC_SUBSYSTEM/captured_duty_cycle_reg[15]/C
                            (rising edge-triggered cell FDRE clocked by clk_out1_clk_wiz_0  {rise@0.000ns fall@5.000ns period=10.000ns})
  Destination:            ADC_PROC_PWM/averager/REG_ARRAY_reg[32][15]_srl32___REG_ARRAY_reg_r_285/D
                            (rising edge-triggered cell SRLC32E clocked by clk_out1_clk_wiz_0_1  {rise@0.000ns fall@5.000ns period=10.000ns})
  Path Group:             clk_out1_clk_wiz_0_1
  Path Type:              Hold (Min at Fast Process Corner)
  Requirement:            0.000ns  (clk_out1_clk_wiz_0_1 rise@0.000ns - clk_out1_clk_wiz_0 rise@0.000ns)
  Data Path Delay:        0.321ns  (logic 0.141ns (43.861%)  route 0.180ns (56.139%))
  Logic Levels:           0  
  Clock Path Skew:        0.013ns (DCD - SCD - CPR)
    Destination Clock Delay (DCD):    -0.322ns
    Source Clock Delay      (SCD):    -0.549ns
    Clock Pessimism Removal (CPR):    0.214ns
  Clock Uncertainty:      0.077ns  ((TSJ^2 + DJ^2)^1/2) / 2 + PE
    Total System Jitter     (TSJ):    0.071ns
    Discrete Jitter          (DJ):    0.138ns
    Phase Error              (PE):    0.000ns
  Clock Domain Crossing:  Inter clock paths are considered valid unless explicitly excluded by timing constraints such as set_clock_groups or set_false_path.

    Location             Delay type                Incr(ns)  Path(ns)    Netlist Resource(s)
  -------------------------------------------------------------------    -------------------
                         (clock clk_out1_clk_wiz_0 rise edge)
                                                      0.000     0.000 r  
    W5                                                0.000     0.000 r  clk_in (IN)
                         net (fo=0)                   0.000     0.000    u_clk_wiz/inst/clk_in1
    W5                   IBUF (Prop_ibuf_I_O)         0.226     0.226 r  u_clk_wiz/inst/clkin1_ibufg/O
                         net (fo=1, routed)           0.440     0.667    u_clk_wiz/inst/clk_in1_clk_wiz_0
    PLLE2_ADV_X1Y0       PLLE2_ADV (Prop_plle2_adv_CLKIN1_CLKOUT0)
                                                     -2.322    -1.656 r  u_clk_wiz/inst/plle2_adv_inst/CLKOUT0
                         net (fo=1, routed)           0.501    -1.155    u_clk_wiz/inst/clk_out1_clk_wiz_0
    BUFGCTRL_X0Y0        BUFG (Prop_bufg_I_O)         0.026    -1.129 r  u_clk_wiz/inst/clkout1_buf/O
                         net (fo=1596, routed)        0.580    -0.549    PWM_ADC_SUBSYSTEM/clk
    SLICE_X59Y73         FDRE                                         r  PWM_ADC_SUBSYSTEM/captured_duty_cycle_reg[15]/C
  -------------------------------------------------------------------    -------------------
    SLICE_X59Y73         FDRE (Prop_fdre_C_Q)         0.141    -0.408 r  PWM_ADC_SUBSYSTEM/captured_duty_cycle_reg[15]/Q
                         net (fo=5, routed)           0.180    -0.228    ADC_PROC_PWM/averager/Din[15]
    SLICE_X60Y73         SRLC32E                                      r  ADC_PROC_PWM/averager/REG_ARRAY_reg[32][15]_srl32___REG_ARRAY_reg_r_285/D
  -------------------------------------------------------------------    -------------------

                         (clock clk_out1_clk_wiz_0_1 rise edge)
                                                      0.000     0.000 r  
    W5                                                0.000     0.000 r  clk_in (IN)
                         net (fo=0)                   0.000     0.000    u_clk_wiz/inst/clk_in1
    W5                   IBUF (Prop_ibuf_I_O)         0.414     0.414 r  u_clk_wiz/inst/clkin1_ibufg/O
                         net (fo=1, routed)           0.481     0.895    u_clk_wiz/inst/clk_in1_clk_wiz_0
    PLLE2_ADV_X1Y0       PLLE2_ADV (Prop_plle2_adv_CLKIN1_CLKOUT0)
                                                     -2.638    -1.743 r  u_clk_wiz/inst/plle2_adv_inst/CLKOUT0
                         net (fo=1, routed)           0.546    -1.197    u_clk_wiz/inst/clk_out1_clk_wiz_0
    BUFGCTRL_X0Y0        BUFG (Prop_bufg_I_O)         0.029    -1.168 r  u_clk_wiz/inst/clkout1_buf/O
                         net (fo=1596, routed)        0.846    -0.322    ADC_PROC_PWM/averager/clk
    SLICE_X60Y73         SRLC32E                                      r  ADC_PROC_PWM/averager/REG_ARRAY_reg[32][15]_srl32___REG_ARRAY_reg_r_285/CLK
                         clock pessimism             -0.214    -0.536    
                         clock uncertainty            0.077    -0.459    
    SLICE_X60Y73         SRLC32E (Hold_srlc32e_CLK_D)
                                                      0.183    -0.276    ADC_PROC_PWM/averager/REG_ARRAY_reg[32][15]_srl32___REG_ARRAY_reg_r_285
  -------------------------------------------------------------------
                         required time                          0.276    
                         arrival time                          -0.228    
  -------------------------------------------------------------------
                         slack                                  0.048    

Slack (MET) :             0.058ns  (arrival time - required time)
  Source:                 SAR_ADC_SUBSYSTEM/result_reg[4]/C
                            (rising edge-triggered cell FDRE clocked by clk_out1_clk_wiz_0  {rise@0.000ns fall@5.000ns period=10.000ns})
  Destination:            SAR_PROC/averager/REG_ARRAY_reg[32][4]_srl32___REG_ARRAY_reg_r_667/D
                            (rising edge-triggered cell SRLC32E clocked by clk_out1_clk_wiz_0_1  {rise@0.000ns fall@5.000ns period=10.000ns})
  Path Group:             clk_out1_clk_wiz_0_1
  Path Type:              Hold (Min at Fast Process Corner)
  Requirement:            0.000ns  (clk_out1_clk_wiz_0_1 rise@0.000ns - clk_out1_clk_wiz_0 rise@0.000ns)
  Data Path Delay:        0.334ns  (logic 0.141ns (42.192%)  route 0.193ns (57.808%))
  Logic Levels:           0  
  Clock Path Skew:        0.016ns (DCD - SCD - CPR)
    Destination Clock Delay (DCD):    -0.313ns
    Source Clock Delay      (SCD):    -0.543ns
    Clock Pessimism Removal (CPR):    0.214ns
  Clock Uncertainty:      0.077ns  ((TSJ^2 + DJ^2)^1/2) / 2 + PE
    Total System Jitter     (TSJ):    0.071ns
    Discrete Jitter          (DJ):    0.138ns
    Phase Error              (PE):    0.000ns
  Clock Domain Crossing:  Inter clock paths are considered valid unless explicitly excluded by timing constraints such as set_clock_groups or set_false_path.

    Location             Delay type                Incr(ns)  Path(ns)    Netlist Resource(s)
  -------------------------------------------------------------------    -------------------
                         (clock clk_out1_clk_wiz_0 rise edge)
                                                      0.000     0.000 r  
    W5                                                0.000     0.000 r  clk_in (IN)
                         net (fo=0)                   0.000     0.000    u_clk_wiz/inst/clk_in1
    W5                   IBUF (Prop_ibuf_I_O)         0.226     0.226 r  u_clk_wiz/inst/clkin1_ibufg/O
                         net (fo=1, routed)           0.440     0.667    u_clk_wiz/inst/clk_in1_clk_wiz_0
    PLLE2_ADV_X1Y0       PLLE2_ADV (Prop_plle2_adv_CLKIN1_CLKOUT0)
                                                     -2.322    -1.656 r  u_clk_wiz/inst/plle2_adv_inst/CLKOUT0
                         net (fo=1, routed)           0.501    -1.155    u_clk_wiz/inst/clk_out1_clk_wiz_0
    BUFGCTRL_X0Y0        BUFG (Prop_bufg_I_O)         0.026    -1.129 r  u_clk_wiz/inst/clkout1_buf/O
                         net (fo=1596, routed)        0.586    -0.543    SAR_ADC_SUBSYSTEM/clk
    SLICE_X61Y67         FDRE                                         r  SAR_ADC_SUBSYSTEM/result_reg[4]/C
  -------------------------------------------------------------------    -------------------
    SLICE_X61Y67         FDRE (Prop_fdre_C_Q)         0.141    -0.402 r  SAR_ADC_SUBSYSTEM/result_reg[4]/Q
                         net (fo=6, routed)           0.193    -0.209    SAR_PROC/averager/Din[4]
    SLICE_X60Y65         SRLC32E                                      r  SAR_PROC/averager/REG_ARRAY_reg[32][4]_srl32___REG_ARRAY_reg_r_667/D
  -------------------------------------------------------------------    -------------------

                         (clock clk_out1_clk_wiz_0_1 rise edge)
                                                      0.000     0.000 r  
    W5                                                0.000     0.000 r  clk_in (IN)
                         net (fo=0)                   0.000     0.000    u_clk_wiz/inst/clk_in1
    W5                   IBUF (Prop_ibuf_I_O)         0.414     0.414 r  u_clk_wiz/inst/clkin1_ibufg/O
                         net (fo=1, routed)           0.481     0.895    u_clk_wiz/inst/clk_in1_clk_wiz_0
    PLLE2_ADV_X1Y0       PLLE2_ADV (Prop_plle2_adv_CLKIN1_CLKOUT0)
                                                     -2.638    -1.743 r  u_clk_wiz/inst/plle2_adv_inst/CLKOUT0
                         net (fo=1, routed)           0.546    -1.197    u_clk_wiz/inst/clk_out1_clk_wiz_0
    BUFGCTRL_X0Y0        BUFG (Prop_bufg_I_O)         0.029    -1.168 r  u_clk_wiz/inst/clkout1_buf/O
                         net (fo=1596, routed)        0.855    -0.313    SAR_PROC/averager/clk
    SLICE_X60Y65         SRLC32E                                      r  SAR_PROC/averager/REG_ARRAY_reg[32][4]_srl32___REG_ARRAY_reg_r_667/CLK
                         clock pessimism             -0.214    -0.527    
                         clock uncertainty            0.077    -0.450    
    SLICE_X60Y65         SRLC32E (Hold_srlc32e_CLK_D)
                                                      0.183    -0.267    SAR_PROC/averager/REG_ARRAY_reg[32][4]_srl32___REG_ARRAY_reg_r_667
  -------------------------------------------------------------------
                         required time                          0.267    
                         arrival time                          -0.209    
  -------------------------------------------------------------------
                         slack                                  0.058    

Slack (MET) :             0.060ns  (arrival time - required time)
  Source:                 R2R_ADC_SUBSYSTEM/r2r_captured_duty_cycle_reg[5]/C
                            (rising edge-triggered cell FDRE clocked by clk_out1_clk_wiz_0  {rise@0.000ns fall@5.000ns period=10.000ns})
  Destination:            ADC_PROC_R2R/averager/REG_ARRAY_reg[32][5]_srl32___REG_ARRAY_reg_r_540/D
                            (rising edge-triggered cell SRLC32E clocked by clk_out1_clk_wiz_0_1  {rise@0.000ns fall@5.000ns period=10.000ns})
  Path Group:             clk_out1_clk_wiz_0_1
  Path Type:              Hold (Min at Fast Process Corner)
  Requirement:            0.000ns  (clk_out1_clk_wiz_0_1 rise@0.000ns - clk_out1_clk_wiz_0 rise@0.000ns)
  Data Path Delay:        0.356ns  (logic 0.141ns (39.623%)  route 0.215ns (60.377%))
  Logic Levels:           0  
  Clock Path Skew:        0.035ns (DCD - SCD - CPR)
    Destination Clock Delay (DCD):    -0.317ns
    Source Clock Delay      (SCD):    -0.546ns
    Clock Pessimism Removal (CPR):    0.194ns
  Clock Uncertainty:      0.077ns  ((TSJ^2 + DJ^2)^1/2) / 2 + PE
    Total System Jitter     (TSJ):    0.071ns
    Discrete Jitter          (DJ):    0.138ns
    Phase Error              (PE):    0.000ns
  Clock Domain Crossing:  Inter clock paths are considered valid unless explicitly excluded by timing constraints such as set_clock_groups or set_false_path.

    Location             Delay type                Incr(ns)  Path(ns)    Netlist Resource(s)
  -------------------------------------------------------------------    -------------------
                         (clock clk_out1_clk_wiz_0 rise edge)
                                                      0.000     0.000 r  
    W5                                                0.000     0.000 r  clk_in (IN)
                         net (fo=0)                   0.000     0.000    u_clk_wiz/inst/clk_in1
    W5                   IBUF (Prop_ibuf_I_O)         0.226     0.226 r  u_clk_wiz/inst/clkin1_ibufg/O
                         net (fo=1, routed)           0.440     0.667    u_clk_wiz/inst/clk_in1_clk_wiz_0
    PLLE2_ADV_X1Y0       PLLE2_ADV (Prop_plle2_adv_CLKIN1_CLKOUT0)
                                                     -2.322    -1.656 r  u_clk_wiz/inst/plle2_adv_inst/CLKOUT0
                         net (fo=1, routed)           0.501    -1.155    u_clk_wiz/inst/clk_out1_clk_wiz_0
    BUFGCTRL_X0Y0        BUFG (Prop_bufg_I_O)         0.026    -1.129 r  u_clk_wiz/inst/clkout1_buf/O
                         net (fo=1596, routed)        0.583    -0.546    R2R_ADC_SUBSYSTEM/clk
    SLICE_X62Y71         FDRE                                         r  R2R_ADC_SUBSYSTEM/r2r_captured_duty_cycle_reg[5]/C
  -------------------------------------------------------------------    -------------------
    SLICE_X62Y71         FDRE (Prop_fdre_C_Q)         0.141    -0.405 r  R2R_ADC_SUBSYSTEM/r2r_captured_duty_cycle_reg[5]/Q
                         net (fo=4, routed)           0.215    -0.190    ADC_PROC_R2R/averager/Din[5]
    SLICE_X60Y69         SRLC32E                                      r  ADC_PROC_R2R/averager/REG_ARRAY_reg[32][5]_srl32___REG_ARRAY_reg_r_540/D
  -------------------------------------------------------------------    -------------------

                         (clock clk_out1_clk_wiz_0_1 rise edge)
                                                      0.000     0.000 r  
    W5                                                0.000     0.000 r  clk_in (IN)
                         net (fo=0)                   0.000     0.000    u_clk_wiz/inst/clk_in1
    W5                   IBUF (Prop_ibuf_I_O)         0.414     0.414 r  u_clk_wiz/inst/clkin1_ibufg/O
                         net (fo=1, routed)           0.481     0.895    u_clk_wiz/inst/clk_in1_clk_wiz_0
    PLLE2_ADV_X1Y0       PLLE2_ADV (Prop_plle2_adv_CLKIN1_CLKOUT0)
                                                     -2.638    -1.743 r  u_clk_wiz/inst/plle2_adv_inst/CLKOUT0
                         net (fo=1, routed)           0.546    -1.197    u_clk_wiz/inst/clk_out1_clk_wiz_0
    BUFGCTRL_X0Y0        BUFG (Prop_bufg_I_O)         0.029    -1.168 r  u_clk_wiz/inst/clkout1_buf/O
                         net (fo=1596, routed)        0.851    -0.317    ADC_PROC_R2R/averager/clk
    SLICE_X60Y69         SRLC32E                                      r  ADC_PROC_R2R/averager/REG_ARRAY_reg[32][5]_srl32___REG_ARRAY_reg_r_540/CLK
                         clock pessimism             -0.194    -0.511    
                         clock uncertainty            0.077    -0.434    
    SLICE_X60Y69         SRLC32E (Hold_srlc32e_CLK_D)
                                                      0.183    -0.251    ADC_PROC_R2R/averager/REG_ARRAY_reg[32][5]_srl32___REG_ARRAY_reg_r_540
  -------------------------------------------------------------------
                         required time                          0.251    
                         arrival time                          -0.190    
  -------------------------------------------------------------------
                         slack                                  0.060    

Slack (MET) :             0.063ns  (arrival time - required time)
  Source:                 ADC_PROC_XADC/averager/REG_ARRAY_reg_r_29/C
                            (rising edge-triggered cell FDRE clocked by clk_out1_clk_wiz_0  {rise@0.000ns fall@5.000ns period=10.000ns})
  Destination:            ADC_PROC_XADC/averager/REG_ARRAY_reg_r_30/D
                            (rising edge-triggered cell FDRE clocked by clk_out1_clk_wiz_0_1  {rise@0.000ns fall@5.000ns period=10.000ns})
  Path Group:             clk_out1_clk_wiz_0_1
  Path Type:              Hold (Min at Fast Process Corner)
  Requirement:            0.000ns  (clk_out1_clk_wiz_0_1 rise@0.000ns - clk_out1_clk_wiz_0 rise@0.000ns)
  Data Path Delay:        0.199ns  (logic 0.141ns (70.682%)  route 0.058ns (29.318%))
  Logic Levels:           0  
  Clock Path Skew:        0.013ns (DCD - SCD - CPR)
    Destination Clock Delay (DCD):    -0.342ns
    Source Clock Delay      (SCD):    -0.571ns
    Clock Pessimism Removal (CPR):    0.216ns
  Clock Uncertainty:      0.077ns  ((TSJ^2 + DJ^2)^1/2) / 2 + PE
    Total System Jitter     (TSJ):    0.071ns
    Discrete Jitter          (DJ):    0.138ns
    Phase Error              (PE):    0.000ns
  Clock Domain Crossing:  Inter clock paths are considered valid unless explicitly excluded by timing constraints such as set_clock_groups or set_false_path.

    Location             Delay type                Incr(ns)  Path(ns)    Netlist Resource(s)
  -------------------------------------------------------------------    -------------------
                         (clock clk_out1_clk_wiz_0 rise edge)
                                                      0.000     0.000 r  
    W5                                                0.000     0.000 r  clk_in (IN)
                         net (fo=0)                   0.000     0.000    u_clk_wiz/inst/clk_in1
    W5                   IBUF (Prop_ibuf_I_O)         0.226     0.226 r  u_clk_wiz/inst/clkin1_ibufg/O
                         net (fo=1, routed)           0.440     0.667    u_clk_wiz/inst/clk_in1_clk_wiz_0
    PLLE2_ADV_X1Y0       PLLE2_ADV (Prop_plle2_adv_CLKIN1_CLKOUT0)
                                                     -2.322    -1.656 r  u_clk_wiz/inst/plle2_adv_inst/CLKOUT0
                         net (fo=1, routed)           0.501    -1.155    u_clk_wiz/inst/clk_out1_clk_wiz_0
    BUFGCTRL_X0Y0        BUFG (Prop_bufg_I_O)         0.026    -1.129 r  u_clk_wiz/inst/clkout1_buf/O
                         net (fo=1596, routed)        0.558    -0.571    ADC_PROC_XADC/averager/clk
    SLICE_X29Y62         FDRE                                         r  ADC_PROC_XADC/averager/REG_ARRAY_reg_r_29/C
  -------------------------------------------------------------------    -------------------
    SLICE_X29Y62         FDRE (Prop_fdre_C_Q)         0.141    -0.430 r  ADC_PROC_XADC/averager/REG_ARRAY_reg_r_29/Q
                         net (fo=1, routed)           0.058    -0.372    ADC_PROC_XADC/averager/REG_ARRAY_reg_r_29_n_0
    SLICE_X28Y62         FDRE                                         r  ADC_PROC_XADC/averager/REG_ARRAY_reg_r_30/D
  -------------------------------------------------------------------    -------------------

                         (clock clk_out1_clk_wiz_0_1 rise edge)
                                                      0.000     0.000 r  
    W5                                                0.000     0.000 r  clk_in (IN)
                         net (fo=0)                   0.000     0.000    u_clk_wiz/inst/clk_in1
    W5                   IBUF (Prop_ibuf_I_O)         0.414     0.414 r  u_clk_wiz/inst/clkin1_ibufg/O
                         net (fo=1, routed)           0.481     0.895    u_clk_wiz/inst/clk_in1_clk_wiz_0
    PLLE2_ADV_X1Y0       PLLE2_ADV (Prop_plle2_adv_CLKIN1_CLKOUT0)
                                                     -2.638    -1.743 r  u_clk_wiz/inst/plle2_adv_inst/CLKOUT0
                         net (fo=1, routed)           0.546    -1.197    u_clk_wiz/inst/clk_out1_clk_wiz_0
    BUFGCTRL_X0Y0        BUFG (Prop_bufg_I_O)         0.029    -1.168 r  u_clk_wiz/inst/clkout1_buf/O
                         net (fo=1596, routed)        0.827    -0.342    ADC_PROC_XADC/averager/clk
    SLICE_X28Y62         FDRE                                         r  ADC_PROC_XADC/averager/REG_ARRAY_reg_r_30/C
                         clock pessimism             -0.216    -0.558    
                         clock uncertainty            0.077    -0.481    
    SLICE_X28Y62         FDRE (Hold_fdre_C_D)         0.046    -0.435    ADC_PROC_XADC/averager/REG_ARRAY_reg_r_30
  -------------------------------------------------------------------
                         required time                          0.435    
                         arrival time                          -0.372    
  -------------------------------------------------------------------
                         slack                                  0.063    

Slack (MET) :             0.078ns  (arrival time - required time)
  Source:                 ADC_PROC_XADC/averager/REG_ARRAY_reg_r_193/C
                            (rising edge-triggered cell FDRE clocked by clk_out1_clk_wiz_0  {rise@0.000ns fall@5.000ns period=10.000ns})
  Destination:            ADC_PROC_XADC/averager/REG_ARRAY_reg_r_194/D
                            (rising edge-triggered cell FDRE clocked by clk_out1_clk_wiz_0_1  {rise@0.000ns fall@5.000ns period=10.000ns})
  Path Group:             clk_out1_clk_wiz_0_1
  Path Type:              Hold (Min at Fast Process Corner)
  Requirement:            0.000ns  (clk_out1_clk_wiz_0_1 rise@0.000ns - clk_out1_clk_wiz_0 rise@0.000ns)
  Data Path Delay:        0.245ns  (logic 0.141ns (57.551%)  route 0.104ns (42.449%))
  Logic Levels:           0  
  Clock Path Skew:        0.015ns (DCD - SCD - CPR)
    Destination Clock Delay (DCD):    -0.344ns
    Source Clock Delay      (SCD):    -0.572ns
    Clock Pessimism Removal (CPR):    0.213ns
  Clock Uncertainty:      0.077ns  ((TSJ^2 + DJ^2)^1/2) / 2 + PE
    Total System Jitter     (TSJ):    0.071ns
    Discrete Jitter          (DJ):    0.138ns
    Phase Error              (PE):    0.000ns
  Clock Domain Crossing:  Inter clock paths are considered valid unless explicitly excluded by timing constraints such as set_clock_groups or set_false_path.

    Location             Delay type                Incr(ns)  Path(ns)    Netlist Resource(s)
  -------------------------------------------------------------------    -------------------
                         (clock clk_out1_clk_wiz_0 rise edge)
                                                      0.000     0.000 r  
    W5                                                0.000     0.000 r  clk_in (IN)
                         net (fo=0)                   0.000     0.000    u_clk_wiz/inst/clk_in1
    W5                   IBUF (Prop_ibuf_I_O)         0.226     0.226 r  u_clk_wiz/inst/clkin1_ibufg/O
                         net (fo=1, routed)           0.440     0.667    u_clk_wiz/inst/clk_in1_clk_wiz_0
    PLLE2_ADV_X1Y0       PLLE2_ADV (Prop_plle2_adv_CLKIN1_CLKOUT0)
                                                     -2.322    -1.656 r  u_clk_wiz/inst/plle2_adv_inst/CLKOUT0
                         net (fo=1, routed)           0.501    -1.155    u_clk_wiz/inst/clk_out1_clk_wiz_0
    BUFGCTRL_X0Y0        BUFG (Prop_bufg_I_O)         0.026    -1.129 r  u_clk_wiz/inst/clkout1_buf/O
                         net (fo=1596, routed)        0.557    -0.572    ADC_PROC_XADC/averager/clk
    SLICE_X36Y63         FDRE                                         r  ADC_PROC_XADC/averager/REG_ARRAY_reg_r_193/C
  -------------------------------------------------------------------    -------------------
    SLICE_X36Y63         FDRE (Prop_fdre_C_Q)         0.141    -0.431 r  ADC_PROC_XADC/averager/REG_ARRAY_reg_r_193/Q
                         net (fo=1, routed)           0.104    -0.327    ADC_PROC_XADC/averager/REG_ARRAY_reg_r_193_n_0
    SLICE_X38Y63         FDRE                                         r  ADC_PROC_XADC/averager/REG_ARRAY_reg_r_194/D
  -------------------------------------------------------------------    -------------------

                         (clock clk_out1_clk_wiz_0_1 rise edge)
                                                      0.000     0.000 r  
    W5                                                0.000     0.000 r  clk_in (IN)
                         net (fo=0)                   0.000     0.000    u_clk_wiz/inst/clk_in1
    W5                   IBUF (Prop_ibuf_I_O)         0.414     0.414 r  u_clk_wiz/inst/clkin1_ibufg/O
                         net (fo=1, routed)           0.481     0.895    u_clk_wiz/inst/clk_in1_clk_wiz_0
    PLLE2_ADV_X1Y0       PLLE2_ADV (Prop_plle2_adv_CLKIN1_CLKOUT0)
                                                     -2.638    -1.743 r  u_clk_wiz/inst/plle2_adv_inst/CLKOUT0
                         net (fo=1, routed)           0.546    -1.197    u_clk_wiz/inst/clk_out1_clk_wiz_0
    BUFGCTRL_X0Y0        BUFG (Prop_bufg_I_O)         0.029    -1.168 r  u_clk_wiz/inst/clkout1_buf/O
                         net (fo=1596, routed)        0.824    -0.344    ADC_PROC_XADC/averager/clk
    SLICE_X38Y63         FDRE                                         r  ADC_PROC_XADC/averager/REG_ARRAY_reg_r_194/C
                         clock pessimism             -0.213    -0.557    
                         clock uncertainty            0.077    -0.480    
    SLICE_X38Y63         FDRE (Hold_fdre_C_D)         0.075    -0.405    ADC_PROC_XADC/averager/REG_ARRAY_reg_r_194
  -------------------------------------------------------------------
                         required time                          0.405    
                         arrival time                          -0.327    
  -------------------------------------------------------------------
                         slack                                  0.078    

Slack (MET) :             0.079ns  (arrival time - required time)
  Source:                 ADC_PROC_XADC/scaled_adc_data_pipe_reg[11]/C
                            (rising edge-triggered cell FDRE clocked by clk_out1_clk_wiz_0  {rise@0.000ns fall@5.000ns period=10.000ns})
  Destination:            ADC_PROC_XADC/scaled_adc_data_xadc_reg[11]/D
                            (rising edge-triggered cell FDRE clocked by clk_out1_clk_wiz_0_1  {rise@0.000ns fall@5.000ns period=10.000ns})
  Path Group:             clk_out1_clk_wiz_0_1
  Path Type:              Hold (Min at Fast Process Corner)
  Requirement:            0.000ns  (clk_out1_clk_wiz_0_1 rise@0.000ns - clk_out1_clk_wiz_0 rise@0.000ns)
  Data Path Delay:        0.220ns  (logic 0.164ns (74.580%)  route 0.056ns (25.420%))
  Logic Levels:           0  
  Clock Path Skew:        0.000ns (DCD - SCD - CPR)
    Destination Clock Delay (DCD):    -0.350ns
    Source Clock Delay      (SCD):    -0.578ns
    Clock Pessimism Removal (CPR):    0.228ns
  Clock Uncertainty:      0.077ns  ((TSJ^2 + DJ^2)^1/2) / 2 + PE
    Total System Jitter     (TSJ):    0.071ns
    Discrete Jitter          (DJ):    0.138ns
    Phase Error              (PE):    0.000ns
  Clock Domain Crossing:  Inter clock paths are considered valid unless explicitly excluded by timing constraints such as set_clock_groups or set_false_path.

    Location             Delay type                Incr(ns)  Path(ns)    Netlist Resource(s)
  -------------------------------------------------------------------    -------------------
                         (clock clk_out1_clk_wiz_0 rise edge)
                                                      0.000     0.000 r  
    W5                                                0.000     0.000 r  clk_in (IN)
                         net (fo=0)                   0.000     0.000    u_clk_wiz/inst/clk_in1
    W5                   IBUF (Prop_ibuf_I_O)         0.226     0.226 r  u_clk_wiz/inst/clkin1_ibufg/O
                         net (fo=1, routed)           0.440     0.667    u_clk_wiz/inst/clk_in1_clk_wiz_0
    PLLE2_ADV_X1Y0       PLLE2_ADV (Prop_plle2_adv_CLKIN1_CLKOUT0)
                                                     -2.322    -1.656 r  u_clk_wiz/inst/plle2_adv_inst/CLKOUT0
                         net (fo=1, routed)           0.501    -1.155    u_clk_wiz/inst/clk_out1_clk_wiz_0
    BUFGCTRL_X0Y0        BUFG (Prop_bufg_I_O)         0.026    -1.129 r  u_clk_wiz/inst/clkout1_buf/O
                         net (fo=1596, routed)        0.551    -0.578    ADC_PROC_XADC/clk
    SLICE_X54Y75         FDRE                                         r  ADC_PROC_XADC/scaled_adc_data_pipe_reg[11]/C
  -------------------------------------------------------------------    -------------------
    SLICE_X54Y75         FDRE (Prop_fdre_C_Q)         0.164    -0.414 r  ADC_PROC_XADC/scaled_adc_data_pipe_reg[11]/Q
                         net (fo=1, routed)           0.056    -0.358    ADC_PROC_XADC/scaled_adc_data_pipe[11]
    SLICE_X54Y75         FDRE                                         r  ADC_PROC_XADC/scaled_adc_data_xadc_reg[11]/D
  -------------------------------------------------------------------    -------------------

                         (clock clk_out1_clk_wiz_0_1 rise edge)
                                                      0.000     0.000 r  
    W5                                                0.000     0.000 r  clk_in (IN)
                         net (fo=0)                   0.000     0.000    u_clk_wiz/inst/clk_in1
    W5                   IBUF (Prop_ibuf_I_O)         0.414     0.414 r  u_clk_wiz/inst/clkin1_ibufg/O
                         net (fo=1, routed)           0.481     0.895    u_clk_wiz/inst/clk_in1_clk_wiz_0
    PLLE2_ADV_X1Y0       PLLE2_ADV (Prop_plle2_adv_CLKIN1_CLKOUT0)
                                                     -2.638    -1.743 r  u_clk_wiz/inst/plle2_adv_inst/CLKOUT0
                         net (fo=1, routed)           0.546    -1.197    u_clk_wiz/inst/clk_out1_clk_wiz_0
    BUFGCTRL_X0Y0        BUFG (Prop_bufg_I_O)         0.029    -1.168 r  u_clk_wiz/inst/clkout1_buf/O
                         net (fo=1596, routed)        0.818    -0.350    ADC_PROC_XADC/clk
    SLICE_X54Y75         FDRE                                         r  ADC_PROC_XADC/scaled_adc_data_xadc_reg[11]/C
                         clock pessimism             -0.228    -0.578    
                         clock uncertainty            0.077    -0.501    
    SLICE_X54Y75         FDRE (Hold_fdre_C_D)         0.064    -0.437    ADC_PROC_XADC/scaled_adc_data_xadc_reg[11]
  -------------------------------------------------------------------
                         required time                          0.437    
                         arrival time                          -0.358    
  -------------------------------------------------------------------
                         slack                                  0.079    

Slack (MET) :             0.079ns  (arrival time - required time)
  Source:                 ADC_PROC_XADC/scaled_adc_data_pipe_reg[1]/C
                            (rising edge-triggered cell FDRE clocked by clk_out1_clk_wiz_0  {rise@0.000ns fall@5.000ns period=10.000ns})
  Destination:            ADC_PROC_XADC/scaled_adc_data_xadc_reg[1]/D
                            (rising edge-triggered cell FDRE clocked by clk_out1_clk_wiz_0_1  {rise@0.000ns fall@5.000ns period=10.000ns})
  Path Group:             clk_out1_clk_wiz_0_1
  Path Type:              Hold (Min at Fast Process Corner)
  Requirement:            0.000ns  (clk_out1_clk_wiz_0_1 rise@0.000ns - clk_out1_clk_wiz_0 rise@0.000ns)
  Data Path Delay:        0.220ns  (logic 0.164ns (74.580%)  route 0.056ns (25.420%))
  Logic Levels:           0  
  Clock Path Skew:        0.000ns (DCD - SCD - CPR)
    Destination Clock Delay (DCD):    -0.350ns
    Source Clock Delay      (SCD):    -0.578ns
    Clock Pessimism Removal (CPR):    0.228ns
  Clock Uncertainty:      0.077ns  ((TSJ^2 + DJ^2)^1/2) / 2 + PE
    Total System Jitter     (TSJ):    0.071ns
    Discrete Jitter          (DJ):    0.138ns
    Phase Error              (PE):    0.000ns
  Clock Domain Crossing:  Inter clock paths are considered valid unless explicitly excluded by timing constraints such as set_clock_groups or set_false_path.

    Location             Delay type                Incr(ns)  Path(ns)    Netlist Resource(s)
  -------------------------------------------------------------------    -------------------
                         (clock clk_out1_clk_wiz_0 rise edge)
                                                      0.000     0.000 r  
    W5                                                0.000     0.000 r  clk_in (IN)
                         net (fo=0)                   0.000     0.000    u_clk_wiz/inst/clk_in1
    W5                   IBUF (Prop_ibuf_I_O)         0.226     0.226 r  u_clk_wiz/inst/clkin1_ibufg/O
                         net (fo=1, routed)           0.440     0.667    u_clk_wiz/inst/clk_in1_clk_wiz_0
    PLLE2_ADV_X1Y0       PLLE2_ADV (Prop_plle2_adv_CLKIN1_CLKOUT0)
                                                     -2.322    -1.656 r  u_clk_wiz/inst/plle2_adv_inst/CLKOUT0
                         net (fo=1, routed)           0.501    -1.155    u_clk_wiz/inst/clk_out1_clk_wiz_0
    BUFGCTRL_X0Y0        BUFG (Prop_bufg_I_O)         0.026    -1.129 r  u_clk_wiz/inst/clkout1_buf/O
                         net (fo=1596, routed)        0.551    -0.578    ADC_PROC_XADC/clk
    SLICE_X54Y75         FDRE                                         r  ADC_PROC_XADC/scaled_adc_data_pipe_reg[1]/C
  -------------------------------------------------------------------    -------------------
    SLICE_X54Y75         FDRE (Prop_fdre_C_Q)         0.164    -0.414 r  ADC_PROC_XADC/scaled_adc_data_pipe_reg[1]/Q
                         net (fo=1, routed)           0.056    -0.358    ADC_PROC_XADC/scaled_adc_data_pipe[1]
    SLICE_X54Y75         FDRE                                         r  ADC_PROC_XADC/scaled_adc_data_xadc_reg[1]/D
  -------------------------------------------------------------------    -------------------

                         (clock clk_out1_clk_wiz_0_1 rise edge)
                                                      0.000     0.000 r  
    W5                                                0.000     0.000 r  clk_in (IN)
                         net (fo=0)                   0.000     0.000    u_clk_wiz/inst/clk_in1
    W5                   IBUF (Prop_ibuf_I_O)         0.414     0.414 r  u_clk_wiz/inst/clkin1_ibufg/O
                         net (fo=1, routed)           0.481     0.895    u_clk_wiz/inst/clk_in1_clk_wiz_0
    PLLE2_ADV_X1Y0       PLLE2_ADV (Prop_plle2_adv_CLKIN1_CLKOUT0)
                                                     -2.638    -1.743 r  u_clk_wiz/inst/plle2_adv_inst/CLKOUT0
                         net (fo=1, routed)           0.546    -1.197    u_clk_wiz/inst/clk_out1_clk_wiz_0
    BUFGCTRL_X0Y0        BUFG (Prop_bufg_I_O)         0.029    -1.168 r  u_clk_wiz/inst/clkout1_buf/O
                         net (fo=1596, routed)        0.818    -0.350    ADC_PROC_XADC/clk
    SLICE_X54Y75         FDRE                                         r  ADC_PROC_XADC/scaled_adc_data_xadc_reg[1]/C
                         clock pessimism             -0.228    -0.578    
                         clock uncertainty            0.077    -0.501    
    SLICE_X54Y75         FDRE (Hold_fdre_C_D)         0.064    -0.437    ADC_PROC_XADC/scaled_adc_data_xadc_reg[1]
  -------------------------------------------------------------------
                         required time                          0.437    
                         arrival time                          -0.358    
  -------------------------------------------------------------------
                         slack                                  0.079    

Slack (MET) :             0.079ns  (arrival time - required time)
  Source:                 ADC_PROC_PWM/averager/REG_ARRAY_reg_r_431/C
                            (rising edge-triggered cell FDRE clocked by clk_out1_clk_wiz_0  {rise@0.000ns fall@5.000ns period=10.000ns})
  Destination:            ADC_PROC_PWM/averager/REG_ARRAY_reg_r_432/D
                            (rising edge-triggered cell FDRE clocked by clk_out1_clk_wiz_0_1  {rise@0.000ns fall@5.000ns period=10.000ns})
  Path Group:             clk_out1_clk_wiz_0_1
  Path Type:              Hold (Min at Fast Process Corner)
  Requirement:            0.000ns  (clk_out1_clk_wiz_0_1 rise@0.000ns - clk_out1_clk_wiz_0 rise@0.000ns)
  Data Path Delay:        0.260ns  (logic 0.141ns (54.189%)  route 0.119ns (45.811%))
  Logic Levels:           0  
  Clock Path Skew:        0.034ns (DCD - SCD - CPR)
    Destination Clock Delay (DCD):    -0.343ns
    Source Clock Delay      (SCD):    -0.571ns
    Clock Pessimism Removal (CPR):    0.194ns
  Clock Uncertainty:      0.077ns  ((TSJ^2 + DJ^2)^1/2) / 2 + PE
    Total System Jitter     (TSJ):    0.071ns
    Discrete Jitter          (DJ):    0.138ns
    Phase Error              (PE):    0.000ns
  Clock Domain Crossing:  Inter clock paths are considered valid unless explicitly excluded by timing constraints such as set_clock_groups or set_false_path.

    Location             Delay type                Incr(ns)  Path(ns)    Netlist Resource(s)
  -------------------------------------------------------------------    -------------------
                         (clock clk_out1_clk_wiz_0 rise edge)
                                                      0.000     0.000 r  
    W5                                                0.000     0.000 r  clk_in (IN)
                         net (fo=0)                   0.000     0.000    u_clk_wiz/inst/clk_in1
    W5                   IBUF (Prop_ibuf_I_O)         0.226     0.226 r  u_clk_wiz/inst/clkin1_ibufg/O
                         net (fo=1, routed)           0.440     0.667    u_clk_wiz/inst/clk_in1_clk_wiz_0
    PLLE2_ADV_X1Y0       PLLE2_ADV (Prop_plle2_adv_CLKIN1_CLKOUT0)
                                                     -2.322    -1.656 r  u_clk_wiz/inst/plle2_adv_inst/CLKOUT0
                         net (fo=1, routed)           0.501    -1.155    u_clk_wiz/inst/clk_out1_clk_wiz_0
    BUFGCTRL_X0Y0        BUFG (Prop_bufg_I_O)         0.026    -1.129 r  u_clk_wiz/inst/clkout1_buf/O
                         net (fo=1596, routed)        0.558    -0.571    ADC_PROC_PWM/averager/clk
    SLICE_X44Y84         FDRE                                         r  ADC_PROC_PWM/averager/REG_ARRAY_reg_r_431/C
  -------------------------------------------------------------------    -------------------
    SLICE_X44Y84         FDRE (Prop_fdre_C_Q)         0.141    -0.430 r  ADC_PROC_PWM/averager/REG_ARRAY_reg_r_431/Q
                         net (fo=1, routed)           0.119    -0.311    ADC_PROC_PWM/averager/REG_ARRAY_reg_r_431_n_0
    SLICE_X43Y85         FDRE                                         r  ADC_PROC_PWM/averager/REG_ARRAY_reg_r_432/D
  -------------------------------------------------------------------    -------------------

                         (clock clk_out1_clk_wiz_0_1 rise edge)
                                                      0.000     0.000 r  
    W5                                                0.000     0.000 r  clk_in (IN)
                         net (fo=0)                   0.000     0.000    u_clk_wiz/inst/clk_in1
    W5                   IBUF (Prop_ibuf_I_O)         0.414     0.414 r  u_clk_wiz/inst/clkin1_ibufg/O
                         net (fo=1, routed)           0.481     0.895    u_clk_wiz/inst/clk_in1_clk_wiz_0
    PLLE2_ADV_X1Y0       PLLE2_ADV (Prop_plle2_adv_CLKIN1_CLKOUT0)
                                                     -2.638    -1.743 r  u_clk_wiz/inst/plle2_adv_inst/CLKOUT0
                         net (fo=1, routed)           0.546    -1.197    u_clk_wiz/inst/clk_out1_clk_wiz_0
    BUFGCTRL_X0Y0        BUFG (Prop_bufg_I_O)         0.029    -1.168 r  u_clk_wiz/inst/clkout1_buf/O
                         net (fo=1596, routed)        0.826    -0.343    ADC_PROC_PWM/averager/clk
    SLICE_X43Y85         FDRE                                         r  ADC_PROC_PWM/averager/REG_ARRAY_reg_r_432/C
                         clock pessimism             -0.194    -0.537    
                         clock uncertainty            0.077    -0.460    
    SLICE_X43Y85         FDRE (Hold_fdre_C_D)         0.070    -0.390    ADC_PROC_PWM/averager/REG_ARRAY_reg_r_432
  -------------------------------------------------------------------
                         required time                          0.390    
                         arrival time                          -0.311    
  -------------------------------------------------------------------
                         slack                                  0.079    

Slack (MET) :             0.083ns  (arrival time - required time)
  Source:                 ADC_PROC_XADC/scaled_adc_data_pipe_reg[0]/C
                            (rising edge-triggered cell FDRE clocked by clk_out1_clk_wiz_0  {rise@0.000ns fall@5.000ns period=10.000ns})
  Destination:            ADC_PROC_XADC/scaled_adc_data_xadc_reg[0]/D
                            (rising edge-triggered cell FDRE clocked by clk_out1_clk_wiz_0_1  {rise@0.000ns fall@5.000ns period=10.000ns})
  Path Group:             clk_out1_clk_wiz_0_1
  Path Type:              Hold (Min at Fast Process Corner)
  Requirement:            0.000ns  (clk_out1_clk_wiz_0_1 rise@0.000ns - clk_out1_clk_wiz_0 rise@0.000ns)
  Data Path Delay:        0.220ns  (logic 0.164ns (74.580%)  route 0.056ns (25.420%))
  Logic Levels:           0  
  Clock Path Skew:        0.000ns (DCD - SCD - CPR)
    Destination Clock Delay (DCD):    -0.350ns
    Source Clock Delay      (SCD):    -0.578ns
    Clock Pessimism Removal (CPR):    0.228ns
  Clock Uncertainty:      0.077ns  ((TSJ^2 + DJ^2)^1/2) / 2 + PE
    Total System Jitter     (TSJ):    0.071ns
    Discrete Jitter          (DJ):    0.138ns
    Phase Error              (PE):    0.000ns
  Clock Domain Crossing:  Inter clock paths are considered valid unless explicitly excluded by timing constraints such as set_clock_groups or set_false_path.

    Location             Delay type                Incr(ns)  Path(ns)    Netlist Resource(s)
  -------------------------------------------------------------------    -------------------
                         (clock clk_out1_clk_wiz_0 rise edge)
                                                      0.000     0.000 r  
    W5                                                0.000     0.000 r  clk_in (IN)
                         net (fo=0)                   0.000     0.000    u_clk_wiz/inst/clk_in1
    W5                   IBUF (Prop_ibuf_I_O)         0.226     0.226 r  u_clk_wiz/inst/clkin1_ibufg/O
                         net (fo=1, routed)           0.440     0.667    u_clk_wiz/inst/clk_in1_clk_wiz_0
    PLLE2_ADV_X1Y0       PLLE2_ADV (Prop_plle2_adv_CLKIN1_CLKOUT0)
                                                     -2.322    -1.656 r  u_clk_wiz/inst/plle2_adv_inst/CLKOUT0
                         net (fo=1, routed)           0.501    -1.155    u_clk_wiz/inst/clk_out1_clk_wiz_0
    BUFGCTRL_X0Y0        BUFG (Prop_bufg_I_O)         0.026    -1.129 r  u_clk_wiz/inst/clkout1_buf/O
                         net (fo=1596, routed)        0.551    -0.578    ADC_PROC_XADC/clk
    SLICE_X54Y75         FDRE                                         r  ADC_PROC_XADC/scaled_adc_data_pipe_reg[0]/C
  -------------------------------------------------------------------    -------------------
    SLICE_X54Y75         FDRE (Prop_fdre_C_Q)         0.164    -0.414 r  ADC_PROC_XADC/scaled_adc_data_pipe_reg[0]/Q
                         net (fo=1, routed)           0.056    -0.358    ADC_PROC_XADC/scaled_adc_data_pipe[0]
    SLICE_X54Y75         FDRE                                         r  ADC_PROC_XADC/scaled_adc_data_xadc_reg[0]/D
  -------------------------------------------------------------------    -------------------

                         (clock clk_out1_clk_wiz_0_1 rise edge)
                                                      0.000     0.000 r  
    W5                                                0.000     0.000 r  clk_in (IN)
                         net (fo=0)                   0.000     0.000    u_clk_wiz/inst/clk_in1
    W5                   IBUF (Prop_ibuf_I_O)         0.414     0.414 r  u_clk_wiz/inst/clkin1_ibufg/O
                         net (fo=1, routed)           0.481     0.895    u_clk_wiz/inst/clk_in1_clk_wiz_0
    PLLE2_ADV_X1Y0       PLLE2_ADV (Prop_plle2_adv_CLKIN1_CLKOUT0)
                                                     -2.638    -1.743 r  u_clk_wiz/inst/plle2_adv_inst/CLKOUT0
                         net (fo=1, routed)           0.546    -1.197    u_clk_wiz/inst/clk_out1_clk_wiz_0
    BUFGCTRL_X0Y0        BUFG (Prop_bufg_I_O)         0.029    -1.168 r  u_clk_wiz/inst/clkout1_buf/O
                         net (fo=1596, routed)        0.818    -0.350    ADC_PROC_XADC/clk
    SLICE_X54Y75         FDRE                                         r  ADC_PROC_XADC/scaled_adc_data_xadc_reg[0]/C
                         clock pessimism             -0.228    -0.578    
                         clock uncertainty            0.077    -0.501    
    SLICE_X54Y75         FDRE (Hold_fdre_C_D)         0.060    -0.441    ADC_PROC_XADC/scaled_adc_data_xadc_reg[0]
  -------------------------------------------------------------------
                         required time                          0.441    
                         arrival time                          -0.358    
  -------------------------------------------------------------------
                         slack                                  0.083    

Slack (MET) :             0.087ns  (arrival time - required time)
  Source:                 R2R_ADC_SUBSYSTEM/r2r_captured_duty_cycle_reg[3]/C
                            (rising edge-triggered cell FDRE clocked by clk_out1_clk_wiz_0  {rise@0.000ns fall@5.000ns period=10.000ns})
  Destination:            ADC_PROC_R2R/averager/REG_ARRAY_reg[32][3]_srl32___REG_ARRAY_reg_r_540/D
                            (rising edge-triggered cell SRLC32E clocked by clk_out1_clk_wiz_0_1  {rise@0.000ns fall@5.000ns period=10.000ns})
  Path Group:             clk_out1_clk_wiz_0_1
  Path Type:              Hold (Min at Fast Process Corner)
  Requirement:            0.000ns  (clk_out1_clk_wiz_0_1 rise@0.000ns - clk_out1_clk_wiz_0 rise@0.000ns)
  Data Path Delay:        0.384ns  (logic 0.141ns (36.705%)  route 0.243ns (63.295%))
  Logic Levels:           0  
  Clock Path Skew:        0.037ns (DCD - SCD - CPR)
    Destination Clock Delay (DCD):    -0.315ns
    Source Clock Delay      (SCD):    -0.546ns
    Clock Pessimism Removal (CPR):    0.194ns
  Clock Uncertainty:      0.077ns  ((TSJ^2 + DJ^2)^1/2) / 2 + PE
    Total System Jitter     (TSJ):    0.071ns
    Discrete Jitter          (DJ):    0.138ns
    Phase Error              (PE):    0.000ns
  Clock Domain Crossing:  Inter clock paths are considered valid unless explicitly excluded by timing constraints such as set_clock_groups or set_false_path.

    Location             Delay type                Incr(ns)  Path(ns)    Netlist Resource(s)
  -------------------------------------------------------------------    -------------------
                         (clock clk_out1_clk_wiz_0 rise edge)
                                                      0.000     0.000 r  
    W5                                                0.000     0.000 r  clk_in (IN)
                         net (fo=0)                   0.000     0.000    u_clk_wiz/inst/clk_in1
    W5                   IBUF (Prop_ibuf_I_O)         0.226     0.226 r  u_clk_wiz/inst/clkin1_ibufg/O
                         net (fo=1, routed)           0.440     0.667    u_clk_wiz/inst/clk_in1_clk_wiz_0
    PLLE2_ADV_X1Y0       PLLE2_ADV (Prop_plle2_adv_CLKIN1_CLKOUT0)
                                                     -2.322    -1.656 r  u_clk_wiz/inst/plle2_adv_inst/CLKOUT0
                         net (fo=1, routed)           0.501    -1.155    u_clk_wiz/inst/clk_out1_clk_wiz_0
    BUFGCTRL_X0Y0        BUFG (Prop_bufg_I_O)         0.026    -1.129 r  u_clk_wiz/inst/clkout1_buf/O
                         net (fo=1596, routed)        0.583    -0.546    R2R_ADC_SUBSYSTEM/clk
    SLICE_X62Y71         FDRE                                         r  R2R_ADC_SUBSYSTEM/r2r_captured_duty_cycle_reg[3]/C
  -------------------------------------------------------------------    -------------------
    SLICE_X62Y71         FDRE (Prop_fdre_C_Q)         0.141    -0.405 r  R2R_ADC_SUBSYSTEM/r2r_captured_duty_cycle_reg[3]/Q
                         net (fo=4, routed)           0.243    -0.162    ADC_PROC_R2R/averager/Din[3]
    SLICE_X60Y67         SRLC32E                                      r  ADC_PROC_R2R/averager/REG_ARRAY_reg[32][3]_srl32___REG_ARRAY_reg_r_540/D
  -------------------------------------------------------------------    -------------------

                         (clock clk_out1_clk_wiz_0_1 rise edge)
                                                      0.000     0.000 r  
    W5                                                0.000     0.000 r  clk_in (IN)
                         net (fo=0)                   0.000     0.000    u_clk_wiz/inst/clk_in1
    W5                   IBUF (Prop_ibuf_I_O)         0.414     0.414 r  u_clk_wiz/inst/clkin1_ibufg/O
                         net (fo=1, routed)           0.481     0.895    u_clk_wiz/inst/clk_in1_clk_wiz_0
    PLLE2_ADV_X1Y0       PLLE2_ADV (Prop_plle2_adv_CLKIN1_CLKOUT0)
                                                     -2.638    -1.743 r  u_clk_wiz/inst/plle2_adv_inst/CLKOUT0
                         net (fo=1, routed)           0.546    -1.197    u_clk_wiz/inst/clk_out1_clk_wiz_0
    BUFGCTRL_X0Y0        BUFG (Prop_bufg_I_O)         0.029    -1.168 r  u_clk_wiz/inst/clkout1_buf/O
                         net (fo=1596, routed)        0.854    -0.315    ADC_PROC_R2R/averager/clk
    SLICE_X60Y67         SRLC32E                                      r  ADC_PROC_R2R/averager/REG_ARRAY_reg[32][3]_srl32___REG_ARRAY_reg_r_540/CLK
                         clock pessimism             -0.194    -0.509    
                         clock uncertainty            0.077    -0.432    
    SLICE_X60Y67         SRLC32E (Hold_srlc32e_CLK_D)
                                                      0.183    -0.249    ADC_PROC_R2R/averager/REG_ARRAY_reg[32][3]_srl32___REG_ARRAY_reg_r_540
  -------------------------------------------------------------------
                         required time                          0.249    
                         arrival time                          -0.162    
  -------------------------------------------------------------------
                         slack                                  0.087    





--------------------------------------------------------------------------------------
Path Group:  (none)
From Clock:  clk_out1_clk_wiz_0
  To Clock:  

Max Delay            37 Endpoints
Min Delay            37 Endpoints
--------------------------------------------------------------------------------------


Max Delay Paths
--------------------------------------------------------------------------------------
Slack:                    inf
  Source:                 INPUT_SYNC/out2_reg[0]/C
                            (rising edge-triggered cell FDRE clocked by clk_out1_clk_wiz_0  {rise@0.000ns fall@5.000ns period=10.000ns})
  Destination:            CG
                            (output port)
  Path Group:             (none)
  Path Type:              Max at Slow Process Corner
  Data Path Delay:        19.298ns  (logic 6.228ns (32.275%)  route 13.070ns (67.725%))
  Logic Levels:           11  (CARRY4=3 LUT2=1 LUT4=3 LUT6=3 OBUF=1)
  Clock Uncertainty:      0.179ns  ((TSJ^2 + DJ^2)^1/2) / 2 + PE
    Total System Jitter     (TSJ):    0.050ns
    Discrete Jitter          (DJ):    0.138ns
    Phase Error              (PE):    0.105ns

    Location             Delay type                Incr(ns)  Path(ns)    Netlist Resource(s)
  -------------------------------------------------------------------    -------------------
                         (clock clk_out1_clk_wiz_0 rise edge)
                                                      0.000     0.000 r  
    W5                                                0.000     0.000 r  clk_in (IN)
                         net (fo=0)                   0.000     0.000    u_clk_wiz/inst/clk_in1
    W5                   IBUF (Prop_ibuf_I_O)         1.458     1.458 r  u_clk_wiz/inst/clkin1_ibufg/O
                         net (fo=1, routed)           1.253     2.711    u_clk_wiz/inst/clk_in1_clk_wiz_0
    PLLE2_ADV_X1Y0       PLLE2_ADV (Prop_plle2_adv_CLKIN1_CLKOUT0)
                                                     -8.482    -5.770 r  u_clk_wiz/inst/plle2_adv_inst/CLKOUT0
                         net (fo=1, routed)           1.655    -4.115    u_clk_wiz/inst/clk_out1_clk_wiz_0
    BUFGCTRL_X0Y0        BUFG (Prop_bufg_I_O)         0.096    -4.019 r  u_clk_wiz/inst/clkout1_buf/O
                         net (fo=1596, routed)        1.624    -2.395    INPUT_SYNC/clk
    SLICE_X64Y60         FDRE                                         r  INPUT_SYNC/out2_reg[0]/C
  -------------------------------------------------------------------    -------------------
    SLICE_X64Y60         FDRE (Prop_fdre_C_Q)         0.518    -1.877 r  INPUT_SYNC/out2_reg[0]/Q
                         net (fo=54, routed)          3.550     1.673    AVE_DATA_EN/mode_select[0]
    SLICE_X53Y74         LUT4 (Prop_lut4_I1_O)        0.124     1.797 r  AVE_DATA_EN/data[9]_INST_0/O
                         net (fo=5, routed)           0.832     2.629    AUTO_CAL/ave_data[9]
    SLICE_X51Y74         LUT2 (Prop_lut2_I0_O)        0.124     2.753 r  AUTO_CAL/display_code[11]_INST_0_i_4/O
                         net (fo=1, routed)           0.000     2.753    AUTO_CAL/display_code[11]_INST_0_i_4_n_0
    SLICE_X51Y74         CARRY4 (Prop_carry4_S[1]_CO[3])
                                                      0.550     3.303 r  AUTO_CAL/display_code[11]_INST_0_i_1/CO[3]
                         net (fo=1, routed)           0.009     3.312    AUTO_CAL/display_code[11]_INST_0_i_1_n_0
    SLICE_X51Y75         CARRY4 (Prop_carry4_CI_CO[3])
                                                      0.114     3.426 r  AUTO_CAL/display_code[15]_INST_0_i_1/CO[3]
                         net (fo=1, routed)           0.000     3.426    AUTO_CAL/display_code[15]_INST_0_i_1_n_0
    SLICE_X51Y76         CARRY4 (Prop_carry4_CI_O[0])
                                                      0.222     3.648 f  AUTO_CAL/display_code[15]_INST_0_i_2/O[0]
                         net (fo=16, routed)          1.684     5.332    AUTO_CAL/sum[16]
    SLICE_X62Y74         LUT4 (Prop_lut4_I1_O)        0.299     5.631 r  AUTO_CAL/display_code[11]_INST_0/O
                         net (fo=1, routed)           0.484     6.115    MUX4/in3[11]
    SLICE_X62Y74         LUT6 (Prop_lut6_I2_O)        0.124     6.239 r  MUX4/mux_out[11]_INST_0/O
                         net (fo=1, routed)           0.805     7.043    SEVEN_SEGMENT_DISPLAY/DIGIT_MUX/min_dig1[3]
    SLICE_X61Y74         LUT6 (Prop_lut6_I3_O)        0.124     7.167 r  SEVEN_SEGMENT_DISPLAY/DIGIT_MUX/time_digit[3]_INST_0_i_1/O
                         net (fo=1, routed)           1.300     8.467    SEVEN_SEGMENT_DISPLAY/DIGIT_MUX/time_digit[3]_INST_0_i_1_n_0
    SLICE_X61Y69         LUT6 (Prop_lut6_I5_O)        0.124     8.591 r  SEVEN_SEGMENT_DISPLAY/DIGIT_MUX/time_digit[3]_INST_0/O
                         net (fo=7, routed)           1.283     9.875    SEVEN_SEGMENT_DISPLAY/SEG_DECODER/data[3]
    SLICE_X64Y53         LUT4 (Prop_lut4_I3_O)        0.150    10.025 r  SEVEN_SEGMENT_DISPLAY/SEG_DECODER/CG_INST_0/O
                         net (fo=1, routed)           3.123    13.148    CG_OBUF
    U7                   OBUF (Prop_obuf_I_O)         3.755    16.903 r  CG_OBUF_inst/O
                         net (fo=0)                   0.000    16.903    CG
    U7                                                                r  CG (OUT)
  -------------------------------------------------------------------    -------------------

Slack:                    inf
  Source:                 INPUT_SYNC/out2_reg[0]/C
                            (rising edge-triggered cell FDRE clocked by clk_out1_clk_wiz_0  {rise@0.000ns fall@5.000ns period=10.000ns})
  Destination:            CA
                            (output port)
  Path Group:             (none)
  Path Type:              Max at Slow Process Corner
  Data Path Delay:        19.185ns  (logic 6.194ns (32.285%)  route 12.991ns (67.715%))
  Logic Levels:           11  (CARRY4=3 LUT2=1 LUT4=3 LUT6=3 OBUF=1)
  Clock Uncertainty:      0.179ns  ((TSJ^2 + DJ^2)^1/2) / 2 + PE
    Total System Jitter     (TSJ):    0.050ns
    Discrete Jitter          (DJ):    0.138ns
    Phase Error              (PE):    0.105ns

    Location             Delay type                Incr(ns)  Path(ns)    Netlist Resource(s)
  -------------------------------------------------------------------    -------------------
                         (clock clk_out1_clk_wiz_0 rise edge)
                                                      0.000     0.000 r  
    W5                                                0.000     0.000 r  clk_in (IN)
                         net (fo=0)                   0.000     0.000    u_clk_wiz/inst/clk_in1
    W5                   IBUF (Prop_ibuf_I_O)         1.458     1.458 r  u_clk_wiz/inst/clkin1_ibufg/O
                         net (fo=1, routed)           1.253     2.711    u_clk_wiz/inst/clk_in1_clk_wiz_0
    PLLE2_ADV_X1Y0       PLLE2_ADV (Prop_plle2_adv_CLKIN1_CLKOUT0)
                                                     -8.482    -5.770 r  u_clk_wiz/inst/plle2_adv_inst/CLKOUT0
                         net (fo=1, routed)           1.655    -4.115    u_clk_wiz/inst/clk_out1_clk_wiz_0
    BUFGCTRL_X0Y0        BUFG (Prop_bufg_I_O)         0.096    -4.019 r  u_clk_wiz/inst/clkout1_buf/O
                         net (fo=1596, routed)        1.624    -2.395    INPUT_SYNC/clk
    SLICE_X64Y60         FDRE                                         r  INPUT_SYNC/out2_reg[0]/C
  -------------------------------------------------------------------    -------------------
    SLICE_X64Y60         FDRE (Prop_fdre_C_Q)         0.518    -1.877 r  INPUT_SYNC/out2_reg[0]/Q
                         net (fo=54, routed)          3.550     1.673    AVE_DATA_EN/mode_select[0]
    SLICE_X53Y74         LUT4 (Prop_lut4_I1_O)        0.124     1.797 r  AVE_DATA_EN/data[9]_INST_0/O
                         net (fo=5, routed)           0.832     2.629    AUTO_CAL/ave_data[9]
    SLICE_X51Y74         LUT2 (Prop_lut2_I0_O)        0.124     2.753 r  AUTO_CAL/display_code[11]_INST_0_i_4/O
                         net (fo=1, routed)           0.000     2.753    AUTO_CAL/display_code[11]_INST_0_i_4_n_0
    SLICE_X51Y74         CARRY4 (Prop_carry4_S[1]_CO[3])
                                                      0.550     3.303 r  AUTO_CAL/display_code[11]_INST_0_i_1/CO[3]
                         net (fo=1, routed)           0.009     3.312    AUTO_CAL/display_code[11]_INST_0_i_1_n_0
    SLICE_X51Y75         CARRY4 (Prop_carry4_CI_CO[3])
                                                      0.114     3.426 r  AUTO_CAL/display_code[15]_INST_0_i_1/CO[3]
                         net (fo=1, routed)           0.000     3.426    AUTO_CAL/display_code[15]_INST_0_i_1_n_0
    SLICE_X51Y76         CARRY4 (Prop_carry4_CI_O[0])
                                                      0.222     3.648 r  AUTO_CAL/display_code[15]_INST_0_i_2/O[0]
                         net (fo=16, routed)          1.684     5.332    AUTO_CAL/sum[16]
    SLICE_X62Y74         LUT4 (Prop_lut4_I1_O)        0.299     5.631 f  AUTO_CAL/display_code[11]_INST_0/O
                         net (fo=1, routed)           0.484     6.115    MUX4/in3[11]
    SLICE_X62Y74         LUT6 (Prop_lut6_I2_O)        0.124     6.239 f  MUX4/mux_out[11]_INST_0/O
                         net (fo=1, routed)           0.805     7.043    SEVEN_SEGMENT_DISPLAY/DIGIT_MUX/min_dig1[3]
    SLICE_X61Y74         LUT6 (Prop_lut6_I3_O)        0.124     7.167 f  SEVEN_SEGMENT_DISPLAY/DIGIT_MUX/time_digit[3]_INST_0_i_1/O
                         net (fo=1, routed)           1.300     8.467    SEVEN_SEGMENT_DISPLAY/DIGIT_MUX/time_digit[3]_INST_0_i_1_n_0
    SLICE_X61Y69         LUT6 (Prop_lut6_I5_O)        0.124     8.591 f  SEVEN_SEGMENT_DISPLAY/DIGIT_MUX/time_digit[3]_INST_0/O
                         net (fo=7, routed)           1.620    10.212    SEVEN_SEGMENT_DISPLAY/SEG_DECODER/data[3]
    SLICE_X64Y53         LUT4 (Prop_lut4_I0_O)        0.153    10.365 r  SEVEN_SEGMENT_DISPLAY/SEG_DECODER/CA_INST_0/O
                         net (fo=1, routed)           2.707    13.072    CA_OBUF
    W7                   OBUF (Prop_obuf_I_O)         3.718    16.790 r  CA_OBUF_inst/O
                         net (fo=0)                   0.000    16.790    CA
    W7                                                                r  CA (OUT)
  -------------------------------------------------------------------    -------------------

Slack:                    inf
  Source:                 INPUT_SYNC/out2_reg[0]/C
                            (rising edge-triggered cell FDRE clocked by clk_out1_clk_wiz_0  {rise@0.000ns fall@5.000ns period=10.000ns})
  Destination:            CE
                            (output port)
  Path Group:             (none)
  Path Type:              Max at Slow Process Corner
  Data Path Delay:        19.178ns  (logic 5.967ns (31.113%)  route 13.211ns (68.887%))
  Logic Levels:           11  (CARRY4=3 LUT2=1 LUT4=3 LUT6=3 OBUF=1)
  Clock Uncertainty:      0.179ns  ((TSJ^2 + DJ^2)^1/2) / 2 + PE
    Total System Jitter     (TSJ):    0.050ns
    Discrete Jitter          (DJ):    0.138ns
    Phase Error              (PE):    0.105ns

    Location             Delay type                Incr(ns)  Path(ns)    Netlist Resource(s)
  -------------------------------------------------------------------    -------------------
                         (clock clk_out1_clk_wiz_0 rise edge)
                                                      0.000     0.000 r  
    W5                                                0.000     0.000 r  clk_in (IN)
                         net (fo=0)                   0.000     0.000    u_clk_wiz/inst/clk_in1
    W5                   IBUF (Prop_ibuf_I_O)         1.458     1.458 r  u_clk_wiz/inst/clkin1_ibufg/O
                         net (fo=1, routed)           1.253     2.711    u_clk_wiz/inst/clk_in1_clk_wiz_0
    PLLE2_ADV_X1Y0       PLLE2_ADV (Prop_plle2_adv_CLKIN1_CLKOUT0)
                                                     -8.482    -5.770 r  u_clk_wiz/inst/plle2_adv_inst/CLKOUT0
                         net (fo=1, routed)           1.655    -4.115    u_clk_wiz/inst/clk_out1_clk_wiz_0
    BUFGCTRL_X0Y0        BUFG (Prop_bufg_I_O)         0.096    -4.019 r  u_clk_wiz/inst/clkout1_buf/O
                         net (fo=1596, routed)        1.624    -2.395    INPUT_SYNC/clk
    SLICE_X64Y60         FDRE                                         r  INPUT_SYNC/out2_reg[0]/C
  -------------------------------------------------------------------    -------------------
    SLICE_X64Y60         FDRE (Prop_fdre_C_Q)         0.518    -1.877 r  INPUT_SYNC/out2_reg[0]/Q
                         net (fo=54, routed)          3.550     1.673    AVE_DATA_EN/mode_select[0]
    SLICE_X53Y74         LUT4 (Prop_lut4_I1_O)        0.124     1.797 r  AVE_DATA_EN/data[9]_INST_0/O
                         net (fo=5, routed)           0.832     2.629    AUTO_CAL/ave_data[9]
    SLICE_X51Y74         LUT2 (Prop_lut2_I0_O)        0.124     2.753 r  AUTO_CAL/display_code[11]_INST_0_i_4/O
                         net (fo=1, routed)           0.000     2.753    AUTO_CAL/display_code[11]_INST_0_i_4_n_0
    SLICE_X51Y74         CARRY4 (Prop_carry4_S[1]_CO[3])
                                                      0.550     3.303 r  AUTO_CAL/display_code[11]_INST_0_i_1/CO[3]
                         net (fo=1, routed)           0.009     3.312    AUTO_CAL/display_code[11]_INST_0_i_1_n_0
    SLICE_X51Y75         CARRY4 (Prop_carry4_CI_CO[3])
                                                      0.114     3.426 r  AUTO_CAL/display_code[15]_INST_0_i_1/CO[3]
                         net (fo=1, routed)           0.000     3.426    AUTO_CAL/display_code[15]_INST_0_i_1_n_0
    SLICE_X51Y76         CARRY4 (Prop_carry4_CI_O[0])
                                                      0.222     3.648 r  AUTO_CAL/display_code[15]_INST_0_i_2/O[0]
                         net (fo=16, routed)          1.684     5.332    AUTO_CAL/sum[16]
    SLICE_X62Y74         LUT4 (Prop_lut4_I1_O)        0.299     5.631 f  AUTO_CAL/display_code[11]_INST_0/O
                         net (fo=1, routed)           0.484     6.115    MUX4/in3[11]
    SLICE_X62Y74         LUT6 (Prop_lut6_I2_O)        0.124     6.239 f  MUX4/mux_out[11]_INST_0/O
                         net (fo=1, routed)           0.805     7.043    SEVEN_SEGMENT_DISPLAY/DIGIT_MUX/min_dig1[3]
    SLICE_X61Y74         LUT6 (Prop_lut6_I3_O)        0.124     7.167 f  SEVEN_SEGMENT_DISPLAY/DIGIT_MUX/time_digit[3]_INST_0_i_1/O
                         net (fo=1, routed)           1.300     8.467    SEVEN_SEGMENT_DISPLAY/DIGIT_MUX/time_digit[3]_INST_0_i_1_n_0
    SLICE_X61Y69         LUT6 (Prop_lut6_I5_O)        0.124     8.591 f  SEVEN_SEGMENT_DISPLAY/DIGIT_MUX/time_digit[3]_INST_0/O
                         net (fo=7, routed)           1.634    10.226    SEVEN_SEGMENT_DISPLAY/SEG_DECODER/data[3]
    SLICE_X64Y53         LUT4 (Prop_lut4_I3_O)        0.124    10.350 r  SEVEN_SEGMENT_DISPLAY/SEG_DECODER/CE_INST_0/O
                         net (fo=1, routed)           2.914    13.263    CE_OBUF
    U5                   OBUF (Prop_obuf_I_O)         3.520    16.783 r  CE_OBUF_inst/O
                         net (fo=0)                   0.000    16.783    CE
    U5                                                                r  CE (OUT)
  -------------------------------------------------------------------    -------------------

Slack:                    inf
  Source:                 INPUT_SYNC/out2_reg[0]/C
                            (rising edge-triggered cell FDRE clocked by clk_out1_clk_wiz_0  {rise@0.000ns fall@5.000ns period=10.000ns})
  Destination:            CC
                            (output port)
  Path Group:             (none)
  Path Type:              Max at Slow Process Corner
  Data Path Delay:        19.168ns  (logic 6.208ns (32.388%)  route 12.960ns (67.612%))
  Logic Levels:           11  (CARRY4=3 LUT2=1 LUT4=3 LUT6=3 OBUF=1)
  Clock Uncertainty:      0.179ns  ((TSJ^2 + DJ^2)^1/2) / 2 + PE
    Total System Jitter     (TSJ):    0.050ns
    Discrete Jitter          (DJ):    0.138ns
    Phase Error              (PE):    0.105ns

    Location             Delay type                Incr(ns)  Path(ns)    Netlist Resource(s)
  -------------------------------------------------------------------    -------------------
                         (clock clk_out1_clk_wiz_0 rise edge)
                                                      0.000     0.000 r  
    W5                                                0.000     0.000 r  clk_in (IN)
                         net (fo=0)                   0.000     0.000    u_clk_wiz/inst/clk_in1
    W5                   IBUF (Prop_ibuf_I_O)         1.458     1.458 r  u_clk_wiz/inst/clkin1_ibufg/O
                         net (fo=1, routed)           1.253     2.711    u_clk_wiz/inst/clk_in1_clk_wiz_0
    PLLE2_ADV_X1Y0       PLLE2_ADV (Prop_plle2_adv_CLKIN1_CLKOUT0)
                                                     -8.482    -5.770 r  u_clk_wiz/inst/plle2_adv_inst/CLKOUT0
                         net (fo=1, routed)           1.655    -4.115    u_clk_wiz/inst/clk_out1_clk_wiz_0
    BUFGCTRL_X0Y0        BUFG (Prop_bufg_I_O)         0.096    -4.019 r  u_clk_wiz/inst/clkout1_buf/O
                         net (fo=1596, routed)        1.624    -2.395    INPUT_SYNC/clk
    SLICE_X64Y60         FDRE                                         r  INPUT_SYNC/out2_reg[0]/C
  -------------------------------------------------------------------    -------------------
    SLICE_X64Y60         FDRE (Prop_fdre_C_Q)         0.518    -1.877 r  INPUT_SYNC/out2_reg[0]/Q
                         net (fo=54, routed)          3.550     1.673    AVE_DATA_EN/mode_select[0]
    SLICE_X53Y74         LUT4 (Prop_lut4_I1_O)        0.124     1.797 r  AVE_DATA_EN/data[9]_INST_0/O
                         net (fo=5, routed)           0.832     2.629    AUTO_CAL/ave_data[9]
    SLICE_X51Y74         LUT2 (Prop_lut2_I0_O)        0.124     2.753 r  AUTO_CAL/display_code[11]_INST_0_i_4/O
                         net (fo=1, routed)           0.000     2.753    AUTO_CAL/display_code[11]_INST_0_i_4_n_0
    SLICE_X51Y74         CARRY4 (Prop_carry4_S[1]_CO[3])
                                                      0.550     3.303 r  AUTO_CAL/display_code[11]_INST_0_i_1/CO[3]
                         net (fo=1, routed)           0.009     3.312    AUTO_CAL/display_code[11]_INST_0_i_1_n_0
    SLICE_X51Y75         CARRY4 (Prop_carry4_CI_CO[3])
                                                      0.114     3.426 r  AUTO_CAL/display_code[15]_INST_0_i_1/CO[3]
                         net (fo=1, routed)           0.000     3.426    AUTO_CAL/display_code[15]_INST_0_i_1_n_0
    SLICE_X51Y76         CARRY4 (Prop_carry4_CI_O[0])
                                                      0.222     3.648 f  AUTO_CAL/display_code[15]_INST_0_i_2/O[0]
                         net (fo=16, routed)          1.684     5.332    AUTO_CAL/sum[16]
    SLICE_X62Y74         LUT4 (Prop_lut4_I1_O)        0.299     5.631 r  AUTO_CAL/display_code[11]_INST_0/O
                         net (fo=1, routed)           0.484     6.115    MUX4/in3[11]
    SLICE_X62Y74         LUT6 (Prop_lut6_I2_O)        0.124     6.239 r  MUX4/mux_out[11]_INST_0/O
                         net (fo=1, routed)           0.805     7.043    SEVEN_SEGMENT_DISPLAY/DIGIT_MUX/min_dig1[3]
    SLICE_X61Y74         LUT6 (Prop_lut6_I3_O)        0.124     7.167 r  SEVEN_SEGMENT_DISPLAY/DIGIT_MUX/time_digit[3]_INST_0_i_1/O
                         net (fo=1, routed)           1.300     8.467    SEVEN_SEGMENT_DISPLAY/DIGIT_MUX/time_digit[3]_INST_0_i_1_n_0
    SLICE_X61Y69         LUT6 (Prop_lut6_I5_O)        0.124     8.591 r  SEVEN_SEGMENT_DISPLAY/DIGIT_MUX/time_digit[3]_INST_0/O
                         net (fo=7, routed)           1.425    10.017    SEVEN_SEGMENT_DISPLAY/SEG_DECODER/data[3]
    SLICE_X64Y53         LUT4 (Prop_lut4_I3_O)        0.146    10.163 r  SEVEN_SEGMENT_DISPLAY/SEG_DECODER/CC_INST_0/O
                         net (fo=1, routed)           2.871    13.034    CC_OBUF
    U8                   OBUF (Prop_obuf_I_O)         3.739    16.773 r  CC_OBUF_inst/O
                         net (fo=0)                   0.000    16.773    CC
    U8                                                                r  CC (OUT)
  -------------------------------------------------------------------    -------------------

Slack:                    inf
  Source:                 INPUT_SYNC/out2_reg[0]/C
                            (rising edge-triggered cell FDRE clocked by clk_out1_clk_wiz_0  {rise@0.000ns fall@5.000ns period=10.000ns})
  Destination:            CF
                            (output port)
  Path Group:             (none)
  Path Type:              Max at Slow Process Corner
  Data Path Delay:        19.155ns  (logic 5.951ns (31.070%)  route 13.204ns (68.930%))
  Logic Levels:           11  (CARRY4=3 LUT2=1 LUT4=3 LUT6=3 OBUF=1)
  Clock Uncertainty:      0.179ns  ((TSJ^2 + DJ^2)^1/2) / 2 + PE
    Total System Jitter     (TSJ):    0.050ns
    Discrete Jitter          (DJ):    0.138ns
    Phase Error              (PE):    0.105ns

    Location             Delay type                Incr(ns)  Path(ns)    Netlist Resource(s)
  -------------------------------------------------------------------    -------------------
                         (clock clk_out1_clk_wiz_0 rise edge)
                                                      0.000     0.000 r  
    W5                                                0.000     0.000 r  clk_in (IN)
                         net (fo=0)                   0.000     0.000    u_clk_wiz/inst/clk_in1
    W5                   IBUF (Prop_ibuf_I_O)         1.458     1.458 r  u_clk_wiz/inst/clkin1_ibufg/O
                         net (fo=1, routed)           1.253     2.711    u_clk_wiz/inst/clk_in1_clk_wiz_0
    PLLE2_ADV_X1Y0       PLLE2_ADV (Prop_plle2_adv_CLKIN1_CLKOUT0)
                                                     -8.482    -5.770 r  u_clk_wiz/inst/plle2_adv_inst/CLKOUT0
                         net (fo=1, routed)           1.655    -4.115    u_clk_wiz/inst/clk_out1_clk_wiz_0
    BUFGCTRL_X0Y0        BUFG (Prop_bufg_I_O)         0.096    -4.019 r  u_clk_wiz/inst/clkout1_buf/O
                         net (fo=1596, routed)        1.624    -2.395    INPUT_SYNC/clk
    SLICE_X64Y60         FDRE                                         r  INPUT_SYNC/out2_reg[0]/C
  -------------------------------------------------------------------    -------------------
    SLICE_X64Y60         FDRE (Prop_fdre_C_Q)         0.518    -1.877 r  INPUT_SYNC/out2_reg[0]/Q
                         net (fo=54, routed)          3.550     1.673    AVE_DATA_EN/mode_select[0]
    SLICE_X53Y74         LUT4 (Prop_lut4_I1_O)        0.124     1.797 r  AVE_DATA_EN/data[9]_INST_0/O
                         net (fo=5, routed)           0.832     2.629    AUTO_CAL/ave_data[9]
    SLICE_X51Y74         LUT2 (Prop_lut2_I0_O)        0.124     2.753 r  AUTO_CAL/display_code[11]_INST_0_i_4/O
                         net (fo=1, routed)           0.000     2.753    AUTO_CAL/display_code[11]_INST_0_i_4_n_0
    SLICE_X51Y74         CARRY4 (Prop_carry4_S[1]_CO[3])
                                                      0.550     3.303 r  AUTO_CAL/display_code[11]_INST_0_i_1/CO[3]
                         net (fo=1, routed)           0.009     3.312    AUTO_CAL/display_code[11]_INST_0_i_1_n_0
    SLICE_X51Y75         CARRY4 (Prop_carry4_CI_CO[3])
                                                      0.114     3.426 r  AUTO_CAL/display_code[15]_INST_0_i_1/CO[3]
                         net (fo=1, routed)           0.000     3.426    AUTO_CAL/display_code[15]_INST_0_i_1_n_0
    SLICE_X51Y76         CARRY4 (Prop_carry4_CI_O[0])
                                                      0.222     3.648 r  AUTO_CAL/display_code[15]_INST_0_i_2/O[0]
                         net (fo=16, routed)          1.684     5.332    AUTO_CAL/sum[16]
    SLICE_X62Y74         LUT4 (Prop_lut4_I1_O)        0.299     5.631 f  AUTO_CAL/display_code[11]_INST_0/O
                         net (fo=1, routed)           0.484     6.115    MUX4/in3[11]
    SLICE_X62Y74         LUT6 (Prop_lut6_I2_O)        0.124     6.239 f  MUX4/mux_out[11]_INST_0/O
                         net (fo=1, routed)           0.805     7.043    SEVEN_SEGMENT_DISPLAY/DIGIT_MUX/min_dig1[3]
    SLICE_X61Y74         LUT6 (Prop_lut6_I3_O)        0.124     7.167 f  SEVEN_SEGMENT_DISPLAY/DIGIT_MUX/time_digit[3]_INST_0_i_1/O
                         net (fo=1, routed)           1.300     8.467    SEVEN_SEGMENT_DISPLAY/DIGIT_MUX/time_digit[3]_INST_0_i_1_n_0
    SLICE_X61Y69         LUT6 (Prop_lut6_I5_O)        0.124     8.591 f  SEVEN_SEGMENT_DISPLAY/DIGIT_MUX/time_digit[3]_INST_0/O
                         net (fo=7, routed)           1.620    10.212    SEVEN_SEGMENT_DISPLAY/SEG_DECODER/data[3]
    SLICE_X64Y53         LUT4 (Prop_lut4_I0_O)        0.124    10.336 r  SEVEN_SEGMENT_DISPLAY/SEG_DECODER/CF_INST_0/O
                         net (fo=1, routed)           2.920    13.256    CF_OBUF
    V5                   OBUF (Prop_obuf_I_O)         3.504    16.760 r  CF_OBUF_inst/O
                         net (fo=0)                   0.000    16.760    CF
    V5                                                                r  CF (OUT)
  -------------------------------------------------------------------    -------------------

Slack:                    inf
  Source:                 INPUT_SYNC/out2_reg[0]/C
                            (rising edge-triggered cell FDRE clocked by clk_out1_clk_wiz_0  {rise@0.000ns fall@5.000ns period=10.000ns})
  Destination:            CB
                            (output port)
  Path Group:             (none)
  Path Type:              Max at Slow Process Corner
  Data Path Delay:        18.785ns  (logic 5.976ns (31.813%)  route 12.809ns (68.187%))
  Logic Levels:           11  (CARRY4=3 LUT2=1 LUT4=3 LUT6=3 OBUF=1)
  Clock Uncertainty:      0.179ns  ((TSJ^2 + DJ^2)^1/2) / 2 + PE
    Total System Jitter     (TSJ):    0.050ns
    Discrete Jitter          (DJ):    0.138ns
    Phase Error              (PE):    0.105ns

    Location             Delay type                Incr(ns)  Path(ns)    Netlist Resource(s)
  -------------------------------------------------------------------    -------------------
                         (clock clk_out1_clk_wiz_0 rise edge)
                                                      0.000     0.000 r  
    W5                                                0.000     0.000 r  clk_in (IN)
                         net (fo=0)                   0.000     0.000    u_clk_wiz/inst/clk_in1
    W5                   IBUF (Prop_ibuf_I_O)         1.458     1.458 r  u_clk_wiz/inst/clkin1_ibufg/O
                         net (fo=1, routed)           1.253     2.711    u_clk_wiz/inst/clk_in1_clk_wiz_0
    PLLE2_ADV_X1Y0       PLLE2_ADV (Prop_plle2_adv_CLKIN1_CLKOUT0)
                                                     -8.482    -5.770 r  u_clk_wiz/inst/plle2_adv_inst/CLKOUT0
                         net (fo=1, routed)           1.655    -4.115    u_clk_wiz/inst/clk_out1_clk_wiz_0
    BUFGCTRL_X0Y0        BUFG (Prop_bufg_I_O)         0.096    -4.019 r  u_clk_wiz/inst/clkout1_buf/O
                         net (fo=1596, routed)        1.624    -2.395    INPUT_SYNC/clk
    SLICE_X64Y60         FDRE                                         r  INPUT_SYNC/out2_reg[0]/C
  -------------------------------------------------------------------    -------------------
    SLICE_X64Y60         FDRE (Prop_fdre_C_Q)         0.518    -1.877 r  INPUT_SYNC/out2_reg[0]/Q
                         net (fo=54, routed)          3.550     1.673    AVE_DATA_EN/mode_select[0]
    SLICE_X53Y74         LUT4 (Prop_lut4_I1_O)        0.124     1.797 r  AVE_DATA_EN/data[9]_INST_0/O
                         net (fo=5, routed)           0.832     2.629    AUTO_CAL/ave_data[9]
    SLICE_X51Y74         LUT2 (Prop_lut2_I0_O)        0.124     2.753 r  AUTO_CAL/display_code[11]_INST_0_i_4/O
                         net (fo=1, routed)           0.000     2.753    AUTO_CAL/display_code[11]_INST_0_i_4_n_0
    SLICE_X51Y74         CARRY4 (Prop_carry4_S[1]_CO[3])
                                                      0.550     3.303 r  AUTO_CAL/display_code[11]_INST_0_i_1/CO[3]
                         net (fo=1, routed)           0.009     3.312    AUTO_CAL/display_code[11]_INST_0_i_1_n_0
    SLICE_X51Y75         CARRY4 (Prop_carry4_CI_CO[3])
                                                      0.114     3.426 r  AUTO_CAL/display_code[15]_INST_0_i_1/CO[3]
                         net (fo=1, routed)           0.000     3.426    AUTO_CAL/display_code[15]_INST_0_i_1_n_0
    SLICE_X51Y76         CARRY4 (Prop_carry4_CI_O[0])
                                                      0.222     3.648 f  AUTO_CAL/display_code[15]_INST_0_i_2/O[0]
                         net (fo=16, routed)          1.684     5.332    AUTO_CAL/sum[16]
    SLICE_X62Y74         LUT4 (Prop_lut4_I1_O)        0.299     5.631 r  AUTO_CAL/display_code[11]_INST_0/O
                         net (fo=1, routed)           0.484     6.115    MUX4/in3[11]
    SLICE_X62Y74         LUT6 (Prop_lut6_I2_O)        0.124     6.239 r  MUX4/mux_out[11]_INST_0/O
                         net (fo=1, routed)           0.805     7.043    SEVEN_SEGMENT_DISPLAY/DIGIT_MUX/min_dig1[3]
    SLICE_X61Y74         LUT6 (Prop_lut6_I3_O)        0.124     7.167 r  SEVEN_SEGMENT_DISPLAY/DIGIT_MUX/time_digit[3]_INST_0_i_1/O
                         net (fo=1, routed)           1.300     8.467    SEVEN_SEGMENT_DISPLAY/DIGIT_MUX/time_digit[3]_INST_0_i_1_n_0
    SLICE_X61Y69         LUT6 (Prop_lut6_I5_O)        0.124     8.591 r  SEVEN_SEGMENT_DISPLAY/DIGIT_MUX/time_digit[3]_INST_0/O
                         net (fo=7, routed)           1.425    10.017    SEVEN_SEGMENT_DISPLAY/SEG_DECODER/data[3]
    SLICE_X64Y53         LUT4 (Prop_lut4_I3_O)        0.124    10.141 r  SEVEN_SEGMENT_DISPLAY/SEG_DECODER/CB_INST_0/O
                         net (fo=1, routed)           2.720    12.861    CB_OBUF
    W6                   OBUF (Prop_obuf_I_O)         3.529    16.390 r  CB_OBUF_inst/O
                         net (fo=0)                   0.000    16.390    CB
    W6                                                                r  CB (OUT)
  -------------------------------------------------------------------    -------------------

Slack:                    inf
  Source:                 INPUT_SYNC/out2_reg[0]/C
                            (rising edge-triggered cell FDRE clocked by clk_out1_clk_wiz_0  {rise@0.000ns fall@5.000ns period=10.000ns})
  Destination:            CD
                            (output port)
  Path Group:             (none)
  Path Type:              Max at Slow Process Corner
  Data Path Delay:        18.654ns  (logic 5.983ns (32.071%)  route 12.672ns (67.929%))
  Logic Levels:           11  (CARRY4=3 LUT2=1 LUT4=3 LUT6=3 OBUF=1)
  Clock Uncertainty:      0.179ns  ((TSJ^2 + DJ^2)^1/2) / 2 + PE
    Total System Jitter     (TSJ):    0.050ns
    Discrete Jitter          (DJ):    0.138ns
    Phase Error              (PE):    0.105ns

    Location             Delay type                Incr(ns)  Path(ns)    Netlist Resource(s)
  -------------------------------------------------------------------    -------------------
                         (clock clk_out1_clk_wiz_0 rise edge)
                                                      0.000     0.000 r  
    W5                                                0.000     0.000 r  clk_in (IN)
                         net (fo=0)                   0.000     0.000    u_clk_wiz/inst/clk_in1
    W5                   IBUF (Prop_ibuf_I_O)         1.458     1.458 r  u_clk_wiz/inst/clkin1_ibufg/O
                         net (fo=1, routed)           1.253     2.711    u_clk_wiz/inst/clk_in1_clk_wiz_0
    PLLE2_ADV_X1Y0       PLLE2_ADV (Prop_plle2_adv_CLKIN1_CLKOUT0)
                                                     -8.482    -5.770 r  u_clk_wiz/inst/plle2_adv_inst/CLKOUT0
                         net (fo=1, routed)           1.655    -4.115    u_clk_wiz/inst/clk_out1_clk_wiz_0
    BUFGCTRL_X0Y0        BUFG (Prop_bufg_I_O)         0.096    -4.019 r  u_clk_wiz/inst/clkout1_buf/O
                         net (fo=1596, routed)        1.624    -2.395    INPUT_SYNC/clk
    SLICE_X64Y60         FDRE                                         r  INPUT_SYNC/out2_reg[0]/C
  -------------------------------------------------------------------    -------------------
    SLICE_X64Y60         FDRE (Prop_fdre_C_Q)         0.518    -1.877 r  INPUT_SYNC/out2_reg[0]/Q
                         net (fo=54, routed)          3.550     1.673    AVE_DATA_EN/mode_select[0]
    SLICE_X53Y74         LUT4 (Prop_lut4_I1_O)        0.124     1.797 r  AVE_DATA_EN/data[9]_INST_0/O
                         net (fo=5, routed)           0.832     2.629    AUTO_CAL/ave_data[9]
    SLICE_X51Y74         LUT2 (Prop_lut2_I0_O)        0.124     2.753 r  AUTO_CAL/display_code[11]_INST_0_i_4/O
                         net (fo=1, routed)           0.000     2.753    AUTO_CAL/display_code[11]_INST_0_i_4_n_0
    SLICE_X51Y74         CARRY4 (Prop_carry4_S[1]_CO[3])
                                                      0.550     3.303 r  AUTO_CAL/display_code[11]_INST_0_i_1/CO[3]
                         net (fo=1, routed)           0.009     3.312    AUTO_CAL/display_code[11]_INST_0_i_1_n_0
    SLICE_X51Y75         CARRY4 (Prop_carry4_CI_CO[3])
                                                      0.114     3.426 r  AUTO_CAL/display_code[15]_INST_0_i_1/CO[3]
                         net (fo=1, routed)           0.000     3.426    AUTO_CAL/display_code[15]_INST_0_i_1_n_0
    SLICE_X51Y76         CARRY4 (Prop_carry4_CI_O[0])
                                                      0.222     3.648 f  AUTO_CAL/display_code[15]_INST_0_i_2/O[0]
                         net (fo=16, routed)          1.684     5.332    AUTO_CAL/sum[16]
    SLICE_X62Y74         LUT4 (Prop_lut4_I1_O)        0.299     5.631 r  AUTO_CAL/display_code[11]_INST_0/O
                         net (fo=1, routed)           0.484     6.115    MUX4/in3[11]
    SLICE_X62Y74         LUT6 (Prop_lut6_I2_O)        0.124     6.239 r  MUX4/mux_out[11]_INST_0/O
                         net (fo=1, routed)           0.805     7.043    SEVEN_SEGMENT_DISPLAY/DIGIT_MUX/min_dig1[3]
    SLICE_X61Y74         LUT6 (Prop_lut6_I3_O)        0.124     7.167 r  SEVEN_SEGMENT_DISPLAY/DIGIT_MUX/time_digit[3]_INST_0_i_1/O
                         net (fo=1, routed)           1.300     8.467    SEVEN_SEGMENT_DISPLAY/DIGIT_MUX/time_digit[3]_INST_0_i_1_n_0
    SLICE_X61Y69         LUT6 (Prop_lut6_I5_O)        0.124     8.591 r  SEVEN_SEGMENT_DISPLAY/DIGIT_MUX/time_digit[3]_INST_0/O
                         net (fo=7, routed)           1.283     9.875    SEVEN_SEGMENT_DISPLAY/SEG_DECODER/data[3]
    SLICE_X64Y53         LUT4 (Prop_lut4_I3_O)        0.124     9.999 r  SEVEN_SEGMENT_DISPLAY/SEG_DECODER/CD_INST_0/O
                         net (fo=1, routed)           2.725    12.724    CD_OBUF
    V8                   OBUF (Prop_obuf_I_O)         3.536    16.259 r  CD_OBUF_inst/O
                         net (fo=0)                   0.000    16.259    CD
    V8                                                                r  CD (OUT)
  -------------------------------------------------------------------    -------------------

Slack:                    inf
  Source:                 XADC_INST/inst/DCLK
                            (rising edge-triggered cell XADC clocked by clk_out1_clk_wiz_0  {rise@0.000ns fall@5.000ns period=10.000ns})
  Destination:            led[0]
                            (output port)
  Path Group:             (none)
  Path Type:              Max at Slow Process Corner
  Data Path Delay:        12.867ns  (logic 4.843ns (37.636%)  route 8.025ns (62.364%))
  Logic Levels:           2  (LUT6=1 OBUF=1)
  Clock Uncertainty:      0.179ns  ((TSJ^2 + DJ^2)^1/2) / 2 + PE
    Total System Jitter     (TSJ):    0.050ns
    Discrete Jitter          (DJ):    0.138ns
    Phase Error              (PE):    0.105ns

    Location             Delay type                Incr(ns)  Path(ns)    Netlist Resource(s)
  -------------------------------------------------------------------    -------------------
                         (clock clk_out1_clk_wiz_0 rise edge)
                                                      0.000     0.000 r  
    W5                                                0.000     0.000 r  clk_in (IN)
                         net (fo=0)                   0.000     0.000    u_clk_wiz/inst/clk_in1
    W5                   IBUF (Prop_ibuf_I_O)         1.458     1.458 r  u_clk_wiz/inst/clkin1_ibufg/O
                         net (fo=1, routed)           1.253     2.711    u_clk_wiz/inst/clk_in1_clk_wiz_0
    PLLE2_ADV_X1Y0       PLLE2_ADV (Prop_plle2_adv_CLKIN1_CLKOUT0)
                                                     -8.482    -5.770 r  u_clk_wiz/inst/plle2_adv_inst/CLKOUT0
                         net (fo=1, routed)           1.655    -4.115    u_clk_wiz/inst/clk_out1_clk_wiz_0
    BUFGCTRL_X0Y0        BUFG (Prop_bufg_I_O)         0.096    -4.019 r  u_clk_wiz/inst/clkout1_buf/O
                         net (fo=1596, routed)        1.534    -2.485    XADC_INST/dclk_in
    XADC_X0Y0            XADC                                         r  XADC_INST/inst/DCLK
  -------------------------------------------------------------------    -------------------
    XADC_X0Y0            XADC (Prop_xadc_DCLK_DO[0])
                                                      1.214    -1.271 r  XADC_INST/inst/DO[0]
                         net (fo=5, routed)           2.580     1.309    MUX_RAW_DATA_EN/xadc_data[0]
    SLICE_X61Y66         LUT6 (Prop_lut6_I2_O)        0.124     1.433 r  MUX_RAW_DATA_EN/data[0]_INST_0/O
                         net (fo=2, routed)           5.445     6.878    led_OBUF[0]
    U16                  OBUF (Prop_obuf_I_O)         3.505    10.383 r  led_OBUF[0]_inst/O
                         net (fo=0)                   0.000    10.383    led[0]
    U16                                                               r  led[0] (OUT)
  -------------------------------------------------------------------    -------------------

Slack:                    inf
  Source:                 XADC_INST/inst/DCLK
                            (rising edge-triggered cell XADC clocked by clk_out1_clk_wiz_0  {rise@0.000ns fall@5.000ns period=10.000ns})
  Destination:            led[7]
                            (output port)
  Path Group:             (none)
  Path Type:              Max at Slow Process Corner
  Data Path Delay:        12.679ns  (logic 4.839ns (38.164%)  route 7.840ns (61.836%))
  Logic Levels:           2  (LUT6=1 OBUF=1)
  Clock Uncertainty:      0.179ns  ((TSJ^2 + DJ^2)^1/2) / 2 + PE
    Total System Jitter     (TSJ):    0.050ns
    Discrete Jitter          (DJ):    0.138ns
    Phase Error              (PE):    0.105ns

    Location             Delay type                Incr(ns)  Path(ns)    Netlist Resource(s)
  -------------------------------------------------------------------    -------------------
                         (clock clk_out1_clk_wiz_0 rise edge)
                                                      0.000     0.000 r  
    W5                                                0.000     0.000 r  clk_in (IN)
                         net (fo=0)                   0.000     0.000    u_clk_wiz/inst/clk_in1
    W5                   IBUF (Prop_ibuf_I_O)         1.458     1.458 r  u_clk_wiz/inst/clkin1_ibufg/O
                         net (fo=1, routed)           1.253     2.711    u_clk_wiz/inst/clk_in1_clk_wiz_0
    PLLE2_ADV_X1Y0       PLLE2_ADV (Prop_plle2_adv_CLKIN1_CLKOUT0)
                                                     -8.482    -5.770 r  u_clk_wiz/inst/plle2_adv_inst/CLKOUT0
                         net (fo=1, routed)           1.655    -4.115    u_clk_wiz/inst/clk_out1_clk_wiz_0
    BUFGCTRL_X0Y0        BUFG (Prop_bufg_I_O)         0.096    -4.019 r  u_clk_wiz/inst/clkout1_buf/O
                         net (fo=1596, routed)        1.534    -2.485    XADC_INST/dclk_in
    XADC_X0Y0            XADC                                         r  XADC_INST/inst/DCLK
  -------------------------------------------------------------------    -------------------
    XADC_X0Y0            XADC (Prop_xadc_DCLK_DO[7])
                                                      1.214    -1.271 r  XADC_INST/inst/DO[7]
                         net (fo=4, routed)           2.448     1.177    MUX_RAW_DATA_EN/xadc_data[7]
    SLICE_X57Y70         LUT6 (Prop_lut6_I2_O)        0.124     1.301 r  MUX_RAW_DATA_EN/data[7]_INST_0/O
                         net (fo=2, routed)           5.392     6.693    led_OBUF[7]
    V14                  OBUF (Prop_obuf_I_O)         3.501    10.194 r  led_OBUF[7]_inst/O
                         net (fo=0)                   0.000    10.194    led[7]
    V14                                                               r  led[7] (OUT)
  -------------------------------------------------------------------    -------------------

Slack:                    inf
  Source:                 XADC_INST/inst/DCLK
                            (rising edge-triggered cell XADC clocked by clk_out1_clk_wiz_0  {rise@0.000ns fall@5.000ns period=10.000ns})
  Destination:            led[4]
                            (output port)
  Path Group:             (none)
  Path Type:              Max at Slow Process Corner
  Data Path Delay:        12.552ns  (logic 4.847ns (38.613%)  route 7.705ns (61.387%))
  Logic Levels:           2  (LUT6=1 OBUF=1)
  Clock Uncertainty:      0.179ns  ((TSJ^2 + DJ^2)^1/2) / 2 + PE
    Total System Jitter     (TSJ):    0.050ns
    Discrete Jitter          (DJ):    0.138ns
    Phase Error              (PE):    0.105ns

    Location             Delay type                Incr(ns)  Path(ns)    Netlist Resource(s)
  -------------------------------------------------------------------    -------------------
                         (clock clk_out1_clk_wiz_0 rise edge)
                                                      0.000     0.000 r  
    W5                                                0.000     0.000 r  clk_in (IN)
                         net (fo=0)                   0.000     0.000    u_clk_wiz/inst/clk_in1
    W5                   IBUF (Prop_ibuf_I_O)         1.458     1.458 r  u_clk_wiz/inst/clkin1_ibufg/O
                         net (fo=1, routed)           1.253     2.711    u_clk_wiz/inst/clk_in1_clk_wiz_0
    PLLE2_ADV_X1Y0       PLLE2_ADV (Prop_plle2_adv_CLKIN1_CLKOUT0)
                                                     -8.482    -5.770 r  u_clk_wiz/inst/plle2_adv_inst/CLKOUT0
                         net (fo=1, routed)           1.655    -4.115    u_clk_wiz/inst/clk_out1_clk_wiz_0
    BUFGCTRL_X0Y0        BUFG (Prop_bufg_I_O)         0.096    -4.019 r  u_clk_wiz/inst/clkout1_buf/O
                         net (fo=1596, routed)        1.534    -2.485    XADC_INST/dclk_in
    XADC_X0Y0            XADC                                         r  XADC_INST/inst/DCLK
  -------------------------------------------------------------------    -------------------
    XADC_X0Y0            XADC (Prop_xadc_DCLK_DO[4])
                                                      1.214    -1.271 r  XADC_INST/inst/DO[4]
                         net (fo=4, routed)           2.867     1.596    MUX_RAW_DATA_EN/xadc_data[4]
    SLICE_X58Y68         LUT6 (Prop_lut6_I2_O)        0.124     1.720 r  MUX_RAW_DATA_EN/data[4]_INST_0/O
                         net (fo=2, routed)           4.838     6.558    led_OBUF[4]
    W18                  OBUF (Prop_obuf_I_O)         3.509    10.067 r  led_OBUF[4]_inst/O
                         net (fo=0)                   0.000    10.067    led[4]
    W18                                                               r  led[4] (OUT)
  -------------------------------------------------------------------    -------------------





Min Delay Paths
--------------------------------------------------------------------------------------
Slack:                    inf
  Source:                 PWM_ADC_SUBSYSTEM/captured_duty_cycle_reg[13]/C
                            (rising edge-triggered cell FDRE clocked by clk_out1_clk_wiz_0  {rise@0.000ns fall@5.000ns period=10.000ns})
  Destination:            led[13]
                            (output port)
  Path Group:             (none)
  Path Type:              Min at Fast Process Corner
  Data Path Delay:        2.106ns  (logic 1.394ns (66.230%)  route 0.711ns (33.770%))
  Logic Levels:           2  (LUT4=1 OBUF=1)
  Clock Uncertainty:      0.179ns  ((TSJ^2 + DJ^2)^1/2) / 2 + PE
    Total System Jitter     (TSJ):    0.050ns
    Discrete Jitter          (DJ):    0.138ns
    Phase Error              (PE):    0.105ns

    Location             Delay type                Incr(ns)  Path(ns)    Netlist Resource(s)
  -------------------------------------------------------------------    -------------------
                         (clock clk_out1_clk_wiz_0 rise edge)
                                                      0.000     0.000 r  
    W5                                                0.000     0.000 r  clk_in (IN)
                         net (fo=0)                   0.000     0.000    u_clk_wiz/inst/clk_in1
    W5                   IBUF (Prop_ibuf_I_O)         0.226     0.226 r  u_clk_wiz/inst/clkin1_ibufg/O
                         net (fo=1, routed)           0.440     0.667    u_clk_wiz/inst/clk_in1_clk_wiz_0
    PLLE2_ADV_X1Y0       PLLE2_ADV (Prop_plle2_adv_CLKIN1_CLKOUT0)
                                                     -2.322    -1.656 r  u_clk_wiz/inst/plle2_adv_inst/CLKOUT0
                         net (fo=1, routed)           0.501    -1.155    u_clk_wiz/inst/clk_out1_clk_wiz_0
    BUFGCTRL_X0Y0        BUFG (Prop_bufg_I_O)         0.026    -1.129 r  u_clk_wiz/inst/clkout1_buf/O
                         net (fo=1596, routed)        0.580    -0.549    PWM_ADC_SUBSYSTEM/clk
    SLICE_X59Y73         FDRE                                         r  PWM_ADC_SUBSYSTEM/captured_duty_cycle_reg[13]/C
  -------------------------------------------------------------------    -------------------
    SLICE_X59Y73         FDRE (Prop_fdre_C_Q)         0.141    -0.408 r  PWM_ADC_SUBSYSTEM/captured_duty_cycle_reg[13]/Q
                         net (fo=4, routed)           0.323    -0.085    MUX_RAW_DATA_EN/captured_duty_cycle[13]
    SLICE_X59Y75         LUT4 (Prop_lut4_I0_O)        0.045    -0.040 r  MUX_RAW_DATA_EN/data[13]_INST_0/O
                         net (fo=2, routed)           0.388     0.348    led_OBUF[13]
    N3                   OBUF (Prop_obuf_I_O)         1.208     1.556 r  led_OBUF[13]_inst/O
                         net (fo=0)                   0.000     1.556    led[13]
    N3                                                                r  led[13] (OUT)
  -------------------------------------------------------------------    -------------------

Slack:                    inf
  Source:                 R2R_ADC_SUBSYSTEM/sawtooth_pwm_inst/duty_cycle_reg[2]/C
                            (rising edge-triggered cell FDRE clocked by clk_out1_clk_wiz_0  {rise@0.000ns fall@5.000ns period=10.000ns})
  Destination:            R2R_out[2]
                            (output port)
  Path Group:             (none)
  Path Type:              Min at Fast Process Corner
  Data Path Delay:        2.212ns  (logic 1.418ns (64.122%)  route 0.794ns (35.878%))
  Logic Levels:           2  (LUT4=1 OBUF=1)
  Clock Uncertainty:      0.179ns  ((TSJ^2 + DJ^2)^1/2) / 2 + PE
    Total System Jitter     (TSJ):    0.050ns
    Discrete Jitter          (DJ):    0.138ns
    Phase Error              (PE):    0.105ns

    Location             Delay type                Incr(ns)  Path(ns)    Netlist Resource(s)
  -------------------------------------------------------------------    -------------------
                         (clock clk_out1_clk_wiz_0 rise edge)
                                                      0.000     0.000 r  
    W5                                                0.000     0.000 r  clk_in (IN)
                         net (fo=0)                   0.000     0.000    u_clk_wiz/inst/clk_in1
    W5                   IBUF (Prop_ibuf_I_O)         0.226     0.226 r  u_clk_wiz/inst/clkin1_ibufg/O
                         net (fo=1, routed)           0.440     0.667    u_clk_wiz/inst/clk_in1_clk_wiz_0
    PLLE2_ADV_X1Y0       PLLE2_ADV (Prop_plle2_adv_CLKIN1_CLKOUT0)
                                                     -2.322    -1.656 r  u_clk_wiz/inst/plle2_adv_inst/CLKOUT0
                         net (fo=1, routed)           0.501    -1.155    u_clk_wiz/inst/clk_out1_clk_wiz_0
    BUFGCTRL_X0Y0        BUFG (Prop_bufg_I_O)         0.026    -1.129 r  u_clk_wiz/inst/clkout1_buf/O
                         net (fo=1596, routed)        0.581    -0.548    R2R_ADC_SUBSYSTEM/sawtooth_pwm_inst/clk
    SLICE_X64Y73         FDRE                                         r  R2R_ADC_SUBSYSTEM/sawtooth_pwm_inst/duty_cycle_reg[2]/C
  -------------------------------------------------------------------    -------------------
    SLICE_X64Y73         FDRE (Prop_fdre_C_Q)         0.164    -0.384 r  R2R_ADC_SUBSYSTEM/sawtooth_pwm_inst/duty_cycle_reg[2]/Q
                         net (fo=4, routed)           0.144    -0.241    SAR_R2R_OUTPUT_MUX/in0[2]
    SLICE_X64Y72         LUT4 (Prop_lut4_I3_O)        0.045    -0.196 r  SAR_R2R_OUTPUT_MUX/mux_out[2]_INST_0/O
                         net (fo=1, routed)           0.650     0.454    R2R_out_OBUF[2]
    J2                   OBUF (Prop_obuf_I_O)         1.209     1.663 r  R2R_out_OBUF[2]_inst/O
                         net (fo=0)                   0.000     1.663    R2R_out[2]
    J2                                                                r  R2R_out[2] (OUT)
  -------------------------------------------------------------------    -------------------

Slack:                    inf
  Source:                 R2R_ADC_SUBSYSTEM/sawtooth_pwm_inst/duty_cycle_reg[5]/C
                            (rising edge-triggered cell FDRE clocked by clk_out1_clk_wiz_0  {rise@0.000ns fall@5.000ns period=10.000ns})
  Destination:            R2R_out[5]
                            (output port)
  Path Group:             (none)
  Path Type:              Min at Fast Process Corner
  Data Path Delay:        2.213ns  (logic 1.394ns (62.971%)  route 0.820ns (37.029%))
  Logic Levels:           2  (LUT4=1 OBUF=1)
  Clock Uncertainty:      0.179ns  ((TSJ^2 + DJ^2)^1/2) / 2 + PE
    Total System Jitter     (TSJ):    0.050ns
    Discrete Jitter          (DJ):    0.138ns
    Phase Error              (PE):    0.105ns

    Location             Delay type                Incr(ns)  Path(ns)    Netlist Resource(s)
  -------------------------------------------------------------------    -------------------
                         (clock clk_out1_clk_wiz_0 rise edge)
                                                      0.000     0.000 r  
    W5                                                0.000     0.000 r  clk_in (IN)
                         net (fo=0)                   0.000     0.000    u_clk_wiz/inst/clk_in1
    W5                   IBUF (Prop_ibuf_I_O)         0.226     0.226 r  u_clk_wiz/inst/clkin1_ibufg/O
                         net (fo=1, routed)           0.440     0.667    u_clk_wiz/inst/clk_in1_clk_wiz_0
    PLLE2_ADV_X1Y0       PLLE2_ADV (Prop_plle2_adv_CLKIN1_CLKOUT0)
                                                     -2.322    -1.656 r  u_clk_wiz/inst/plle2_adv_inst/CLKOUT0
                         net (fo=1, routed)           0.501    -1.155    u_clk_wiz/inst/clk_out1_clk_wiz_0
    BUFGCTRL_X0Y0        BUFG (Prop_bufg_I_O)         0.026    -1.129 r  u_clk_wiz/inst/clkout1_buf/O
                         net (fo=1596, routed)        0.580    -0.549    R2R_ADC_SUBSYSTEM/sawtooth_pwm_inst/clk
    SLICE_X63Y74         FDRE                                         r  R2R_ADC_SUBSYSTEM/sawtooth_pwm_inst/duty_cycle_reg[5]/C
  -------------------------------------------------------------------    -------------------
    SLICE_X63Y74         FDRE (Prop_fdre_C_Q)         0.141    -0.408 r  R2R_ADC_SUBSYSTEM/sawtooth_pwm_inst/duty_cycle_reg[5]/Q
                         net (fo=4, routed)           0.258    -0.150    SAR_R2R_OUTPUT_MUX/in0[5]
    SLICE_X64Y74         LUT4 (Prop_lut4_I3_O)        0.045    -0.105 r  SAR_R2R_OUTPUT_MUX/mux_out[5]_INST_0/O
                         net (fo=1, routed)           0.561     0.456    R2R_out_OBUF[5]
    K2                   OBUF (Prop_obuf_I_O)         1.208     1.664 r  R2R_out_OBUF[5]_inst/O
                         net (fo=0)                   0.000     1.664    R2R_out[5]
    K2                                                                r  R2R_out[5] (OUT)
  -------------------------------------------------------------------    -------------------

Slack:                    inf
  Source:                 R2R_ADC_SUBSYSTEM/sawtooth_pwm_inst/duty_cycle_reg[1]/C
                            (rising edge-triggered cell FDRE clocked by clk_out1_clk_wiz_0  {rise@0.000ns fall@5.000ns period=10.000ns})
  Destination:            R2R_out[1]
                            (output port)
  Path Group:             (none)
  Path Type:              Min at Fast Process Corner
  Data Path Delay:        2.237ns  (logic 1.426ns (63.739%)  route 0.811ns (36.261%))
  Logic Levels:           2  (LUT4=1 OBUF=1)
  Clock Uncertainty:      0.179ns  ((TSJ^2 + DJ^2)^1/2) / 2 + PE
    Total System Jitter     (TSJ):    0.050ns
    Discrete Jitter          (DJ):    0.138ns
    Phase Error              (PE):    0.105ns

    Location             Delay type                Incr(ns)  Path(ns)    Netlist Resource(s)
  -------------------------------------------------------------------    -------------------
                         (clock clk_out1_clk_wiz_0 rise edge)
                                                      0.000     0.000 r  
    W5                                                0.000     0.000 r  clk_in (IN)
                         net (fo=0)                   0.000     0.000    u_clk_wiz/inst/clk_in1
    W5                   IBUF (Prop_ibuf_I_O)         0.226     0.226 r  u_clk_wiz/inst/clkin1_ibufg/O
                         net (fo=1, routed)           0.440     0.667    u_clk_wiz/inst/clk_in1_clk_wiz_0
    PLLE2_ADV_X1Y0       PLLE2_ADV (Prop_plle2_adv_CLKIN1_CLKOUT0)
                                                     -2.322    -1.656 r  u_clk_wiz/inst/plle2_adv_inst/CLKOUT0
                         net (fo=1, routed)           0.501    -1.155    u_clk_wiz/inst/clk_out1_clk_wiz_0
    BUFGCTRL_X0Y0        BUFG (Prop_bufg_I_O)         0.026    -1.129 r  u_clk_wiz/inst/clkout1_buf/O
                         net (fo=1596, routed)        0.581    -0.548    R2R_ADC_SUBSYSTEM/sawtooth_pwm_inst/clk
    SLICE_X64Y73         FDRE                                         r  R2R_ADC_SUBSYSTEM/sawtooth_pwm_inst/duty_cycle_reg[1]/C
  -------------------------------------------------------------------    -------------------
    SLICE_X64Y73         FDRE (Prop_fdre_C_Q)         0.164    -0.384 r  R2R_ADC_SUBSYSTEM/sawtooth_pwm_inst/duty_cycle_reg[1]/Q
                         net (fo=4, routed)           0.250    -0.134    SAR_R2R_OUTPUT_MUX/in0[1]
    SLICE_X64Y72         LUT4 (Prop_lut4_I3_O)        0.045    -0.089 r  SAR_R2R_OUTPUT_MUX/mux_out[1]_INST_0/O
                         net (fo=1, routed)           0.561     0.472    R2R_out_OBUF[1]
    L2                   OBUF (Prop_obuf_I_O)         1.217     1.689 r  R2R_out_OBUF[1]_inst/O
                         net (fo=0)                   0.000     1.689    R2R_out[1]
    L2                                                                r  R2R_out[1] (OUT)
  -------------------------------------------------------------------    -------------------

Slack:                    inf
  Source:                 PWM_ADC_SUBSYSTEM/captured_duty_cycle_reg[14]/C
                            (rising edge-triggered cell FDRE clocked by clk_out1_clk_wiz_0  {rise@0.000ns fall@5.000ns period=10.000ns})
  Destination:            led[14]
                            (output port)
  Path Group:             (none)
  Path Type:              Min at Fast Process Corner
  Data Path Delay:        2.242ns  (logic 1.402ns (62.567%)  route 0.839ns (37.433%))
  Logic Levels:           2  (LUT4=1 OBUF=1)
  Clock Uncertainty:      0.179ns  ((TSJ^2 + DJ^2)^1/2) / 2 + PE
    Total System Jitter     (TSJ):    0.050ns
    Discrete Jitter          (DJ):    0.138ns
    Phase Error              (PE):    0.105ns

    Location             Delay type                Incr(ns)  Path(ns)    Netlist Resource(s)
  -------------------------------------------------------------------    -------------------
                         (clock clk_out1_clk_wiz_0 rise edge)
                                                      0.000     0.000 r  
    W5                                                0.000     0.000 r  clk_in (IN)
                         net (fo=0)                   0.000     0.000    u_clk_wiz/inst/clk_in1
    W5                   IBUF (Prop_ibuf_I_O)         0.226     0.226 r  u_clk_wiz/inst/clkin1_ibufg/O
                         net (fo=1, routed)           0.440     0.667    u_clk_wiz/inst/clk_in1_clk_wiz_0
    PLLE2_ADV_X1Y0       PLLE2_ADV (Prop_plle2_adv_CLKIN1_CLKOUT0)
                                                     -2.322    -1.656 r  u_clk_wiz/inst/plle2_adv_inst/CLKOUT0
                         net (fo=1, routed)           0.501    -1.155    u_clk_wiz/inst/clk_out1_clk_wiz_0
    BUFGCTRL_X0Y0        BUFG (Prop_bufg_I_O)         0.026    -1.129 r  u_clk_wiz/inst/clkout1_buf/O
                         net (fo=1596, routed)        0.580    -0.549    PWM_ADC_SUBSYSTEM/clk
    SLICE_X59Y73         FDRE                                         r  PWM_ADC_SUBSYSTEM/captured_duty_cycle_reg[14]/C
  -------------------------------------------------------------------    -------------------
    SLICE_X59Y73         FDRE (Prop_fdre_C_Q)         0.141    -0.408 r  PWM_ADC_SUBSYSTEM/captured_duty_cycle_reg[14]/Q
                         net (fo=4, routed)           0.245    -0.164    MUX_RAW_DATA_EN/captured_duty_cycle[14]
    SLICE_X59Y75         LUT4 (Prop_lut4_I0_O)        0.045    -0.119 r  MUX_RAW_DATA_EN/data[14]_INST_0/O
                         net (fo=2, routed)           0.594     0.476    led_OBUF[14]
    P1                   OBUF (Prop_obuf_I_O)         1.216     1.692 r  led_OBUF[14]_inst/O
                         net (fo=0)                   0.000     1.692    led[14]
    P1                                                                r  led[14] (OUT)
  -------------------------------------------------------------------    -------------------

Slack:                    inf
  Source:                 R2R_ADC_SUBSYSTEM/sawtooth_pwm_inst/duty_cycle_reg[4]/C
                            (rising edge-triggered cell FDRE clocked by clk_out1_clk_wiz_0  {rise@0.000ns fall@5.000ns period=10.000ns})
  Destination:            R2R_out[4]
                            (output port)
  Path Group:             (none)
  Path Type:              Min at Fast Process Corner
  Data Path Delay:        2.246ns  (logic 1.415ns (62.985%)  route 0.831ns (37.015%))
  Logic Levels:           2  (LUT4=1 OBUF=1)
  Clock Uncertainty:      0.179ns  ((TSJ^2 + DJ^2)^1/2) / 2 + PE
    Total System Jitter     (TSJ):    0.050ns
    Discrete Jitter          (DJ):    0.138ns
    Phase Error              (PE):    0.105ns

    Location             Delay type                Incr(ns)  Path(ns)    Netlist Resource(s)
  -------------------------------------------------------------------    -------------------
                         (clock clk_out1_clk_wiz_0 rise edge)
                                                      0.000     0.000 r  
    W5                                                0.000     0.000 r  clk_in (IN)
                         net (fo=0)                   0.000     0.000    u_clk_wiz/inst/clk_in1
    W5                   IBUF (Prop_ibuf_I_O)         0.226     0.226 r  u_clk_wiz/inst/clkin1_ibufg/O
                         net (fo=1, routed)           0.440     0.667    u_clk_wiz/inst/clk_in1_clk_wiz_0
    PLLE2_ADV_X1Y0       PLLE2_ADV (Prop_plle2_adv_CLKIN1_CLKOUT0)
                                                     -2.322    -1.656 r  u_clk_wiz/inst/plle2_adv_inst/CLKOUT0
                         net (fo=1, routed)           0.501    -1.155    u_clk_wiz/inst/clk_out1_clk_wiz_0
    BUFGCTRL_X0Y0        BUFG (Prop_bufg_I_O)         0.026    -1.129 r  u_clk_wiz/inst/clkout1_buf/O
                         net (fo=1596, routed)        0.581    -0.548    R2R_ADC_SUBSYSTEM/sawtooth_pwm_inst/clk
    SLICE_X64Y73         FDRE                                         r  R2R_ADC_SUBSYSTEM/sawtooth_pwm_inst/duty_cycle_reg[4]/C
  -------------------------------------------------------------------    -------------------
    SLICE_X64Y73         FDRE (Prop_fdre_C_Q)         0.164    -0.384 r  R2R_ADC_SUBSYSTEM/sawtooth_pwm_inst/duty_cycle_reg[4]/Q
                         net (fo=4, routed)           0.182    -0.203    SAR_R2R_OUTPUT_MUX/in0[4]
    SLICE_X64Y71         LUT4 (Prop_lut4_I3_O)        0.045    -0.158 r  SAR_R2R_OUTPUT_MUX/mux_out[4]_INST_0/O
                         net (fo=1, routed)           0.650     0.492    R2R_out_OBUF[4]
    H1                   OBUF (Prop_obuf_I_O)         1.206     1.698 r  R2R_out_OBUF[4]_inst/O
                         net (fo=0)                   0.000     1.698    R2R_out[4]
    H1                                                                r  R2R_out[4] (OUT)
  -------------------------------------------------------------------    -------------------

Slack:                    inf
  Source:                 PWM_ADC_SUBSYSTEM/captured_duty_cycle_reg[15]/C
                            (rising edge-triggered cell FDRE clocked by clk_out1_clk_wiz_0  {rise@0.000ns fall@5.000ns period=10.000ns})
  Destination:            led[15]
                            (output port)
  Path Group:             (none)
  Path Type:              Min at Fast Process Corner
  Data Path Delay:        2.274ns  (logic 1.408ns (61.937%)  route 0.866ns (38.063%))
  Logic Levels:           2  (LUT4=1 OBUF=1)
  Clock Uncertainty:      0.179ns  ((TSJ^2 + DJ^2)^1/2) / 2 + PE
    Total System Jitter     (TSJ):    0.050ns
    Discrete Jitter          (DJ):    0.138ns
    Phase Error              (PE):    0.105ns

    Location             Delay type                Incr(ns)  Path(ns)    Netlist Resource(s)
  -------------------------------------------------------------------    -------------------
                         (clock clk_out1_clk_wiz_0 rise edge)
                                                      0.000     0.000 r  
    W5                                                0.000     0.000 r  clk_in (IN)
                         net (fo=0)                   0.000     0.000    u_clk_wiz/inst/clk_in1
    W5                   IBUF (Prop_ibuf_I_O)         0.226     0.226 r  u_clk_wiz/inst/clkin1_ibufg/O
                         net (fo=1, routed)           0.440     0.667    u_clk_wiz/inst/clk_in1_clk_wiz_0
    PLLE2_ADV_X1Y0       PLLE2_ADV (Prop_plle2_adv_CLKIN1_CLKOUT0)
                                                     -2.322    -1.656 r  u_clk_wiz/inst/plle2_adv_inst/CLKOUT0
                         net (fo=1, routed)           0.501    -1.155    u_clk_wiz/inst/clk_out1_clk_wiz_0
    BUFGCTRL_X0Y0        BUFG (Prop_bufg_I_O)         0.026    -1.129 r  u_clk_wiz/inst/clkout1_buf/O
                         net (fo=1596, routed)        0.580    -0.549    PWM_ADC_SUBSYSTEM/clk
    SLICE_X59Y73         FDRE                                         r  PWM_ADC_SUBSYSTEM/captured_duty_cycle_reg[15]/C
  -------------------------------------------------------------------    -------------------
    SLICE_X59Y73         FDRE (Prop_fdre_C_Q)         0.141    -0.408 r  PWM_ADC_SUBSYSTEM/captured_duty_cycle_reg[15]/Q
                         net (fo=5, routed)           0.299    -0.110    MUX_RAW_DATA_EN/captured_duty_cycle[15]
    SLICE_X59Y74         LUT4 (Prop_lut4_I0_O)        0.045    -0.065 r  MUX_RAW_DATA_EN/data[15]_INST_0/O
                         net (fo=2, routed)           0.567     0.502    led_OBUF[15]
    L1                   OBUF (Prop_obuf_I_O)         1.222     1.725 r  led_OBUF[15]_inst/O
                         net (fo=0)                   0.000     1.725    led[15]
    L1                                                                r  led[15] (OUT)
  -------------------------------------------------------------------    -------------------

Slack:                    inf
  Source:                 R2R_ADC_SUBSYSTEM/sawtooth_pwm_inst/duty_cycle_reg[7]/C
                            (rising edge-triggered cell FDRE clocked by clk_out1_clk_wiz_0  {rise@0.000ns fall@5.000ns period=10.000ns})
  Destination:            R2R_out[7]
                            (output port)
  Path Group:             (none)
  Path Type:              Min at Fast Process Corner
  Data Path Delay:        2.290ns  (logic 1.394ns (60.870%)  route 0.896ns (39.130%))
  Logic Levels:           2  (LUT4=1 OBUF=1)
  Clock Uncertainty:      0.179ns  ((TSJ^2 + DJ^2)^1/2) / 2 + PE
    Total System Jitter     (TSJ):    0.050ns
    Discrete Jitter          (DJ):    0.138ns
    Phase Error              (PE):    0.105ns

    Location             Delay type                Incr(ns)  Path(ns)    Netlist Resource(s)
  -------------------------------------------------------------------    -------------------
                         (clock clk_out1_clk_wiz_0 rise edge)
                                                      0.000     0.000 r  
    W5                                                0.000     0.000 r  clk_in (IN)
                         net (fo=0)                   0.000     0.000    u_clk_wiz/inst/clk_in1
    W5                   IBUF (Prop_ibuf_I_O)         0.226     0.226 r  u_clk_wiz/inst/clkin1_ibufg/O
                         net (fo=1, routed)           0.440     0.667    u_clk_wiz/inst/clk_in1_clk_wiz_0
    PLLE2_ADV_X1Y0       PLLE2_ADV (Prop_plle2_adv_CLKIN1_CLKOUT0)
                                                     -2.322    -1.656 r  u_clk_wiz/inst/plle2_adv_inst/CLKOUT0
                         net (fo=1, routed)           0.501    -1.155    u_clk_wiz/inst/clk_out1_clk_wiz_0
    BUFGCTRL_X0Y0        BUFG (Prop_bufg_I_O)         0.026    -1.129 r  u_clk_wiz/inst/clkout1_buf/O
                         net (fo=1596, routed)        0.580    -0.549    R2R_ADC_SUBSYSTEM/sawtooth_pwm_inst/clk
    SLICE_X63Y74         FDRE                                         r  R2R_ADC_SUBSYSTEM/sawtooth_pwm_inst/duty_cycle_reg[7]/C
  -------------------------------------------------------------------    -------------------
    SLICE_X63Y74         FDRE (Prop_fdre_C_Q)         0.141    -0.408 r  R2R_ADC_SUBSYSTEM/sawtooth_pwm_inst/duty_cycle_reg[7]/Q
                         net (fo=4, routed)           0.289    -0.120    SAR_R2R_OUTPUT_MUX/in0[7]
    SLICE_X64Y72         LUT4 (Prop_lut4_I3_O)        0.045    -0.075 r  SAR_R2R_OUTPUT_MUX/mux_out[7]_INST_0/O
                         net (fo=1, routed)           0.608     0.533    R2R_out_OBUF[7]
    G3                   OBUF (Prop_obuf_I_O)         1.208     1.741 r  R2R_out_OBUF[7]_inst/O
                         net (fo=0)                   0.000     1.741    R2R_out[7]
    G3                                                                r  R2R_out[7] (OUT)
  -------------------------------------------------------------------    -------------------

Slack:                    inf
  Source:                 SEVEN_SEGMENT_DISPLAY/DIGIT_SELECTOR/q_reg[0]/C
                            (rising edge-triggered cell FDSE clocked by clk_out1_clk_wiz_0  {rise@0.000ns fall@5.000ns period=10.000ns})
  Destination:            AN1
                            (output port)
  Path Group:             (none)
  Path Type:              Min at Fast Process Corner
  Data Path Delay:        2.318ns  (logic 1.413ns (60.973%)  route 0.904ns (39.027%))
  Logic Levels:           2  (LUT1=1 OBUF=1)
  Clock Uncertainty:      0.179ns  ((TSJ^2 + DJ^2)^1/2) / 2 + PE
    Total System Jitter     (TSJ):    0.050ns
    Discrete Jitter          (DJ):    0.138ns
    Phase Error              (PE):    0.105ns

    Location             Delay type                Incr(ns)  Path(ns)    Netlist Resource(s)
  -------------------------------------------------------------------    -------------------
                         (clock clk_out1_clk_wiz_0 rise edge)
                                                      0.000     0.000 r  
    W5                                                0.000     0.000 r  clk_in (IN)
                         net (fo=0)                   0.000     0.000    u_clk_wiz/inst/clk_in1
    W5                   IBUF (Prop_ibuf_I_O)         0.226     0.226 r  u_clk_wiz/inst/clkin1_ibufg/O
                         net (fo=1, routed)           0.440     0.667    u_clk_wiz/inst/clk_in1_clk_wiz_0
    PLLE2_ADV_X1Y0       PLLE2_ADV (Prop_plle2_adv_CLKIN1_CLKOUT0)
                                                     -2.322    -1.656 r  u_clk_wiz/inst/plle2_adv_inst/CLKOUT0
                         net (fo=1, routed)           0.501    -1.155    u_clk_wiz/inst/clk_out1_clk_wiz_0
    BUFGCTRL_X0Y0        BUFG (Prop_bufg_I_O)         0.026    -1.129 r  u_clk_wiz/inst/clkout1_buf/O
                         net (fo=1596, routed)        0.591    -0.538    SEVEN_SEGMENT_DISPLAY/DIGIT_SELECTOR/clk
    SLICE_X60Y58         FDSE                                         r  SEVEN_SEGMENT_DISPLAY/DIGIT_SELECTOR/q_reg[0]/C
  -------------------------------------------------------------------    -------------------
    SLICE_X60Y58         FDSE (Prop_fdse_C_Q)         0.164    -0.374 f  SEVEN_SEGMENT_DISPLAY/DIGIT_SELECTOR/q_reg[0]/Q
                         net (fo=13, routed)          0.158    -0.216    SEVEN_SEGMENT_DISPLAY/DIGIT_SELECTOR/digit_select[0]
    SLICE_X61Y58         LUT1 (Prop_lut1_I0_O)        0.045    -0.171 r  SEVEN_SEGMENT_DISPLAY/DIGIT_SELECTOR/an_outputs[0]_INST_0/O
                         net (fo=1, routed)           0.746     0.575    AN1_OBUF
    U2                   OBUF (Prop_obuf_I_O)         1.204     1.779 r  AN1_OBUF_inst/O
                         net (fo=0)                   0.000     1.779    AN1
    U2                                                                r  AN1 (OUT)
  -------------------------------------------------------------------    -------------------

Slack:                    inf
  Source:                 R2R_ADC_SUBSYSTEM/sawtooth_pwm_inst/duty_cycle_reg[0]/C
                            (rising edge-triggered cell FDRE clocked by clk_out1_clk_wiz_0  {rise@0.000ns fall@5.000ns period=10.000ns})
  Destination:            R2R_out[0]
                            (output port)
  Path Group:             (none)
  Path Type:              Min at Fast Process Corner
  Data Path Delay:        2.372ns  (logic 1.392ns (58.691%)  route 0.980ns (41.309%))
  Logic Levels:           2  (LUT4=1 OBUF=1)
  Clock Uncertainty:      0.179ns  ((TSJ^2 + DJ^2)^1/2) / 2 + PE
    Total System Jitter     (TSJ):    0.050ns
    Discrete Jitter          (DJ):    0.138ns
    Phase Error              (PE):    0.105ns

    Location             Delay type                Incr(ns)  Path(ns)    Netlist Resource(s)
  -------------------------------------------------------------------    -------------------
                         (clock clk_out1_clk_wiz_0 rise edge)
                                                      0.000     0.000 r  
    W5                                                0.000     0.000 r  clk_in (IN)
                         net (fo=0)                   0.000     0.000    u_clk_wiz/inst/clk_in1
    W5                   IBUF (Prop_ibuf_I_O)         0.226     0.226 r  u_clk_wiz/inst/clkin1_ibufg/O
                         net (fo=1, routed)           0.440     0.667    u_clk_wiz/inst/clk_in1_clk_wiz_0
    PLLE2_ADV_X1Y0       PLLE2_ADV (Prop_plle2_adv_CLKIN1_CLKOUT0)
                                                     -2.322    -1.656 r  u_clk_wiz/inst/plle2_adv_inst/CLKOUT0
                         net (fo=1, routed)           0.501    -1.155    u_clk_wiz/inst/clk_out1_clk_wiz_0
    BUFGCTRL_X0Y0        BUFG (Prop_bufg_I_O)         0.026    -1.129 r  u_clk_wiz/inst/clkout1_buf/O
                         net (fo=1596, routed)        0.581    -0.548    R2R_ADC_SUBSYSTEM/sawtooth_pwm_inst/clk
    SLICE_X63Y73         FDRE                                         r  R2R_ADC_SUBSYSTEM/sawtooth_pwm_inst/duty_cycle_reg[0]/C
  -------------------------------------------------------------------    -------------------
    SLICE_X63Y73         FDRE (Prop_fdre_C_Q)         0.141    -0.407 r  R2R_ADC_SUBSYSTEM/sawtooth_pwm_inst/duty_cycle_reg[0]/Q
                         net (fo=5, routed)           0.280    -0.128    SAR_R2R_OUTPUT_MUX/in0[0]
    SLICE_X64Y71         LUT4 (Prop_lut4_I3_O)        0.045    -0.083 r  SAR_R2R_OUTPUT_MUX/mux_out[0]_INST_0/O
                         net (fo=1, routed)           0.700     0.618    R2R_out_OBUF[0]
    J1                   OBUF (Prop_obuf_I_O)         1.206     1.824 r  R2R_out_OBUF[0]_inst/O
                         net (fo=0)                   0.000     1.824    R2R_out[0]
    J1                                                                r  R2R_out[0] (OUT)
  -------------------------------------------------------------------    -------------------





--------------------------------------------------------------------------------------
Path Group:  (none)
From Clock:  clk_out1_clk_wiz_0_1
  To Clock:  

Max Delay            37 Endpoints
Min Delay            37 Endpoints
--------------------------------------------------------------------------------------


Max Delay Paths
--------------------------------------------------------------------------------------
Slack:                    inf
  Source:                 INPUT_SYNC/out2_reg[0]/C
                            (rising edge-triggered cell FDRE clocked by clk_out1_clk_wiz_0_1  {rise@0.000ns fall@5.000ns period=10.000ns})
  Destination:            CG
                            (output port)
  Path Group:             (none)
  Path Type:              Max at Slow Process Corner
  Data Path Delay:        19.298ns  (logic 6.228ns (32.275%)  route 13.070ns (67.725%))
  Logic Levels:           11  (CARRY4=3 LUT2=1 LUT4=3 LUT6=3 OBUF=1)
  Clock Uncertainty:      0.178ns  ((TSJ^2 + DJ^2)^1/2) / 2 + PE
    Total System Jitter     (TSJ):    0.050ns
    Discrete Jitter          (DJ):    0.136ns
    Phase Error              (PE):    0.105ns

    Location             Delay type                Incr(ns)  Path(ns)    Netlist Resource(s)
  -------------------------------------------------------------------    -------------------
                         (clock clk_out1_clk_wiz_0_1 rise edge)
                                                      0.000     0.000 r  
    W5                                                0.000     0.000 r  clk_in (IN)
                         net (fo=0)                   0.000     0.000    u_clk_wiz/inst/clk_in1
    W5                   IBUF (Prop_ibuf_I_O)         1.458     1.458 r  u_clk_wiz/inst/clkin1_ibufg/O
                         net (fo=1, routed)           1.253     2.711    u_clk_wiz/inst/clk_in1_clk_wiz_0
    PLLE2_ADV_X1Y0       PLLE2_ADV (Prop_plle2_adv_CLKIN1_CLKOUT0)
                                                     -8.482    -5.770 r  u_clk_wiz/inst/plle2_adv_inst/CLKOUT0
                         net (fo=1, routed)           1.655    -4.115    u_clk_wiz/inst/clk_out1_clk_wiz_0
    BUFGCTRL_X0Y0        BUFG (Prop_bufg_I_O)         0.096    -4.019 r  u_clk_wiz/inst/clkout1_buf/O
                         net (fo=1596, routed)        1.624    -2.395    INPUT_SYNC/clk
    SLICE_X64Y60         FDRE                                         r  INPUT_SYNC/out2_reg[0]/C
  -------------------------------------------------------------------    -------------------
    SLICE_X64Y60         FDRE (Prop_fdre_C_Q)         0.518    -1.877 r  INPUT_SYNC/out2_reg[0]/Q
                         net (fo=54, routed)          3.550     1.673    AVE_DATA_EN/mode_select[0]
    SLICE_X53Y74         LUT4 (Prop_lut4_I1_O)        0.124     1.797 r  AVE_DATA_EN/data[9]_INST_0/O
                         net (fo=5, routed)           0.832     2.629    AUTO_CAL/ave_data[9]
    SLICE_X51Y74         LUT2 (Prop_lut2_I0_O)        0.124     2.753 r  AUTO_CAL/display_code[11]_INST_0_i_4/O
                         net (fo=1, routed)           0.000     2.753    AUTO_CAL/display_code[11]_INST_0_i_4_n_0
    SLICE_X51Y74         CARRY4 (Prop_carry4_S[1]_CO[3])
                                                      0.550     3.303 r  AUTO_CAL/display_code[11]_INST_0_i_1/CO[3]
                         net (fo=1, routed)           0.009     3.312    AUTO_CAL/display_code[11]_INST_0_i_1_n_0
    SLICE_X51Y75         CARRY4 (Prop_carry4_CI_CO[3])
                                                      0.114     3.426 r  AUTO_CAL/display_code[15]_INST_0_i_1/CO[3]
                         net (fo=1, routed)           0.000     3.426    AUTO_CAL/display_code[15]_INST_0_i_1_n_0
    SLICE_X51Y76         CARRY4 (Prop_carry4_CI_O[0])
                                                      0.222     3.648 f  AUTO_CAL/display_code[15]_INST_0_i_2/O[0]
                         net (fo=16, routed)          1.684     5.332    AUTO_CAL/sum[16]
    SLICE_X62Y74         LUT4 (Prop_lut4_I1_O)        0.299     5.631 r  AUTO_CAL/display_code[11]_INST_0/O
                         net (fo=1, routed)           0.484     6.115    MUX4/in3[11]
    SLICE_X62Y74         LUT6 (Prop_lut6_I2_O)        0.124     6.239 r  MUX4/mux_out[11]_INST_0/O
                         net (fo=1, routed)           0.805     7.043    SEVEN_SEGMENT_DISPLAY/DIGIT_MUX/min_dig1[3]
    SLICE_X61Y74         LUT6 (Prop_lut6_I3_O)        0.124     7.167 r  SEVEN_SEGMENT_DISPLAY/DIGIT_MUX/time_digit[3]_INST_0_i_1/O
                         net (fo=1, routed)           1.300     8.467    SEVEN_SEGMENT_DISPLAY/DIGIT_MUX/time_digit[3]_INST_0_i_1_n_0
    SLICE_X61Y69         LUT6 (Prop_lut6_I5_O)        0.124     8.591 r  SEVEN_SEGMENT_DISPLAY/DIGIT_MUX/time_digit[3]_INST_0/O
                         net (fo=7, routed)           1.283     9.875    SEVEN_SEGMENT_DISPLAY/SEG_DECODER/data[3]
    SLICE_X64Y53         LUT4 (Prop_lut4_I3_O)        0.150    10.025 r  SEVEN_SEGMENT_DISPLAY/SEG_DECODER/CG_INST_0/O
                         net (fo=1, routed)           3.123    13.148    CG_OBUF
    U7                   OBUF (Prop_obuf_I_O)         3.755    16.903 r  CG_OBUF_inst/O
                         net (fo=0)                   0.000    16.903    CG
    U7                                                                r  CG (OUT)
  -------------------------------------------------------------------    -------------------

Slack:                    inf
  Source:                 INPUT_SYNC/out2_reg[0]/C
                            (rising edge-triggered cell FDRE clocked by clk_out1_clk_wiz_0_1  {rise@0.000ns fall@5.000ns period=10.000ns})
  Destination:            CA
                            (output port)
  Path Group:             (none)
  Path Type:              Max at Slow Process Corner
  Data Path Delay:        19.185ns  (logic 6.194ns (32.285%)  route 12.991ns (67.715%))
  Logic Levels:           11  (CARRY4=3 LUT2=1 LUT4=3 LUT6=3 OBUF=1)
  Clock Uncertainty:      0.178ns  ((TSJ^2 + DJ^2)^1/2) / 2 + PE
    Total System Jitter     (TSJ):    0.050ns
    Discrete Jitter          (DJ):    0.136ns
    Phase Error              (PE):    0.105ns

    Location             Delay type                Incr(ns)  Path(ns)    Netlist Resource(s)
  -------------------------------------------------------------------    -------------------
                         (clock clk_out1_clk_wiz_0_1 rise edge)
                                                      0.000     0.000 r  
    W5                                                0.000     0.000 r  clk_in (IN)
                         net (fo=0)                   0.000     0.000    u_clk_wiz/inst/clk_in1
    W5                   IBUF (Prop_ibuf_I_O)         1.458     1.458 r  u_clk_wiz/inst/clkin1_ibufg/O
                         net (fo=1, routed)           1.253     2.711    u_clk_wiz/inst/clk_in1_clk_wiz_0
    PLLE2_ADV_X1Y0       PLLE2_ADV (Prop_plle2_adv_CLKIN1_CLKOUT0)
                                                     -8.482    -5.770 r  u_clk_wiz/inst/plle2_adv_inst/CLKOUT0
                         net (fo=1, routed)           1.655    -4.115    u_clk_wiz/inst/clk_out1_clk_wiz_0
    BUFGCTRL_X0Y0        BUFG (Prop_bufg_I_O)         0.096    -4.019 r  u_clk_wiz/inst/clkout1_buf/O
                         net (fo=1596, routed)        1.624    -2.395    INPUT_SYNC/clk
    SLICE_X64Y60         FDRE                                         r  INPUT_SYNC/out2_reg[0]/C
  -------------------------------------------------------------------    -------------------
    SLICE_X64Y60         FDRE (Prop_fdre_C_Q)         0.518    -1.877 r  INPUT_SYNC/out2_reg[0]/Q
                         net (fo=54, routed)          3.550     1.673    AVE_DATA_EN/mode_select[0]
    SLICE_X53Y74         LUT4 (Prop_lut4_I1_O)        0.124     1.797 r  AVE_DATA_EN/data[9]_INST_0/O
                         net (fo=5, routed)           0.832     2.629    AUTO_CAL/ave_data[9]
    SLICE_X51Y74         LUT2 (Prop_lut2_I0_O)        0.124     2.753 r  AUTO_CAL/display_code[11]_INST_0_i_4/O
                         net (fo=1, routed)           0.000     2.753    AUTO_CAL/display_code[11]_INST_0_i_4_n_0
    SLICE_X51Y74         CARRY4 (Prop_carry4_S[1]_CO[3])
                                                      0.550     3.303 r  AUTO_CAL/display_code[11]_INST_0_i_1/CO[3]
                         net (fo=1, routed)           0.009     3.312    AUTO_CAL/display_code[11]_INST_0_i_1_n_0
    SLICE_X51Y75         CARRY4 (Prop_carry4_CI_CO[3])
                                                      0.114     3.426 r  AUTO_CAL/display_code[15]_INST_0_i_1/CO[3]
                         net (fo=1, routed)           0.000     3.426    AUTO_CAL/display_code[15]_INST_0_i_1_n_0
    SLICE_X51Y76         CARRY4 (Prop_carry4_CI_O[0])
                                                      0.222     3.648 r  AUTO_CAL/display_code[15]_INST_0_i_2/O[0]
                         net (fo=16, routed)          1.684     5.332    AUTO_CAL/sum[16]
    SLICE_X62Y74         LUT4 (Prop_lut4_I1_O)        0.299     5.631 f  AUTO_CAL/display_code[11]_INST_0/O
                         net (fo=1, routed)           0.484     6.115    MUX4/in3[11]
    SLICE_X62Y74         LUT6 (Prop_lut6_I2_O)        0.124     6.239 f  MUX4/mux_out[11]_INST_0/O
                         net (fo=1, routed)           0.805     7.043    SEVEN_SEGMENT_DISPLAY/DIGIT_MUX/min_dig1[3]
    SLICE_X61Y74         LUT6 (Prop_lut6_I3_O)        0.124     7.167 f  SEVEN_SEGMENT_DISPLAY/DIGIT_MUX/time_digit[3]_INST_0_i_1/O
                         net (fo=1, routed)           1.300     8.467    SEVEN_SEGMENT_DISPLAY/DIGIT_MUX/time_digit[3]_INST_0_i_1_n_0
    SLICE_X61Y69         LUT6 (Prop_lut6_I5_O)        0.124     8.591 f  SEVEN_SEGMENT_DISPLAY/DIGIT_MUX/time_digit[3]_INST_0/O
                         net (fo=7, routed)           1.620    10.212    SEVEN_SEGMENT_DISPLAY/SEG_DECODER/data[3]
    SLICE_X64Y53         LUT4 (Prop_lut4_I0_O)        0.153    10.365 r  SEVEN_SEGMENT_DISPLAY/SEG_DECODER/CA_INST_0/O
                         net (fo=1, routed)           2.707    13.072    CA_OBUF
    W7                   OBUF (Prop_obuf_I_O)         3.718    16.790 r  CA_OBUF_inst/O
                         net (fo=0)                   0.000    16.790    CA
    W7                                                                r  CA (OUT)
  -------------------------------------------------------------------    -------------------

Slack:                    inf
  Source:                 INPUT_SYNC/out2_reg[0]/C
                            (rising edge-triggered cell FDRE clocked by clk_out1_clk_wiz_0_1  {rise@0.000ns fall@5.000ns period=10.000ns})
  Destination:            CE
                            (output port)
  Path Group:             (none)
  Path Type:              Max at Slow Process Corner
  Data Path Delay:        19.178ns  (logic 5.967ns (31.113%)  route 13.211ns (68.887%))
  Logic Levels:           11  (CARRY4=3 LUT2=1 LUT4=3 LUT6=3 OBUF=1)
  Clock Uncertainty:      0.178ns  ((TSJ^2 + DJ^2)^1/2) / 2 + PE
    Total System Jitter     (TSJ):    0.050ns
    Discrete Jitter          (DJ):    0.136ns
    Phase Error              (PE):    0.105ns

    Location             Delay type                Incr(ns)  Path(ns)    Netlist Resource(s)
  -------------------------------------------------------------------    -------------------
                         (clock clk_out1_clk_wiz_0_1 rise edge)
                                                      0.000     0.000 r  
    W5                                                0.000     0.000 r  clk_in (IN)
                         net (fo=0)                   0.000     0.000    u_clk_wiz/inst/clk_in1
    W5                   IBUF (Prop_ibuf_I_O)         1.458     1.458 r  u_clk_wiz/inst/clkin1_ibufg/O
                         net (fo=1, routed)           1.253     2.711    u_clk_wiz/inst/clk_in1_clk_wiz_0
    PLLE2_ADV_X1Y0       PLLE2_ADV (Prop_plle2_adv_CLKIN1_CLKOUT0)
                                                     -8.482    -5.770 r  u_clk_wiz/inst/plle2_adv_inst/CLKOUT0
                         net (fo=1, routed)           1.655    -4.115    u_clk_wiz/inst/clk_out1_clk_wiz_0
    BUFGCTRL_X0Y0        BUFG (Prop_bufg_I_O)         0.096    -4.019 r  u_clk_wiz/inst/clkout1_buf/O
                         net (fo=1596, routed)        1.624    -2.395    INPUT_SYNC/clk
    SLICE_X64Y60         FDRE                                         r  INPUT_SYNC/out2_reg[0]/C
  -------------------------------------------------------------------    -------------------
    SLICE_X64Y60         FDRE (Prop_fdre_C_Q)         0.518    -1.877 r  INPUT_SYNC/out2_reg[0]/Q
                         net (fo=54, routed)          3.550     1.673    AVE_DATA_EN/mode_select[0]
    SLICE_X53Y74         LUT4 (Prop_lut4_I1_O)        0.124     1.797 r  AVE_DATA_EN/data[9]_INST_0/O
                         net (fo=5, routed)           0.832     2.629    AUTO_CAL/ave_data[9]
    SLICE_X51Y74         LUT2 (Prop_lut2_I0_O)        0.124     2.753 r  AUTO_CAL/display_code[11]_INST_0_i_4/O
                         net (fo=1, routed)           0.000     2.753    AUTO_CAL/display_code[11]_INST_0_i_4_n_0
    SLICE_X51Y74         CARRY4 (Prop_carry4_S[1]_CO[3])
                                                      0.550     3.303 r  AUTO_CAL/display_code[11]_INST_0_i_1/CO[3]
                         net (fo=1, routed)           0.009     3.312    AUTO_CAL/display_code[11]_INST_0_i_1_n_0
    SLICE_X51Y75         CARRY4 (Prop_carry4_CI_CO[3])
                                                      0.114     3.426 r  AUTO_CAL/display_code[15]_INST_0_i_1/CO[3]
                         net (fo=1, routed)           0.000     3.426    AUTO_CAL/display_code[15]_INST_0_i_1_n_0
    SLICE_X51Y76         CARRY4 (Prop_carry4_CI_O[0])
                                                      0.222     3.648 r  AUTO_CAL/display_code[15]_INST_0_i_2/O[0]
                         net (fo=16, routed)          1.684     5.332    AUTO_CAL/sum[16]
    SLICE_X62Y74         LUT4 (Prop_lut4_I1_O)        0.299     5.631 f  AUTO_CAL/display_code[11]_INST_0/O
                         net (fo=1, routed)           0.484     6.115    MUX4/in3[11]
    SLICE_X62Y74         LUT6 (Prop_lut6_I2_O)        0.124     6.239 f  MUX4/mux_out[11]_INST_0/O
                         net (fo=1, routed)           0.805     7.043    SEVEN_SEGMENT_DISPLAY/DIGIT_MUX/min_dig1[3]
    SLICE_X61Y74         LUT6 (Prop_lut6_I3_O)        0.124     7.167 f  SEVEN_SEGMENT_DISPLAY/DIGIT_MUX/time_digit[3]_INST_0_i_1/O
                         net (fo=1, routed)           1.300     8.467    SEVEN_SEGMENT_DISPLAY/DIGIT_MUX/time_digit[3]_INST_0_i_1_n_0
    SLICE_X61Y69         LUT6 (Prop_lut6_I5_O)        0.124     8.591 f  SEVEN_SEGMENT_DISPLAY/DIGIT_MUX/time_digit[3]_INST_0/O
                         net (fo=7, routed)           1.634    10.226    SEVEN_SEGMENT_DISPLAY/SEG_DECODER/data[3]
    SLICE_X64Y53         LUT4 (Prop_lut4_I3_O)        0.124    10.350 r  SEVEN_SEGMENT_DISPLAY/SEG_DECODER/CE_INST_0/O
                         net (fo=1, routed)           2.914    13.263    CE_OBUF
    U5                   OBUF (Prop_obuf_I_O)         3.520    16.783 r  CE_OBUF_inst/O
                         net (fo=0)                   0.000    16.783    CE
    U5                                                                r  CE (OUT)
  -------------------------------------------------------------------    -------------------

Slack:                    inf
  Source:                 INPUT_SYNC/out2_reg[0]/C
                            (rising edge-triggered cell FDRE clocked by clk_out1_clk_wiz_0_1  {rise@0.000ns fall@5.000ns period=10.000ns})
  Destination:            CC
                            (output port)
  Path Group:             (none)
  Path Type:              Max at Slow Process Corner
  Data Path Delay:        19.168ns  (logic 6.208ns (32.388%)  route 12.960ns (67.612%))
  Logic Levels:           11  (CARRY4=3 LUT2=1 LUT4=3 LUT6=3 OBUF=1)
  Clock Uncertainty:      0.178ns  ((TSJ^2 + DJ^2)^1/2) / 2 + PE
    Total System Jitter     (TSJ):    0.050ns
    Discrete Jitter          (DJ):    0.136ns
    Phase Error              (PE):    0.105ns

    Location             Delay type                Incr(ns)  Path(ns)    Netlist Resource(s)
  -------------------------------------------------------------------    -------------------
                         (clock clk_out1_clk_wiz_0_1 rise edge)
                                                      0.000     0.000 r  
    W5                                                0.000     0.000 r  clk_in (IN)
                         net (fo=0)                   0.000     0.000    u_clk_wiz/inst/clk_in1
    W5                   IBUF (Prop_ibuf_I_O)         1.458     1.458 r  u_clk_wiz/inst/clkin1_ibufg/O
                         net (fo=1, routed)           1.253     2.711    u_clk_wiz/inst/clk_in1_clk_wiz_0
    PLLE2_ADV_X1Y0       PLLE2_ADV (Prop_plle2_adv_CLKIN1_CLKOUT0)
                                                     -8.482    -5.770 r  u_clk_wiz/inst/plle2_adv_inst/CLKOUT0
                         net (fo=1, routed)           1.655    -4.115    u_clk_wiz/inst/clk_out1_clk_wiz_0
    BUFGCTRL_X0Y0        BUFG (Prop_bufg_I_O)         0.096    -4.019 r  u_clk_wiz/inst/clkout1_buf/O
                         net (fo=1596, routed)        1.624    -2.395    INPUT_SYNC/clk
    SLICE_X64Y60         FDRE                                         r  INPUT_SYNC/out2_reg[0]/C
  -------------------------------------------------------------------    -------------------
    SLICE_X64Y60         FDRE (Prop_fdre_C_Q)         0.518    -1.877 r  INPUT_SYNC/out2_reg[0]/Q
                         net (fo=54, routed)          3.550     1.673    AVE_DATA_EN/mode_select[0]
    SLICE_X53Y74         LUT4 (Prop_lut4_I1_O)        0.124     1.797 r  AVE_DATA_EN/data[9]_INST_0/O
                         net (fo=5, routed)           0.832     2.629    AUTO_CAL/ave_data[9]
    SLICE_X51Y74         LUT2 (Prop_lut2_I0_O)        0.124     2.753 r  AUTO_CAL/display_code[11]_INST_0_i_4/O
                         net (fo=1, routed)           0.000     2.753    AUTO_CAL/display_code[11]_INST_0_i_4_n_0
    SLICE_X51Y74         CARRY4 (Prop_carry4_S[1]_CO[3])
                                                      0.550     3.303 r  AUTO_CAL/display_code[11]_INST_0_i_1/CO[3]
                         net (fo=1, routed)           0.009     3.312    AUTO_CAL/display_code[11]_INST_0_i_1_n_0
    SLICE_X51Y75         CARRY4 (Prop_carry4_CI_CO[3])
                                                      0.114     3.426 r  AUTO_CAL/display_code[15]_INST_0_i_1/CO[3]
                         net (fo=1, routed)           0.000     3.426    AUTO_CAL/display_code[15]_INST_0_i_1_n_0
    SLICE_X51Y76         CARRY4 (Prop_carry4_CI_O[0])
                                                      0.222     3.648 f  AUTO_CAL/display_code[15]_INST_0_i_2/O[0]
                         net (fo=16, routed)          1.684     5.332    AUTO_CAL/sum[16]
    SLICE_X62Y74         LUT4 (Prop_lut4_I1_O)        0.299     5.631 r  AUTO_CAL/display_code[11]_INST_0/O
                         net (fo=1, routed)           0.484     6.115    MUX4/in3[11]
    SLICE_X62Y74         LUT6 (Prop_lut6_I2_O)        0.124     6.239 r  MUX4/mux_out[11]_INST_0/O
                         net (fo=1, routed)           0.805     7.043    SEVEN_SEGMENT_DISPLAY/DIGIT_MUX/min_dig1[3]
    SLICE_X61Y74         LUT6 (Prop_lut6_I3_O)        0.124     7.167 r  SEVEN_SEGMENT_DISPLAY/DIGIT_MUX/time_digit[3]_INST_0_i_1/O
                         net (fo=1, routed)           1.300     8.467    SEVEN_SEGMENT_DISPLAY/DIGIT_MUX/time_digit[3]_INST_0_i_1_n_0
    SLICE_X61Y69         LUT6 (Prop_lut6_I5_O)        0.124     8.591 r  SEVEN_SEGMENT_DISPLAY/DIGIT_MUX/time_digit[3]_INST_0/O
                         net (fo=7, routed)           1.425    10.017    SEVEN_SEGMENT_DISPLAY/SEG_DECODER/data[3]
    SLICE_X64Y53         LUT4 (Prop_lut4_I3_O)        0.146    10.163 r  SEVEN_SEGMENT_DISPLAY/SEG_DECODER/CC_INST_0/O
                         net (fo=1, routed)           2.871    13.034    CC_OBUF
    U8                   OBUF (Prop_obuf_I_O)         3.739    16.773 r  CC_OBUF_inst/O
                         net (fo=0)                   0.000    16.773    CC
    U8                                                                r  CC (OUT)
  -------------------------------------------------------------------    -------------------

Slack:                    inf
  Source:                 INPUT_SYNC/out2_reg[0]/C
                            (rising edge-triggered cell FDRE clocked by clk_out1_clk_wiz_0_1  {rise@0.000ns fall@5.000ns period=10.000ns})
  Destination:            CF
                            (output port)
  Path Group:             (none)
  Path Type:              Max at Slow Process Corner
  Data Path Delay:        19.155ns  (logic 5.951ns (31.070%)  route 13.204ns (68.930%))
  Logic Levels:           11  (CARRY4=3 LUT2=1 LUT4=3 LUT6=3 OBUF=1)
  Clock Uncertainty:      0.178ns  ((TSJ^2 + DJ^2)^1/2) / 2 + PE
    Total System Jitter     (TSJ):    0.050ns
    Discrete Jitter          (DJ):    0.136ns
    Phase Error              (PE):    0.105ns

    Location             Delay type                Incr(ns)  Path(ns)    Netlist Resource(s)
  -------------------------------------------------------------------    -------------------
                         (clock clk_out1_clk_wiz_0_1 rise edge)
                                                      0.000     0.000 r  
    W5                                                0.000     0.000 r  clk_in (IN)
                         net (fo=0)                   0.000     0.000    u_clk_wiz/inst/clk_in1
    W5                   IBUF (Prop_ibuf_I_O)         1.458     1.458 r  u_clk_wiz/inst/clkin1_ibufg/O
                         net (fo=1, routed)           1.253     2.711    u_clk_wiz/inst/clk_in1_clk_wiz_0
    PLLE2_ADV_X1Y0       PLLE2_ADV (Prop_plle2_adv_CLKIN1_CLKOUT0)
                                                     -8.482    -5.770 r  u_clk_wiz/inst/plle2_adv_inst/CLKOUT0
                         net (fo=1, routed)           1.655    -4.115    u_clk_wiz/inst/clk_out1_clk_wiz_0
    BUFGCTRL_X0Y0        BUFG (Prop_bufg_I_O)         0.096    -4.019 r  u_clk_wiz/inst/clkout1_buf/O
                         net (fo=1596, routed)        1.624    -2.395    INPUT_SYNC/clk
    SLICE_X64Y60         FDRE                                         r  INPUT_SYNC/out2_reg[0]/C
  -------------------------------------------------------------------    -------------------
    SLICE_X64Y60         FDRE (Prop_fdre_C_Q)         0.518    -1.877 r  INPUT_SYNC/out2_reg[0]/Q
                         net (fo=54, routed)          3.550     1.673    AVE_DATA_EN/mode_select[0]
    SLICE_X53Y74         LUT4 (Prop_lut4_I1_O)        0.124     1.797 r  AVE_DATA_EN/data[9]_INST_0/O
                         net (fo=5, routed)           0.832     2.629    AUTO_CAL/ave_data[9]
    SLICE_X51Y74         LUT2 (Prop_lut2_I0_O)        0.124     2.753 r  AUTO_CAL/display_code[11]_INST_0_i_4/O
                         net (fo=1, routed)           0.000     2.753    AUTO_CAL/display_code[11]_INST_0_i_4_n_0
    SLICE_X51Y74         CARRY4 (Prop_carry4_S[1]_CO[3])
                                                      0.550     3.303 r  AUTO_CAL/display_code[11]_INST_0_i_1/CO[3]
                         net (fo=1, routed)           0.009     3.312    AUTO_CAL/display_code[11]_INST_0_i_1_n_0
    SLICE_X51Y75         CARRY4 (Prop_carry4_CI_CO[3])
                                                      0.114     3.426 r  AUTO_CAL/display_code[15]_INST_0_i_1/CO[3]
                         net (fo=1, routed)           0.000     3.426    AUTO_CAL/display_code[15]_INST_0_i_1_n_0
    SLICE_X51Y76         CARRY4 (Prop_carry4_CI_O[0])
                                                      0.222     3.648 r  AUTO_CAL/display_code[15]_INST_0_i_2/O[0]
                         net (fo=16, routed)          1.684     5.332    AUTO_CAL/sum[16]
    SLICE_X62Y74         LUT4 (Prop_lut4_I1_O)        0.299     5.631 f  AUTO_CAL/display_code[11]_INST_0/O
                         net (fo=1, routed)           0.484     6.115    MUX4/in3[11]
    SLICE_X62Y74         LUT6 (Prop_lut6_I2_O)        0.124     6.239 f  MUX4/mux_out[11]_INST_0/O
                         net (fo=1, routed)           0.805     7.043    SEVEN_SEGMENT_DISPLAY/DIGIT_MUX/min_dig1[3]
    SLICE_X61Y74         LUT6 (Prop_lut6_I3_O)        0.124     7.167 f  SEVEN_SEGMENT_DISPLAY/DIGIT_MUX/time_digit[3]_INST_0_i_1/O
                         net (fo=1, routed)           1.300     8.467    SEVEN_SEGMENT_DISPLAY/DIGIT_MUX/time_digit[3]_INST_0_i_1_n_0
    SLICE_X61Y69         LUT6 (Prop_lut6_I5_O)        0.124     8.591 f  SEVEN_SEGMENT_DISPLAY/DIGIT_MUX/time_digit[3]_INST_0/O
                         net (fo=7, routed)           1.620    10.212    SEVEN_SEGMENT_DISPLAY/SEG_DECODER/data[3]
    SLICE_X64Y53         LUT4 (Prop_lut4_I0_O)        0.124    10.336 r  SEVEN_SEGMENT_DISPLAY/SEG_DECODER/CF_INST_0/O
                         net (fo=1, routed)           2.920    13.256    CF_OBUF
    V5                   OBUF (Prop_obuf_I_O)         3.504    16.760 r  CF_OBUF_inst/O
                         net (fo=0)                   0.000    16.760    CF
    V5                                                                r  CF (OUT)
  -------------------------------------------------------------------    -------------------

Slack:                    inf
  Source:                 INPUT_SYNC/out2_reg[0]/C
                            (rising edge-triggered cell FDRE clocked by clk_out1_clk_wiz_0_1  {rise@0.000ns fall@5.000ns period=10.000ns})
  Destination:            CB
                            (output port)
  Path Group:             (none)
  Path Type:              Max at Slow Process Corner
  Data Path Delay:        18.785ns  (logic 5.976ns (31.813%)  route 12.809ns (68.187%))
  Logic Levels:           11  (CARRY4=3 LUT2=1 LUT4=3 LUT6=3 OBUF=1)
  Clock Uncertainty:      0.178ns  ((TSJ^2 + DJ^2)^1/2) / 2 + PE
    Total System Jitter     (TSJ):    0.050ns
    Discrete Jitter          (DJ):    0.136ns
    Phase Error              (PE):    0.105ns

    Location             Delay type                Incr(ns)  Path(ns)    Netlist Resource(s)
  -------------------------------------------------------------------    -------------------
                         (clock clk_out1_clk_wiz_0_1 rise edge)
                                                      0.000     0.000 r  
    W5                                                0.000     0.000 r  clk_in (IN)
                         net (fo=0)                   0.000     0.000    u_clk_wiz/inst/clk_in1
    W5                   IBUF (Prop_ibuf_I_O)         1.458     1.458 r  u_clk_wiz/inst/clkin1_ibufg/O
                         net (fo=1, routed)           1.253     2.711    u_clk_wiz/inst/clk_in1_clk_wiz_0
    PLLE2_ADV_X1Y0       PLLE2_ADV (Prop_plle2_adv_CLKIN1_CLKOUT0)
                                                     -8.482    -5.770 r  u_clk_wiz/inst/plle2_adv_inst/CLKOUT0
                         net (fo=1, routed)           1.655    -4.115    u_clk_wiz/inst/clk_out1_clk_wiz_0
    BUFGCTRL_X0Y0        BUFG (Prop_bufg_I_O)         0.096    -4.019 r  u_clk_wiz/inst/clkout1_buf/O
                         net (fo=1596, routed)        1.624    -2.395    INPUT_SYNC/clk
    SLICE_X64Y60         FDRE                                         r  INPUT_SYNC/out2_reg[0]/C
  -------------------------------------------------------------------    -------------------
    SLICE_X64Y60         FDRE (Prop_fdre_C_Q)         0.518    -1.877 r  INPUT_SYNC/out2_reg[0]/Q
                         net (fo=54, routed)          3.550     1.673    AVE_DATA_EN/mode_select[0]
    SLICE_X53Y74         LUT4 (Prop_lut4_I1_O)        0.124     1.797 r  AVE_DATA_EN/data[9]_INST_0/O
                         net (fo=5, routed)           0.832     2.629    AUTO_CAL/ave_data[9]
    SLICE_X51Y74         LUT2 (Prop_lut2_I0_O)        0.124     2.753 r  AUTO_CAL/display_code[11]_INST_0_i_4/O
                         net (fo=1, routed)           0.000     2.753    AUTO_CAL/display_code[11]_INST_0_i_4_n_0
    SLICE_X51Y74         CARRY4 (Prop_carry4_S[1]_CO[3])
                                                      0.550     3.303 r  AUTO_CAL/display_code[11]_INST_0_i_1/CO[3]
                         net (fo=1, routed)           0.009     3.312    AUTO_CAL/display_code[11]_INST_0_i_1_n_0
    SLICE_X51Y75         CARRY4 (Prop_carry4_CI_CO[3])
                                                      0.114     3.426 r  AUTO_CAL/display_code[15]_INST_0_i_1/CO[3]
                         net (fo=1, routed)           0.000     3.426    AUTO_CAL/display_code[15]_INST_0_i_1_n_0
    SLICE_X51Y76         CARRY4 (Prop_carry4_CI_O[0])
                                                      0.222     3.648 f  AUTO_CAL/display_code[15]_INST_0_i_2/O[0]
                         net (fo=16, routed)          1.684     5.332    AUTO_CAL/sum[16]
    SLICE_X62Y74         LUT4 (Prop_lut4_I1_O)        0.299     5.631 r  AUTO_CAL/display_code[11]_INST_0/O
                         net (fo=1, routed)           0.484     6.115    MUX4/in3[11]
    SLICE_X62Y74         LUT6 (Prop_lut6_I2_O)        0.124     6.239 r  MUX4/mux_out[11]_INST_0/O
                         net (fo=1, routed)           0.805     7.043    SEVEN_SEGMENT_DISPLAY/DIGIT_MUX/min_dig1[3]
    SLICE_X61Y74         LUT6 (Prop_lut6_I3_O)        0.124     7.167 r  SEVEN_SEGMENT_DISPLAY/DIGIT_MUX/time_digit[3]_INST_0_i_1/O
                         net (fo=1, routed)           1.300     8.467    SEVEN_SEGMENT_DISPLAY/DIGIT_MUX/time_digit[3]_INST_0_i_1_n_0
    SLICE_X61Y69         LUT6 (Prop_lut6_I5_O)        0.124     8.591 r  SEVEN_SEGMENT_DISPLAY/DIGIT_MUX/time_digit[3]_INST_0/O
                         net (fo=7, routed)           1.425    10.017    SEVEN_SEGMENT_DISPLAY/SEG_DECODER/data[3]
    SLICE_X64Y53         LUT4 (Prop_lut4_I3_O)        0.124    10.141 r  SEVEN_SEGMENT_DISPLAY/SEG_DECODER/CB_INST_0/O
                         net (fo=1, routed)           2.720    12.861    CB_OBUF
    W6                   OBUF (Prop_obuf_I_O)         3.529    16.390 r  CB_OBUF_inst/O
                         net (fo=0)                   0.000    16.390    CB
    W6                                                                r  CB (OUT)
  -------------------------------------------------------------------    -------------------

Slack:                    inf
  Source:                 INPUT_SYNC/out2_reg[0]/C
                            (rising edge-triggered cell FDRE clocked by clk_out1_clk_wiz_0_1  {rise@0.000ns fall@5.000ns period=10.000ns})
  Destination:            CD
                            (output port)
  Path Group:             (none)
  Path Type:              Max at Slow Process Corner
  Data Path Delay:        18.654ns  (logic 5.983ns (32.071%)  route 12.672ns (67.929%))
  Logic Levels:           11  (CARRY4=3 LUT2=1 LUT4=3 LUT6=3 OBUF=1)
  Clock Uncertainty:      0.178ns  ((TSJ^2 + DJ^2)^1/2) / 2 + PE
    Total System Jitter     (TSJ):    0.050ns
    Discrete Jitter          (DJ):    0.136ns
    Phase Error              (PE):    0.105ns

    Location             Delay type                Incr(ns)  Path(ns)    Netlist Resource(s)
  -------------------------------------------------------------------    -------------------
                         (clock clk_out1_clk_wiz_0_1 rise edge)
                                                      0.000     0.000 r  
    W5                                                0.000     0.000 r  clk_in (IN)
                         net (fo=0)                   0.000     0.000    u_clk_wiz/inst/clk_in1
    W5                   IBUF (Prop_ibuf_I_O)         1.458     1.458 r  u_clk_wiz/inst/clkin1_ibufg/O
                         net (fo=1, routed)           1.253     2.711    u_clk_wiz/inst/clk_in1_clk_wiz_0
    PLLE2_ADV_X1Y0       PLLE2_ADV (Prop_plle2_adv_CLKIN1_CLKOUT0)
                                                     -8.482    -5.770 r  u_clk_wiz/inst/plle2_adv_inst/CLKOUT0
                         net (fo=1, routed)           1.655    -4.115    u_clk_wiz/inst/clk_out1_clk_wiz_0
    BUFGCTRL_X0Y0        BUFG (Prop_bufg_I_O)         0.096    -4.019 r  u_clk_wiz/inst/clkout1_buf/O
                         net (fo=1596, routed)        1.624    -2.395    INPUT_SYNC/clk
    SLICE_X64Y60         FDRE                                         r  INPUT_SYNC/out2_reg[0]/C
  -------------------------------------------------------------------    -------------------
    SLICE_X64Y60         FDRE (Prop_fdre_C_Q)         0.518    -1.877 r  INPUT_SYNC/out2_reg[0]/Q
                         net (fo=54, routed)          3.550     1.673    AVE_DATA_EN/mode_select[0]
    SLICE_X53Y74         LUT4 (Prop_lut4_I1_O)        0.124     1.797 r  AVE_DATA_EN/data[9]_INST_0/O
                         net (fo=5, routed)           0.832     2.629    AUTO_CAL/ave_data[9]
    SLICE_X51Y74         LUT2 (Prop_lut2_I0_O)        0.124     2.753 r  AUTO_CAL/display_code[11]_INST_0_i_4/O
                         net (fo=1, routed)           0.000     2.753    AUTO_CAL/display_code[11]_INST_0_i_4_n_0
    SLICE_X51Y74         CARRY4 (Prop_carry4_S[1]_CO[3])
                                                      0.550     3.303 r  AUTO_CAL/display_code[11]_INST_0_i_1/CO[3]
                         net (fo=1, routed)           0.009     3.312    AUTO_CAL/display_code[11]_INST_0_i_1_n_0
    SLICE_X51Y75         CARRY4 (Prop_carry4_CI_CO[3])
                                                      0.114     3.426 r  AUTO_CAL/display_code[15]_INST_0_i_1/CO[3]
                         net (fo=1, routed)           0.000     3.426    AUTO_CAL/display_code[15]_INST_0_i_1_n_0
    SLICE_X51Y76         CARRY4 (Prop_carry4_CI_O[0])
                                                      0.222     3.648 f  AUTO_CAL/display_code[15]_INST_0_i_2/O[0]
                         net (fo=16, routed)          1.684     5.332    AUTO_CAL/sum[16]
    SLICE_X62Y74         LUT4 (Prop_lut4_I1_O)        0.299     5.631 r  AUTO_CAL/display_code[11]_INST_0/O
                         net (fo=1, routed)           0.484     6.115    MUX4/in3[11]
    SLICE_X62Y74         LUT6 (Prop_lut6_I2_O)        0.124     6.239 r  MUX4/mux_out[11]_INST_0/O
                         net (fo=1, routed)           0.805     7.043    SEVEN_SEGMENT_DISPLAY/DIGIT_MUX/min_dig1[3]
    SLICE_X61Y74         LUT6 (Prop_lut6_I3_O)        0.124     7.167 r  SEVEN_SEGMENT_DISPLAY/DIGIT_MUX/time_digit[3]_INST_0_i_1/O
                         net (fo=1, routed)           1.300     8.467    SEVEN_SEGMENT_DISPLAY/DIGIT_MUX/time_digit[3]_INST_0_i_1_n_0
    SLICE_X61Y69         LUT6 (Prop_lut6_I5_O)        0.124     8.591 r  SEVEN_SEGMENT_DISPLAY/DIGIT_MUX/time_digit[3]_INST_0/O
                         net (fo=7, routed)           1.283     9.875    SEVEN_SEGMENT_DISPLAY/SEG_DECODER/data[3]
    SLICE_X64Y53         LUT4 (Prop_lut4_I3_O)        0.124     9.999 r  SEVEN_SEGMENT_DISPLAY/SEG_DECODER/CD_INST_0/O
                         net (fo=1, routed)           2.725    12.724    CD_OBUF
    V8                   OBUF (Prop_obuf_I_O)         3.536    16.259 r  CD_OBUF_inst/O
                         net (fo=0)                   0.000    16.259    CD
    V8                                                                r  CD (OUT)
  -------------------------------------------------------------------    -------------------

Slack:                    inf
  Source:                 XADC_INST/inst/DCLK
                            (rising edge-triggered cell XADC clocked by clk_out1_clk_wiz_0_1  {rise@0.000ns fall@5.000ns period=10.000ns})
  Destination:            led[0]
                            (output port)
  Path Group:             (none)
  Path Type:              Max at Slow Process Corner
  Data Path Delay:        12.867ns  (logic 4.843ns (37.636%)  route 8.025ns (62.364%))
  Logic Levels:           2  (LUT6=1 OBUF=1)
  Clock Uncertainty:      0.178ns  ((TSJ^2 + DJ^2)^1/2) / 2 + PE
    Total System Jitter     (TSJ):    0.050ns
    Discrete Jitter          (DJ):    0.136ns
    Phase Error              (PE):    0.105ns

    Location             Delay type                Incr(ns)  Path(ns)    Netlist Resource(s)
  -------------------------------------------------------------------    -------------------
                         (clock clk_out1_clk_wiz_0_1 rise edge)
                                                      0.000     0.000 r  
    W5                                                0.000     0.000 r  clk_in (IN)
                         net (fo=0)                   0.000     0.000    u_clk_wiz/inst/clk_in1
    W5                   IBUF (Prop_ibuf_I_O)         1.458     1.458 r  u_clk_wiz/inst/clkin1_ibufg/O
                         net (fo=1, routed)           1.253     2.711    u_clk_wiz/inst/clk_in1_clk_wiz_0
    PLLE2_ADV_X1Y0       PLLE2_ADV (Prop_plle2_adv_CLKIN1_CLKOUT0)
                                                     -8.482    -5.770 r  u_clk_wiz/inst/plle2_adv_inst/CLKOUT0
                         net (fo=1, routed)           1.655    -4.115    u_clk_wiz/inst/clk_out1_clk_wiz_0
    BUFGCTRL_X0Y0        BUFG (Prop_bufg_I_O)         0.096    -4.019 r  u_clk_wiz/inst/clkout1_buf/O
                         net (fo=1596, routed)        1.534    -2.485    XADC_INST/dclk_in
    XADC_X0Y0            XADC                                         r  XADC_INST/inst/DCLK
  -------------------------------------------------------------------    -------------------
    XADC_X0Y0            XADC (Prop_xadc_DCLK_DO[0])
                                                      1.214    -1.271 r  XADC_INST/inst/DO[0]
                         net (fo=5, routed)           2.580     1.309    MUX_RAW_DATA_EN/xadc_data[0]
    SLICE_X61Y66         LUT6 (Prop_lut6_I2_O)        0.124     1.433 r  MUX_RAW_DATA_EN/data[0]_INST_0/O
                         net (fo=2, routed)           5.445     6.878    led_OBUF[0]
    U16                  OBUF (Prop_obuf_I_O)         3.505    10.383 r  led_OBUF[0]_inst/O
                         net (fo=0)                   0.000    10.383    led[0]
    U16                                                               r  led[0] (OUT)
  -------------------------------------------------------------------    -------------------

Slack:                    inf
  Source:                 XADC_INST/inst/DCLK
                            (rising edge-triggered cell XADC clocked by clk_out1_clk_wiz_0_1  {rise@0.000ns fall@5.000ns period=10.000ns})
  Destination:            led[7]
                            (output port)
  Path Group:             (none)
  Path Type:              Max at Slow Process Corner
  Data Path Delay:        12.679ns  (logic 4.839ns (38.164%)  route 7.840ns (61.836%))
  Logic Levels:           2  (LUT6=1 OBUF=1)
  Clock Uncertainty:      0.178ns  ((TSJ^2 + DJ^2)^1/2) / 2 + PE
    Total System Jitter     (TSJ):    0.050ns
    Discrete Jitter          (DJ):    0.136ns
    Phase Error              (PE):    0.105ns

    Location             Delay type                Incr(ns)  Path(ns)    Netlist Resource(s)
  -------------------------------------------------------------------    -------------------
                         (clock clk_out1_clk_wiz_0_1 rise edge)
                                                      0.000     0.000 r  
    W5                                                0.000     0.000 r  clk_in (IN)
                         net (fo=0)                   0.000     0.000    u_clk_wiz/inst/clk_in1
    W5                   IBUF (Prop_ibuf_I_O)         1.458     1.458 r  u_clk_wiz/inst/clkin1_ibufg/O
                         net (fo=1, routed)           1.253     2.711    u_clk_wiz/inst/clk_in1_clk_wiz_0
    PLLE2_ADV_X1Y0       PLLE2_ADV (Prop_plle2_adv_CLKIN1_CLKOUT0)
                                                     -8.482    -5.770 r  u_clk_wiz/inst/plle2_adv_inst/CLKOUT0
                         net (fo=1, routed)           1.655    -4.115    u_clk_wiz/inst/clk_out1_clk_wiz_0
    BUFGCTRL_X0Y0        BUFG (Prop_bufg_I_O)         0.096    -4.019 r  u_clk_wiz/inst/clkout1_buf/O
                         net (fo=1596, routed)        1.534    -2.485    XADC_INST/dclk_in
    XADC_X0Y0            XADC                                         r  XADC_INST/inst/DCLK
  -------------------------------------------------------------------    -------------------
    XADC_X0Y0            XADC (Prop_xadc_DCLK_DO[7])
                                                      1.214    -1.271 r  XADC_INST/inst/DO[7]
                         net (fo=4, routed)           2.448     1.177    MUX_RAW_DATA_EN/xadc_data[7]
    SLICE_X57Y70         LUT6 (Prop_lut6_I2_O)        0.124     1.301 r  MUX_RAW_DATA_EN/data[7]_INST_0/O
                         net (fo=2, routed)           5.392     6.693    led_OBUF[7]
    V14                  OBUF (Prop_obuf_I_O)         3.501    10.194 r  led_OBUF[7]_inst/O
                         net (fo=0)                   0.000    10.194    led[7]
    V14                                                               r  led[7] (OUT)
  -------------------------------------------------------------------    -------------------

Slack:                    inf
  Source:                 XADC_INST/inst/DCLK
                            (rising edge-triggered cell XADC clocked by clk_out1_clk_wiz_0_1  {rise@0.000ns fall@5.000ns period=10.000ns})
  Destination:            led[4]
                            (output port)
  Path Group:             (none)
  Path Type:              Max at Slow Process Corner
  Data Path Delay:        12.552ns  (logic 4.847ns (38.613%)  route 7.705ns (61.387%))
  Logic Levels:           2  (LUT6=1 OBUF=1)
  Clock Uncertainty:      0.178ns  ((TSJ^2 + DJ^2)^1/2) / 2 + PE
    Total System Jitter     (TSJ):    0.050ns
    Discrete Jitter          (DJ):    0.136ns
    Phase Error              (PE):    0.105ns

    Location             Delay type                Incr(ns)  Path(ns)    Netlist Resource(s)
  -------------------------------------------------------------------    -------------------
                         (clock clk_out1_clk_wiz_0_1 rise edge)
                                                      0.000     0.000 r  
    W5                                                0.000     0.000 r  clk_in (IN)
                         net (fo=0)                   0.000     0.000    u_clk_wiz/inst/clk_in1
    W5                   IBUF (Prop_ibuf_I_O)         1.458     1.458 r  u_clk_wiz/inst/clkin1_ibufg/O
                         net (fo=1, routed)           1.253     2.711    u_clk_wiz/inst/clk_in1_clk_wiz_0
    PLLE2_ADV_X1Y0       PLLE2_ADV (Prop_plle2_adv_CLKIN1_CLKOUT0)
                                                     -8.482    -5.770 r  u_clk_wiz/inst/plle2_adv_inst/CLKOUT0
                         net (fo=1, routed)           1.655    -4.115    u_clk_wiz/inst/clk_out1_clk_wiz_0
    BUFGCTRL_X0Y0        BUFG (Prop_bufg_I_O)         0.096    -4.019 r  u_clk_wiz/inst/clkout1_buf/O
                         net (fo=1596, routed)        1.534    -2.485    XADC_INST/dclk_in
    XADC_X0Y0            XADC                                         r  XADC_INST/inst/DCLK
  -------------------------------------------------------------------    -------------------
    XADC_X0Y0            XADC (Prop_xadc_DCLK_DO[4])
                                                      1.214    -1.271 r  XADC_INST/inst/DO[4]
                         net (fo=4, routed)           2.867     1.596    MUX_RAW_DATA_EN/xadc_data[4]
    SLICE_X58Y68         LUT6 (Prop_lut6_I2_O)        0.124     1.720 r  MUX_RAW_DATA_EN/data[4]_INST_0/O
                         net (fo=2, routed)           4.838     6.558    led_OBUF[4]
    W18                  OBUF (Prop_obuf_I_O)         3.509    10.067 r  led_OBUF[4]_inst/O
                         net (fo=0)                   0.000    10.067    led[4]
    W18                                                               r  led[4] (OUT)
  -------------------------------------------------------------------    -------------------





Min Delay Paths
--------------------------------------------------------------------------------------
Slack:                    inf
  Source:                 PWM_ADC_SUBSYSTEM/captured_duty_cycle_reg[13]/C
                            (rising edge-triggered cell FDRE clocked by clk_out1_clk_wiz_0_1  {rise@0.000ns fall@5.000ns period=10.000ns})
  Destination:            led[13]
                            (output port)
  Path Group:             (none)
  Path Type:              Min at Fast Process Corner
  Data Path Delay:        2.106ns  (logic 1.394ns (66.230%)  route 0.711ns (33.770%))
  Logic Levels:           2  (LUT4=1 OBUF=1)
  Clock Uncertainty:      0.178ns  ((TSJ^2 + DJ^2)^1/2) / 2 + PE
    Total System Jitter     (TSJ):    0.050ns
    Discrete Jitter          (DJ):    0.136ns
    Phase Error              (PE):    0.105ns

    Location             Delay type                Incr(ns)  Path(ns)    Netlist Resource(s)
  -------------------------------------------------------------------    -------------------
                         (clock clk_out1_clk_wiz_0_1 rise edge)
                                                      0.000     0.000 r  
    W5                                                0.000     0.000 r  clk_in (IN)
                         net (fo=0)                   0.000     0.000    u_clk_wiz/inst/clk_in1
    W5                   IBUF (Prop_ibuf_I_O)         0.226     0.226 r  u_clk_wiz/inst/clkin1_ibufg/O
                         net (fo=1, routed)           0.440     0.667    u_clk_wiz/inst/clk_in1_clk_wiz_0
    PLLE2_ADV_X1Y0       PLLE2_ADV (Prop_plle2_adv_CLKIN1_CLKOUT0)
                                                     -2.322    -1.656 r  u_clk_wiz/inst/plle2_adv_inst/CLKOUT0
                         net (fo=1, routed)           0.501    -1.155    u_clk_wiz/inst/clk_out1_clk_wiz_0
    BUFGCTRL_X0Y0        BUFG (Prop_bufg_I_O)         0.026    -1.129 r  u_clk_wiz/inst/clkout1_buf/O
                         net (fo=1596, routed)        0.580    -0.549    PWM_ADC_SUBSYSTEM/clk
    SLICE_X59Y73         FDRE                                         r  PWM_ADC_SUBSYSTEM/captured_duty_cycle_reg[13]/C
  -------------------------------------------------------------------    -------------------
    SLICE_X59Y73         FDRE (Prop_fdre_C_Q)         0.141    -0.408 r  PWM_ADC_SUBSYSTEM/captured_duty_cycle_reg[13]/Q
                         net (fo=4, routed)           0.323    -0.085    MUX_RAW_DATA_EN/captured_duty_cycle[13]
    SLICE_X59Y75         LUT4 (Prop_lut4_I0_O)        0.045    -0.040 r  MUX_RAW_DATA_EN/data[13]_INST_0/O
                         net (fo=2, routed)           0.388     0.348    led_OBUF[13]
    N3                   OBUF (Prop_obuf_I_O)         1.208     1.556 r  led_OBUF[13]_inst/O
                         net (fo=0)                   0.000     1.556    led[13]
    N3                                                                r  led[13] (OUT)
  -------------------------------------------------------------------    -------------------

Slack:                    inf
  Source:                 R2R_ADC_SUBSYSTEM/sawtooth_pwm_inst/duty_cycle_reg[2]/C
                            (rising edge-triggered cell FDRE clocked by clk_out1_clk_wiz_0_1  {rise@0.000ns fall@5.000ns period=10.000ns})
  Destination:            R2R_out[2]
                            (output port)
  Path Group:             (none)
  Path Type:              Min at Fast Process Corner
  Data Path Delay:        2.212ns  (logic 1.418ns (64.122%)  route 0.794ns (35.878%))
  Logic Levels:           2  (LUT4=1 OBUF=1)
  Clock Uncertainty:      0.178ns  ((TSJ^2 + DJ^2)^1/2) / 2 + PE
    Total System Jitter     (TSJ):    0.050ns
    Discrete Jitter          (DJ):    0.136ns
    Phase Error              (PE):    0.105ns

    Location             Delay type                Incr(ns)  Path(ns)    Netlist Resource(s)
  -------------------------------------------------------------------    -------------------
                         (clock clk_out1_clk_wiz_0_1 rise edge)
                                                      0.000     0.000 r  
    W5                                                0.000     0.000 r  clk_in (IN)
                         net (fo=0)                   0.000     0.000    u_clk_wiz/inst/clk_in1
    W5                   IBUF (Prop_ibuf_I_O)         0.226     0.226 r  u_clk_wiz/inst/clkin1_ibufg/O
                         net (fo=1, routed)           0.440     0.667    u_clk_wiz/inst/clk_in1_clk_wiz_0
    PLLE2_ADV_X1Y0       PLLE2_ADV (Prop_plle2_adv_CLKIN1_CLKOUT0)
                                                     -2.322    -1.656 r  u_clk_wiz/inst/plle2_adv_inst/CLKOUT0
                         net (fo=1, routed)           0.501    -1.155    u_clk_wiz/inst/clk_out1_clk_wiz_0
    BUFGCTRL_X0Y0        BUFG (Prop_bufg_I_O)         0.026    -1.129 r  u_clk_wiz/inst/clkout1_buf/O
                         net (fo=1596, routed)        0.581    -0.548    R2R_ADC_SUBSYSTEM/sawtooth_pwm_inst/clk
    SLICE_X64Y73         FDRE                                         r  R2R_ADC_SUBSYSTEM/sawtooth_pwm_inst/duty_cycle_reg[2]/C
  -------------------------------------------------------------------    -------------------
    SLICE_X64Y73         FDRE (Prop_fdre_C_Q)         0.164    -0.384 r  R2R_ADC_SUBSYSTEM/sawtooth_pwm_inst/duty_cycle_reg[2]/Q
                         net (fo=4, routed)           0.144    -0.241    SAR_R2R_OUTPUT_MUX/in0[2]
    SLICE_X64Y72         LUT4 (Prop_lut4_I3_O)        0.045    -0.196 r  SAR_R2R_OUTPUT_MUX/mux_out[2]_INST_0/O
                         net (fo=1, routed)           0.650     0.454    R2R_out_OBUF[2]
    J2                   OBUF (Prop_obuf_I_O)         1.209     1.663 r  R2R_out_OBUF[2]_inst/O
                         net (fo=0)                   0.000     1.663    R2R_out[2]
    J2                                                                r  R2R_out[2] (OUT)
  -------------------------------------------------------------------    -------------------

Slack:                    inf
  Source:                 R2R_ADC_SUBSYSTEM/sawtooth_pwm_inst/duty_cycle_reg[5]/C
                            (rising edge-triggered cell FDRE clocked by clk_out1_clk_wiz_0_1  {rise@0.000ns fall@5.000ns period=10.000ns})
  Destination:            R2R_out[5]
                            (output port)
  Path Group:             (none)
  Path Type:              Min at Fast Process Corner
  Data Path Delay:        2.213ns  (logic 1.394ns (62.971%)  route 0.820ns (37.029%))
  Logic Levels:           2  (LUT4=1 OBUF=1)
  Clock Uncertainty:      0.178ns  ((TSJ^2 + DJ^2)^1/2) / 2 + PE
    Total System Jitter     (TSJ):    0.050ns
    Discrete Jitter          (DJ):    0.136ns
    Phase Error              (PE):    0.105ns

    Location             Delay type                Incr(ns)  Path(ns)    Netlist Resource(s)
  -------------------------------------------------------------------    -------------------
                         (clock clk_out1_clk_wiz_0_1 rise edge)
                                                      0.000     0.000 r  
    W5                                                0.000     0.000 r  clk_in (IN)
                         net (fo=0)                   0.000     0.000    u_clk_wiz/inst/clk_in1
    W5                   IBUF (Prop_ibuf_I_O)         0.226     0.226 r  u_clk_wiz/inst/clkin1_ibufg/O
                         net (fo=1, routed)           0.440     0.667    u_clk_wiz/inst/clk_in1_clk_wiz_0
    PLLE2_ADV_X1Y0       PLLE2_ADV (Prop_plle2_adv_CLKIN1_CLKOUT0)
                                                     -2.322    -1.656 r  u_clk_wiz/inst/plle2_adv_inst/CLKOUT0
                         net (fo=1, routed)           0.501    -1.155    u_clk_wiz/inst/clk_out1_clk_wiz_0
    BUFGCTRL_X0Y0        BUFG (Prop_bufg_I_O)         0.026    -1.129 r  u_clk_wiz/inst/clkout1_buf/O
                         net (fo=1596, routed)        0.580    -0.549    R2R_ADC_SUBSYSTEM/sawtooth_pwm_inst/clk
    SLICE_X63Y74         FDRE                                         r  R2R_ADC_SUBSYSTEM/sawtooth_pwm_inst/duty_cycle_reg[5]/C
  -------------------------------------------------------------------    -------------------
    SLICE_X63Y74         FDRE (Prop_fdre_C_Q)         0.141    -0.408 r  R2R_ADC_SUBSYSTEM/sawtooth_pwm_inst/duty_cycle_reg[5]/Q
                         net (fo=4, routed)           0.258    -0.150    SAR_R2R_OUTPUT_MUX/in0[5]
    SLICE_X64Y74         LUT4 (Prop_lut4_I3_O)        0.045    -0.105 r  SAR_R2R_OUTPUT_MUX/mux_out[5]_INST_0/O
                         net (fo=1, routed)           0.561     0.456    R2R_out_OBUF[5]
    K2                   OBUF (Prop_obuf_I_O)         1.208     1.664 r  R2R_out_OBUF[5]_inst/O
                         net (fo=0)                   0.000     1.664    R2R_out[5]
    K2                                                                r  R2R_out[5] (OUT)
  -------------------------------------------------------------------    -------------------

Slack:                    inf
  Source:                 R2R_ADC_SUBSYSTEM/sawtooth_pwm_inst/duty_cycle_reg[1]/C
                            (rising edge-triggered cell FDRE clocked by clk_out1_clk_wiz_0_1  {rise@0.000ns fall@5.000ns period=10.000ns})
  Destination:            R2R_out[1]
                            (output port)
  Path Group:             (none)
  Path Type:              Min at Fast Process Corner
  Data Path Delay:        2.237ns  (logic 1.426ns (63.739%)  route 0.811ns (36.261%))
  Logic Levels:           2  (LUT4=1 OBUF=1)
  Clock Uncertainty:      0.178ns  ((TSJ^2 + DJ^2)^1/2) / 2 + PE
    Total System Jitter     (TSJ):    0.050ns
    Discrete Jitter          (DJ):    0.136ns
    Phase Error              (PE):    0.105ns

    Location             Delay type                Incr(ns)  Path(ns)    Netlist Resource(s)
  -------------------------------------------------------------------    -------------------
                         (clock clk_out1_clk_wiz_0_1 rise edge)
                                                      0.000     0.000 r  
    W5                                                0.000     0.000 r  clk_in (IN)
                         net (fo=0)                   0.000     0.000    u_clk_wiz/inst/clk_in1
    W5                   IBUF (Prop_ibuf_I_O)         0.226     0.226 r  u_clk_wiz/inst/clkin1_ibufg/O
                         net (fo=1, routed)           0.440     0.667    u_clk_wiz/inst/clk_in1_clk_wiz_0
    PLLE2_ADV_X1Y0       PLLE2_ADV (Prop_plle2_adv_CLKIN1_CLKOUT0)
                                                     -2.322    -1.656 r  u_clk_wiz/inst/plle2_adv_inst/CLKOUT0
                         net (fo=1, routed)           0.501    -1.155    u_clk_wiz/inst/clk_out1_clk_wiz_0
    BUFGCTRL_X0Y0        BUFG (Prop_bufg_I_O)         0.026    -1.129 r  u_clk_wiz/inst/clkout1_buf/O
                         net (fo=1596, routed)        0.581    -0.548    R2R_ADC_SUBSYSTEM/sawtooth_pwm_inst/clk
    SLICE_X64Y73         FDRE                                         r  R2R_ADC_SUBSYSTEM/sawtooth_pwm_inst/duty_cycle_reg[1]/C
  -------------------------------------------------------------------    -------------------
    SLICE_X64Y73         FDRE (Prop_fdre_C_Q)         0.164    -0.384 r  R2R_ADC_SUBSYSTEM/sawtooth_pwm_inst/duty_cycle_reg[1]/Q
                         net (fo=4, routed)           0.250    -0.134    SAR_R2R_OUTPUT_MUX/in0[1]
    SLICE_X64Y72         LUT4 (Prop_lut4_I3_O)        0.045    -0.089 r  SAR_R2R_OUTPUT_MUX/mux_out[1]_INST_0/O
                         net (fo=1, routed)           0.561     0.472    R2R_out_OBUF[1]
    L2                   OBUF (Prop_obuf_I_O)         1.217     1.689 r  R2R_out_OBUF[1]_inst/O
                         net (fo=0)                   0.000     1.689    R2R_out[1]
    L2                                                                r  R2R_out[1] (OUT)
  -------------------------------------------------------------------    -------------------

Slack:                    inf
  Source:                 PWM_ADC_SUBSYSTEM/captured_duty_cycle_reg[14]/C
                            (rising edge-triggered cell FDRE clocked by clk_out1_clk_wiz_0_1  {rise@0.000ns fall@5.000ns period=10.000ns})
  Destination:            led[14]
                            (output port)
  Path Group:             (none)
  Path Type:              Min at Fast Process Corner
  Data Path Delay:        2.242ns  (logic 1.402ns (62.567%)  route 0.839ns (37.433%))
  Logic Levels:           2  (LUT4=1 OBUF=1)
  Clock Uncertainty:      0.178ns  ((TSJ^2 + DJ^2)^1/2) / 2 + PE
    Total System Jitter     (TSJ):    0.050ns
    Discrete Jitter          (DJ):    0.136ns
    Phase Error              (PE):    0.105ns

    Location             Delay type                Incr(ns)  Path(ns)    Netlist Resource(s)
  -------------------------------------------------------------------    -------------------
                         (clock clk_out1_clk_wiz_0_1 rise edge)
                                                      0.000     0.000 r  
    W5                                                0.000     0.000 r  clk_in (IN)
                         net (fo=0)                   0.000     0.000    u_clk_wiz/inst/clk_in1
    W5                   IBUF (Prop_ibuf_I_O)         0.226     0.226 r  u_clk_wiz/inst/clkin1_ibufg/O
                         net (fo=1, routed)           0.440     0.667    u_clk_wiz/inst/clk_in1_clk_wiz_0
    PLLE2_ADV_X1Y0       PLLE2_ADV (Prop_plle2_adv_CLKIN1_CLKOUT0)
                                                     -2.322    -1.656 r  u_clk_wiz/inst/plle2_adv_inst/CLKOUT0
                         net (fo=1, routed)           0.501    -1.155    u_clk_wiz/inst/clk_out1_clk_wiz_0
    BUFGCTRL_X0Y0        BUFG (Prop_bufg_I_O)         0.026    -1.129 r  u_clk_wiz/inst/clkout1_buf/O
                         net (fo=1596, routed)        0.580    -0.549    PWM_ADC_SUBSYSTEM/clk
    SLICE_X59Y73         FDRE                                         r  PWM_ADC_SUBSYSTEM/captured_duty_cycle_reg[14]/C
  -------------------------------------------------------------------    -------------------
    SLICE_X59Y73         FDRE (Prop_fdre_C_Q)         0.141    -0.408 r  PWM_ADC_SUBSYSTEM/captured_duty_cycle_reg[14]/Q
                         net (fo=4, routed)           0.245    -0.164    MUX_RAW_DATA_EN/captured_duty_cycle[14]
    SLICE_X59Y75         LUT4 (Prop_lut4_I0_O)        0.045    -0.119 r  MUX_RAW_DATA_EN/data[14]_INST_0/O
                         net (fo=2, routed)           0.594     0.476    led_OBUF[14]
    P1                   OBUF (Prop_obuf_I_O)         1.216     1.692 r  led_OBUF[14]_inst/O
                         net (fo=0)                   0.000     1.692    led[14]
    P1                                                                r  led[14] (OUT)
  -------------------------------------------------------------------    -------------------

Slack:                    inf
  Source:                 R2R_ADC_SUBSYSTEM/sawtooth_pwm_inst/duty_cycle_reg[4]/C
                            (rising edge-triggered cell FDRE clocked by clk_out1_clk_wiz_0_1  {rise@0.000ns fall@5.000ns period=10.000ns})
  Destination:            R2R_out[4]
                            (output port)
  Path Group:             (none)
  Path Type:              Min at Fast Process Corner
  Data Path Delay:        2.246ns  (logic 1.415ns (62.985%)  route 0.831ns (37.015%))
  Logic Levels:           2  (LUT4=1 OBUF=1)
  Clock Uncertainty:      0.178ns  ((TSJ^2 + DJ^2)^1/2) / 2 + PE
    Total System Jitter     (TSJ):    0.050ns
    Discrete Jitter          (DJ):    0.136ns
    Phase Error              (PE):    0.105ns

    Location             Delay type                Incr(ns)  Path(ns)    Netlist Resource(s)
  -------------------------------------------------------------------    -------------------
                         (clock clk_out1_clk_wiz_0_1 rise edge)
                                                      0.000     0.000 r  
    W5                                                0.000     0.000 r  clk_in (IN)
                         net (fo=0)                   0.000     0.000    u_clk_wiz/inst/clk_in1
    W5                   IBUF (Prop_ibuf_I_O)         0.226     0.226 r  u_clk_wiz/inst/clkin1_ibufg/O
                         net (fo=1, routed)           0.440     0.667    u_clk_wiz/inst/clk_in1_clk_wiz_0
    PLLE2_ADV_X1Y0       PLLE2_ADV (Prop_plle2_adv_CLKIN1_CLKOUT0)
                                                     -2.322    -1.656 r  u_clk_wiz/inst/plle2_adv_inst/CLKOUT0
                         net (fo=1, routed)           0.501    -1.155    u_clk_wiz/inst/clk_out1_clk_wiz_0
    BUFGCTRL_X0Y0        BUFG (Prop_bufg_I_O)         0.026    -1.129 r  u_clk_wiz/inst/clkout1_buf/O
                         net (fo=1596, routed)        0.581    -0.548    R2R_ADC_SUBSYSTEM/sawtooth_pwm_inst/clk
    SLICE_X64Y73         FDRE                                         r  R2R_ADC_SUBSYSTEM/sawtooth_pwm_inst/duty_cycle_reg[4]/C
  -------------------------------------------------------------------    -------------------
    SLICE_X64Y73         FDRE (Prop_fdre_C_Q)         0.164    -0.384 r  R2R_ADC_SUBSYSTEM/sawtooth_pwm_inst/duty_cycle_reg[4]/Q
                         net (fo=4, routed)           0.182    -0.203    SAR_R2R_OUTPUT_MUX/in0[4]
    SLICE_X64Y71         LUT4 (Prop_lut4_I3_O)        0.045    -0.158 r  SAR_R2R_OUTPUT_MUX/mux_out[4]_INST_0/O
                         net (fo=1, routed)           0.650     0.492    R2R_out_OBUF[4]
    H1                   OBUF (Prop_obuf_I_O)         1.206     1.698 r  R2R_out_OBUF[4]_inst/O
                         net (fo=0)                   0.000     1.698    R2R_out[4]
    H1                                                                r  R2R_out[4] (OUT)
  -------------------------------------------------------------------    -------------------

Slack:                    inf
  Source:                 PWM_ADC_SUBSYSTEM/captured_duty_cycle_reg[15]/C
                            (rising edge-triggered cell FDRE clocked by clk_out1_clk_wiz_0_1  {rise@0.000ns fall@5.000ns period=10.000ns})
  Destination:            led[15]
                            (output port)
  Path Group:             (none)
  Path Type:              Min at Fast Process Corner
  Data Path Delay:        2.274ns  (logic 1.408ns (61.937%)  route 0.866ns (38.063%))
  Logic Levels:           2  (LUT4=1 OBUF=1)
  Clock Uncertainty:      0.178ns  ((TSJ^2 + DJ^2)^1/2) / 2 + PE
    Total System Jitter     (TSJ):    0.050ns
    Discrete Jitter          (DJ):    0.136ns
    Phase Error              (PE):    0.105ns

    Location             Delay type                Incr(ns)  Path(ns)    Netlist Resource(s)
  -------------------------------------------------------------------    -------------------
                         (clock clk_out1_clk_wiz_0_1 rise edge)
                                                      0.000     0.000 r  
    W5                                                0.000     0.000 r  clk_in (IN)
                         net (fo=0)                   0.000     0.000    u_clk_wiz/inst/clk_in1
    W5                   IBUF (Prop_ibuf_I_O)         0.226     0.226 r  u_clk_wiz/inst/clkin1_ibufg/O
                         net (fo=1, routed)           0.440     0.667    u_clk_wiz/inst/clk_in1_clk_wiz_0
    PLLE2_ADV_X1Y0       PLLE2_ADV (Prop_plle2_adv_CLKIN1_CLKOUT0)
                                                     -2.322    -1.656 r  u_clk_wiz/inst/plle2_adv_inst/CLKOUT0
                         net (fo=1, routed)           0.501    -1.155    u_clk_wiz/inst/clk_out1_clk_wiz_0
    BUFGCTRL_X0Y0        BUFG (Prop_bufg_I_O)         0.026    -1.129 r  u_clk_wiz/inst/clkout1_buf/O
                         net (fo=1596, routed)        0.580    -0.549    PWM_ADC_SUBSYSTEM/clk
    SLICE_X59Y73         FDRE                                         r  PWM_ADC_SUBSYSTEM/captured_duty_cycle_reg[15]/C
  -------------------------------------------------------------------    -------------------
    SLICE_X59Y73         FDRE (Prop_fdre_C_Q)         0.141    -0.408 r  PWM_ADC_SUBSYSTEM/captured_duty_cycle_reg[15]/Q
                         net (fo=5, routed)           0.299    -0.110    MUX_RAW_DATA_EN/captured_duty_cycle[15]
    SLICE_X59Y74         LUT4 (Prop_lut4_I0_O)        0.045    -0.065 r  MUX_RAW_DATA_EN/data[15]_INST_0/O
                         net (fo=2, routed)           0.567     0.502    led_OBUF[15]
    L1                   OBUF (Prop_obuf_I_O)         1.222     1.725 r  led_OBUF[15]_inst/O
                         net (fo=0)                   0.000     1.725    led[15]
    L1                                                                r  led[15] (OUT)
  -------------------------------------------------------------------    -------------------

Slack:                    inf
  Source:                 R2R_ADC_SUBSYSTEM/sawtooth_pwm_inst/duty_cycle_reg[7]/C
                            (rising edge-triggered cell FDRE clocked by clk_out1_clk_wiz_0_1  {rise@0.000ns fall@5.000ns period=10.000ns})
  Destination:            R2R_out[7]
                            (output port)
  Path Group:             (none)
  Path Type:              Min at Fast Process Corner
  Data Path Delay:        2.290ns  (logic 1.394ns (60.870%)  route 0.896ns (39.130%))
  Logic Levels:           2  (LUT4=1 OBUF=1)
  Clock Uncertainty:      0.178ns  ((TSJ^2 + DJ^2)^1/2) / 2 + PE
    Total System Jitter     (TSJ):    0.050ns
    Discrete Jitter          (DJ):    0.136ns
    Phase Error              (PE):    0.105ns

    Location             Delay type                Incr(ns)  Path(ns)    Netlist Resource(s)
  -------------------------------------------------------------------    -------------------
                         (clock clk_out1_clk_wiz_0_1 rise edge)
                                                      0.000     0.000 r  
    W5                                                0.000     0.000 r  clk_in (IN)
                         net (fo=0)                   0.000     0.000    u_clk_wiz/inst/clk_in1
    W5                   IBUF (Prop_ibuf_I_O)         0.226     0.226 r  u_clk_wiz/inst/clkin1_ibufg/O
                         net (fo=1, routed)           0.440     0.667    u_clk_wiz/inst/clk_in1_clk_wiz_0
    PLLE2_ADV_X1Y0       PLLE2_ADV (Prop_plle2_adv_CLKIN1_CLKOUT0)
                                                     -2.322    -1.656 r  u_clk_wiz/inst/plle2_adv_inst/CLKOUT0
                         net (fo=1, routed)           0.501    -1.155    u_clk_wiz/inst/clk_out1_clk_wiz_0
    BUFGCTRL_X0Y0        BUFG (Prop_bufg_I_O)         0.026    -1.129 r  u_clk_wiz/inst/clkout1_buf/O
                         net (fo=1596, routed)        0.580    -0.549    R2R_ADC_SUBSYSTEM/sawtooth_pwm_inst/clk
    SLICE_X63Y74         FDRE                                         r  R2R_ADC_SUBSYSTEM/sawtooth_pwm_inst/duty_cycle_reg[7]/C
  -------------------------------------------------------------------    -------------------
    SLICE_X63Y74         FDRE (Prop_fdre_C_Q)         0.141    -0.408 r  R2R_ADC_SUBSYSTEM/sawtooth_pwm_inst/duty_cycle_reg[7]/Q
                         net (fo=4, routed)           0.289    -0.120    SAR_R2R_OUTPUT_MUX/in0[7]
    SLICE_X64Y72         LUT4 (Prop_lut4_I3_O)        0.045    -0.075 r  SAR_R2R_OUTPUT_MUX/mux_out[7]_INST_0/O
                         net (fo=1, routed)           0.608     0.533    R2R_out_OBUF[7]
    G3                   OBUF (Prop_obuf_I_O)         1.208     1.741 r  R2R_out_OBUF[7]_inst/O
                         net (fo=0)                   0.000     1.741    R2R_out[7]
    G3                                                                r  R2R_out[7] (OUT)
  -------------------------------------------------------------------    -------------------

Slack:                    inf
  Source:                 SEVEN_SEGMENT_DISPLAY/DIGIT_SELECTOR/q_reg[0]/C
                            (rising edge-triggered cell FDSE clocked by clk_out1_clk_wiz_0_1  {rise@0.000ns fall@5.000ns period=10.000ns})
  Destination:            AN1
                            (output port)
  Path Group:             (none)
  Path Type:              Min at Fast Process Corner
  Data Path Delay:        2.318ns  (logic 1.413ns (60.973%)  route 0.904ns (39.027%))
  Logic Levels:           2  (LUT1=1 OBUF=1)
  Clock Uncertainty:      0.178ns  ((TSJ^2 + DJ^2)^1/2) / 2 + PE
    Total System Jitter     (TSJ):    0.050ns
    Discrete Jitter          (DJ):    0.136ns
    Phase Error              (PE):    0.105ns

    Location             Delay type                Incr(ns)  Path(ns)    Netlist Resource(s)
  -------------------------------------------------------------------    -------------------
                         (clock clk_out1_clk_wiz_0_1 rise edge)
                                                      0.000     0.000 r  
    W5                                                0.000     0.000 r  clk_in (IN)
                         net (fo=0)                   0.000     0.000    u_clk_wiz/inst/clk_in1
    W5                   IBUF (Prop_ibuf_I_O)         0.226     0.226 r  u_clk_wiz/inst/clkin1_ibufg/O
                         net (fo=1, routed)           0.440     0.667    u_clk_wiz/inst/clk_in1_clk_wiz_0
    PLLE2_ADV_X1Y0       PLLE2_ADV (Prop_plle2_adv_CLKIN1_CLKOUT0)
                                                     -2.322    -1.656 r  u_clk_wiz/inst/plle2_adv_inst/CLKOUT0
                         net (fo=1, routed)           0.501    -1.155    u_clk_wiz/inst/clk_out1_clk_wiz_0
    BUFGCTRL_X0Y0        BUFG (Prop_bufg_I_O)         0.026    -1.129 r  u_clk_wiz/inst/clkout1_buf/O
                         net (fo=1596, routed)        0.591    -0.538    SEVEN_SEGMENT_DISPLAY/DIGIT_SELECTOR/clk
    SLICE_X60Y58         FDSE                                         r  SEVEN_SEGMENT_DISPLAY/DIGIT_SELECTOR/q_reg[0]/C
  -------------------------------------------------------------------    -------------------
    SLICE_X60Y58         FDSE (Prop_fdse_C_Q)         0.164    -0.374 f  SEVEN_SEGMENT_DISPLAY/DIGIT_SELECTOR/q_reg[0]/Q
                         net (fo=13, routed)          0.158    -0.216    SEVEN_SEGMENT_DISPLAY/DIGIT_SELECTOR/digit_select[0]
    SLICE_X61Y58         LUT1 (Prop_lut1_I0_O)        0.045    -0.171 r  SEVEN_SEGMENT_DISPLAY/DIGIT_SELECTOR/an_outputs[0]_INST_0/O
                         net (fo=1, routed)           0.746     0.575    AN1_OBUF
    U2                   OBUF (Prop_obuf_I_O)         1.204     1.779 r  AN1_OBUF_inst/O
                         net (fo=0)                   0.000     1.779    AN1
    U2                                                                r  AN1 (OUT)
  -------------------------------------------------------------------    -------------------

Slack:                    inf
  Source:                 R2R_ADC_SUBSYSTEM/sawtooth_pwm_inst/duty_cycle_reg[0]/C
                            (rising edge-triggered cell FDRE clocked by clk_out1_clk_wiz_0_1  {rise@0.000ns fall@5.000ns period=10.000ns})
  Destination:            R2R_out[0]
                            (output port)
  Path Group:             (none)
  Path Type:              Min at Fast Process Corner
  Data Path Delay:        2.372ns  (logic 1.392ns (58.691%)  route 0.980ns (41.309%))
  Logic Levels:           2  (LUT4=1 OBUF=1)
  Clock Uncertainty:      0.178ns  ((TSJ^2 + DJ^2)^1/2) / 2 + PE
    Total System Jitter     (TSJ):    0.050ns
    Discrete Jitter          (DJ):    0.136ns
    Phase Error              (PE):    0.105ns

    Location             Delay type                Incr(ns)  Path(ns)    Netlist Resource(s)
  -------------------------------------------------------------------    -------------------
                         (clock clk_out1_clk_wiz_0_1 rise edge)
                                                      0.000     0.000 r  
    W5                                                0.000     0.000 r  clk_in (IN)
                         net (fo=0)                   0.000     0.000    u_clk_wiz/inst/clk_in1
    W5                   IBUF (Prop_ibuf_I_O)         0.226     0.226 r  u_clk_wiz/inst/clkin1_ibufg/O
                         net (fo=1, routed)           0.440     0.667    u_clk_wiz/inst/clk_in1_clk_wiz_0
    PLLE2_ADV_X1Y0       PLLE2_ADV (Prop_plle2_adv_CLKIN1_CLKOUT0)
                                                     -2.322    -1.656 r  u_clk_wiz/inst/plle2_adv_inst/CLKOUT0
                         net (fo=1, routed)           0.501    -1.155    u_clk_wiz/inst/clk_out1_clk_wiz_0
    BUFGCTRL_X0Y0        BUFG (Prop_bufg_I_O)         0.026    -1.129 r  u_clk_wiz/inst/clkout1_buf/O
                         net (fo=1596, routed)        0.581    -0.548    R2R_ADC_SUBSYSTEM/sawtooth_pwm_inst/clk
    SLICE_X63Y73         FDRE                                         r  R2R_ADC_SUBSYSTEM/sawtooth_pwm_inst/duty_cycle_reg[0]/C
  -------------------------------------------------------------------    -------------------
    SLICE_X63Y73         FDRE (Prop_fdre_C_Q)         0.141    -0.407 r  R2R_ADC_SUBSYSTEM/sawtooth_pwm_inst/duty_cycle_reg[0]/Q
                         net (fo=5, routed)           0.280    -0.128    SAR_R2R_OUTPUT_MUX/in0[0]
    SLICE_X64Y71         LUT4 (Prop_lut4_I3_O)        0.045    -0.083 r  SAR_R2R_OUTPUT_MUX/mux_out[0]_INST_0/O
                         net (fo=1, routed)           0.700     0.618    R2R_out_OBUF[0]
    J1                   OBUF (Prop_obuf_I_O)         1.206     1.824 r  R2R_out_OBUF[0]_inst/O
                         net (fo=0)                   0.000     1.824    R2R_out[0]
    J1                                                                r  R2R_out[0] (OUT)
  -------------------------------------------------------------------    -------------------





--------------------------------------------------------------------------------------
Path Group:  (none)
From Clock:  clkfbout_clk_wiz_0
  To Clock:  

Max Delay             1 Endpoint
Min Delay             1 Endpoint
--------------------------------------------------------------------------------------


Max Delay Paths
--------------------------------------------------------------------------------------
Slack:                    inf
  Source:                 u_clk_wiz/inst/plle2_adv_inst/CLKFBOUT
                            (clock source 'clkfbout_clk_wiz_0'  {rise@0.000ns fall@5.000ns period=10.000ns})
  Destination:            u_clk_wiz/inst/plle2_adv_inst/CLKFBIN
  Path Group:             (none)
  Path Type:              Max at Fast Process Corner
  Data Path Delay:        1.396ns  (logic 0.029ns (2.077%)  route 1.367ns (97.923%))
  Logic Levels:           1  (BUFG=1)
  Clock Uncertainty:      0.158ns  ((TSJ^2 + DJ^2)^1/2) / 2 + PE
    Total System Jitter     (TSJ):    0.050ns
    Discrete Jitter          (DJ):    0.091ns
    Phase Error              (PE):    0.105ns

    Location             Delay type                Incr(ns)  Path(ns)    Netlist Resource(s)
  -------------------------------------------------------------------    -------------------
                         (clock clkfbout_clk_wiz_0 fall edge)
                                                      5.000     5.000 f  
    W5                                                0.000     5.000 f  clk_in (IN)
                         net (fo=0)                   0.000     5.000    u_clk_wiz/inst/clk_in1
    W5                   IBUF (Prop_ibuf_I_O)         0.414     5.414 f  u_clk_wiz/inst/clkin1_ibufg/O
                         net (fo=1, routed)           0.481     5.895    u_clk_wiz/inst/clk_in1_clk_wiz_0
  -------------------------------------------------------------------    -------------------
    PLLE2_ADV_X1Y0       PLLE2_ADV (Prop_plle2_adv_CLKIN1_CLKFBOUT)
                                                     -2.638     3.257 f  u_clk_wiz/inst/plle2_adv_inst/CLKFBOUT
                         net (fo=1, routed)           0.546     3.803    u_clk_wiz/inst/clkfbout_clk_wiz_0
    BUFGCTRL_X0Y1        BUFG (Prop_bufg_I_O)         0.029     3.832 f  u_clk_wiz/inst/clkf_buf/O
                         net (fo=1, routed)           0.822     4.653    u_clk_wiz/inst/clkfbout_buf_clk_wiz_0
    PLLE2_ADV_X1Y0       PLLE2_ADV                                    f  u_clk_wiz/inst/plle2_adv_inst/CLKFBIN
  -------------------------------------------------------------------    -------------------





Min Delay Paths
--------------------------------------------------------------------------------------
Slack:                    inf
  Source:                 u_clk_wiz/inst/plle2_adv_inst/CLKFBOUT
                            (clock source 'clkfbout_clk_wiz_0'  {rise@0.000ns fall@5.000ns period=10.000ns})
  Destination:            u_clk_wiz/inst/plle2_adv_inst/CLKFBIN
  Path Group:             (none)
  Path Type:              Min at Slow Process Corner
  Data Path Delay:        3.146ns  (logic 0.091ns (2.892%)  route 3.055ns (97.108%))
  Logic Levels:           1  (BUFG=1)
  Clock Uncertainty:      0.158ns  ((TSJ^2 + DJ^2)^1/2) / 2 + PE
    Total System Jitter     (TSJ):    0.050ns
    Discrete Jitter          (DJ):    0.091ns
    Phase Error              (PE):    0.105ns

    Location             Delay type                Incr(ns)  Path(ns)    Netlist Resource(s)
  -------------------------------------------------------------------    -------------------
                         (clock clkfbout_clk_wiz_0 rise edge)
                                                      0.000     0.000 r  
    W5                                                0.000     0.000 r  clk_in (IN)
                         net (fo=0)                   0.000     0.000    u_clk_wiz/inst/clk_in1
    W5                   IBUF (Prop_ibuf_I_O)         1.388     1.388 r  u_clk_wiz/inst/clkin1_ibufg/O
                         net (fo=1, routed)           1.181     2.569    u_clk_wiz/inst/clk_in1_clk_wiz_0
  -------------------------------------------------------------------    -------------------
    PLLE2_ADV_X1Y0       PLLE2_ADV (Prop_plle2_adv_CLKIN1_CLKFBOUT)
                                                     -7.750    -5.181 r  u_clk_wiz/inst/plle2_adv_inst/CLKFBOUT
                         net (fo=1, routed)           1.576    -3.604    u_clk_wiz/inst/clkfbout_clk_wiz_0
    BUFGCTRL_X0Y1        BUFG (Prop_bufg_I_O)         0.091    -3.513 r  u_clk_wiz/inst/clkf_buf/O
                         net (fo=1, routed)           1.479    -2.034    u_clk_wiz/inst/clkfbout_buf_clk_wiz_0
    PLLE2_ADV_X1Y0       PLLE2_ADV                                    r  u_clk_wiz/inst/plle2_adv_inst/CLKFBIN
  -------------------------------------------------------------------    -------------------





--------------------------------------------------------------------------------------
Path Group:  (none)
From Clock:  clkfbout_clk_wiz_0_1
  To Clock:  

Max Delay             1 Endpoint
Min Delay             1 Endpoint
--------------------------------------------------------------------------------------


Max Delay Paths
--------------------------------------------------------------------------------------
Slack:                    inf
  Source:                 u_clk_wiz/inst/plle2_adv_inst/CLKFBOUT
                            (clock source 'clkfbout_clk_wiz_0_1'  {rise@0.000ns fall@5.000ns period=10.000ns})
  Destination:            u_clk_wiz/inst/plle2_adv_inst/CLKFBIN
  Path Group:             (none)
  Path Type:              Max at Fast Process Corner
  Data Path Delay:        1.396ns  (logic 0.029ns (2.077%)  route 1.367ns (97.923%))
  Logic Levels:           1  (BUFG=1)
  Clock Uncertainty:      0.157ns  ((TSJ^2 + DJ^2)^1/2) / 2 + PE
    Total System Jitter     (TSJ):    0.050ns
    Discrete Jitter          (DJ):    0.089ns
    Phase Error              (PE):    0.105ns

    Location             Delay type                Incr(ns)  Path(ns)    Netlist Resource(s)
  -------------------------------------------------------------------    -------------------
                         (clock clkfbout_clk_wiz_0_1 fall edge)
                                                      5.000     5.000 f  
    W5                                                0.000     5.000 f  clk_in (IN)
                         net (fo=0)                   0.000     5.000    u_clk_wiz/inst/clk_in1
    W5                   IBUF (Prop_ibuf_I_O)         0.414     5.414 f  u_clk_wiz/inst/clkin1_ibufg/O
                         net (fo=1, routed)           0.481     5.895    u_clk_wiz/inst/clk_in1_clk_wiz_0
  -------------------------------------------------------------------    -------------------
    PLLE2_ADV_X1Y0       PLLE2_ADV (Prop_plle2_adv_CLKIN1_CLKFBOUT)
                                                     -2.638     3.257 f  u_clk_wiz/inst/plle2_adv_inst/CLKFBOUT
                         net (fo=1, routed)           0.546     3.803    u_clk_wiz/inst/clkfbout_clk_wiz_0
    BUFGCTRL_X0Y1        BUFG (Prop_bufg_I_O)         0.029     3.832 f  u_clk_wiz/inst/clkf_buf/O
                         net (fo=1, routed)           0.822     4.653    u_clk_wiz/inst/clkfbout_buf_clk_wiz_0
    PLLE2_ADV_X1Y0       PLLE2_ADV                                    f  u_clk_wiz/inst/plle2_adv_inst/CLKFBIN
  -------------------------------------------------------------------    -------------------





Min Delay Paths
--------------------------------------------------------------------------------------
Slack:                    inf
  Source:                 u_clk_wiz/inst/plle2_adv_inst/CLKFBOUT
                            (clock source 'clkfbout_clk_wiz_0_1'  {rise@0.000ns fall@5.000ns period=10.000ns})
  Destination:            u_clk_wiz/inst/plle2_adv_inst/CLKFBIN
  Path Group:             (none)
  Path Type:              Min at Slow Process Corner
  Data Path Delay:        3.146ns  (logic 0.091ns (2.892%)  route 3.055ns (97.108%))
  Logic Levels:           1  (BUFG=1)
  Clock Uncertainty:      0.157ns  ((TSJ^2 + DJ^2)^1/2) / 2 + PE
    Total System Jitter     (TSJ):    0.050ns
    Discrete Jitter          (DJ):    0.089ns
    Phase Error              (PE):    0.105ns

    Location             Delay type                Incr(ns)  Path(ns)    Netlist Resource(s)
  -------------------------------------------------------------------    -------------------
                         (clock clkfbout_clk_wiz_0_1 rise edge)
                                                      0.000     0.000 r  
    W5                                                0.000     0.000 r  clk_in (IN)
                         net (fo=0)                   0.000     0.000    u_clk_wiz/inst/clk_in1
    W5                   IBUF (Prop_ibuf_I_O)         1.388     1.388 r  u_clk_wiz/inst/clkin1_ibufg/O
                         net (fo=1, routed)           1.181     2.569    u_clk_wiz/inst/clk_in1_clk_wiz_0
  -------------------------------------------------------------------    -------------------
    PLLE2_ADV_X1Y0       PLLE2_ADV (Prop_plle2_adv_CLKIN1_CLKFBOUT)
                                                     -7.750    -5.181 r  u_clk_wiz/inst/plle2_adv_inst/CLKFBOUT
                         net (fo=1, routed)           1.576    -3.604    u_clk_wiz/inst/clkfbout_clk_wiz_0
    BUFGCTRL_X0Y1        BUFG (Prop_bufg_I_O)         0.091    -3.513 r  u_clk_wiz/inst/clkf_buf/O
                         net (fo=1, routed)           1.479    -2.034    u_clk_wiz/inst/clkfbout_buf_clk_wiz_0
    PLLE2_ADV_X1Y0       PLLE2_ADV                                    r  u_clk_wiz/inst/plle2_adv_inst/CLKFBIN
  -------------------------------------------------------------------    -------------------





--------------------------------------------------------------------------------------
Path Group:  (none)
From Clock:  
  To Clock:  clk_out1_clk_wiz_0

Max Delay          1216 Endpoints
Min Delay          1216 Endpoints
--------------------------------------------------------------------------------------


Max Delay Paths
--------------------------------------------------------------------------------------
Slack:                    inf
  Source:                 reset
                            (input port)
  Destination:            R2R_ADC_SUBSYSTEM/sawtooth_pwm_inst/duty_cycle_reg[12]/R
                            (rising edge-triggered cell FDRE clocked by clk_out1_clk_wiz_0  {rise@0.000ns fall@5.000ns period=10.000ns})
  Path Group:             (none)
  Path Type:              Setup (Max at Slow Process Corner)
  Data Path Delay:        12.742ns  (logic 1.565ns (12.284%)  route 11.177ns (87.716%))
  Logic Levels:           2  (IBUF=1 LUT2=1)
  Clock Path Skew:        -2.020ns (DCD - SCD + CPR)
    Destination Clock Delay (DCD):    -2.020ns
    Source Clock Delay      (SCD):    0.000ns
    Clock Pessimism Removal (CPR):    0.000ns
  Clock Uncertainty:      0.179ns  ((TSJ^2 + DJ^2)^1/2) / 2 + PE
    Total System Jitter     (TSJ):    0.050ns
    Discrete Jitter          (DJ):    0.138ns
    Phase Error              (PE):    0.105ns

    Location             Delay type                Incr(ns)  Path(ns)    Netlist Resource(s)
  -------------------------------------------------------------------    -------------------
    U18                                               0.000     0.000 r  reset (IN)
                         net (fo=0)                   0.000     0.000    reset
    U18                  IBUF (Prop_ibuf_I_O)         1.441     1.441 r  reset_IBUF_inst/O
                         net (fo=1141, routed)        9.367    10.809    R2R_ADC_SUBSYSTEM/sawtooth_pwm_inst/reset
    SLICE_X64Y65         LUT2 (Prop_lut2_I0_O)        0.124    10.933 r  R2R_ADC_SUBSYSTEM/sawtooth_pwm_inst/duty_cycle[7]_i_1/O
                         net (fo=16, routed)          1.810    12.742    R2R_ADC_SUBSYSTEM/sawtooth_pwm_inst/duty_cycle[7]_i_1_n_0
    SLICE_X64Y76         FDRE                                         r  R2R_ADC_SUBSYSTEM/sawtooth_pwm_inst/duty_cycle_reg[12]/R
  -------------------------------------------------------------------    -------------------

                         (clock clk_out1_clk_wiz_0 rise edge)
                                                      0.000     0.000 r  
    W5                                                0.000     0.000 r  clk_in (IN)
                         net (fo=0)                   0.000     0.000    u_clk_wiz/inst/clk_in1
    W5                   IBUF (Prop_ibuf_I_O)         1.388     1.388 r  u_clk_wiz/inst/clkin1_ibufg/O
                         net (fo=1, routed)           1.181     2.569    u_clk_wiz/inst/clk_in1_clk_wiz_0
    PLLE2_ADV_X1Y0       PLLE2_ADV (Prop_plle2_adv_CLKIN1_CLKOUT0)
                                                     -7.750    -5.181 r  u_clk_wiz/inst/plle2_adv_inst/CLKOUT0
                         net (fo=1, routed)           1.576    -3.604    u_clk_wiz/inst/clk_out1_clk_wiz_0
    BUFGCTRL_X0Y0        BUFG (Prop_bufg_I_O)         0.091    -3.513 r  u_clk_wiz/inst/clkout1_buf/O
                         net (fo=1596, routed)        1.494    -2.020    R2R_ADC_SUBSYSTEM/sawtooth_pwm_inst/clk
    SLICE_X64Y76         FDRE                                         r  R2R_ADC_SUBSYSTEM/sawtooth_pwm_inst/duty_cycle_reg[12]/C

Slack:                    inf
  Source:                 reset
                            (input port)
  Destination:            R2R_ADC_SUBSYSTEM/sawtooth_pwm_inst/duty_cycle_reg[13]/R
                            (rising edge-triggered cell FDRE clocked by clk_out1_clk_wiz_0  {rise@0.000ns fall@5.000ns period=10.000ns})
  Path Group:             (none)
  Path Type:              Setup (Max at Slow Process Corner)
  Data Path Delay:        12.742ns  (logic 1.565ns (12.284%)  route 11.177ns (87.716%))
  Logic Levels:           2  (IBUF=1 LUT2=1)
  Clock Path Skew:        -2.020ns (DCD - SCD + CPR)
    Destination Clock Delay (DCD):    -2.020ns
    Source Clock Delay      (SCD):    0.000ns
    Clock Pessimism Removal (CPR):    0.000ns
  Clock Uncertainty:      0.179ns  ((TSJ^2 + DJ^2)^1/2) / 2 + PE
    Total System Jitter     (TSJ):    0.050ns
    Discrete Jitter          (DJ):    0.138ns
    Phase Error              (PE):    0.105ns

    Location             Delay type                Incr(ns)  Path(ns)    Netlist Resource(s)
  -------------------------------------------------------------------    -------------------
    U18                                               0.000     0.000 r  reset (IN)
                         net (fo=0)                   0.000     0.000    reset
    U18                  IBUF (Prop_ibuf_I_O)         1.441     1.441 r  reset_IBUF_inst/O
                         net (fo=1141, routed)        9.367    10.809    R2R_ADC_SUBSYSTEM/sawtooth_pwm_inst/reset
    SLICE_X64Y65         LUT2 (Prop_lut2_I0_O)        0.124    10.933 r  R2R_ADC_SUBSYSTEM/sawtooth_pwm_inst/duty_cycle[7]_i_1/O
                         net (fo=16, routed)          1.810    12.742    R2R_ADC_SUBSYSTEM/sawtooth_pwm_inst/duty_cycle[7]_i_1_n_0
    SLICE_X64Y76         FDRE                                         r  R2R_ADC_SUBSYSTEM/sawtooth_pwm_inst/duty_cycle_reg[13]/R
  -------------------------------------------------------------------    -------------------

                         (clock clk_out1_clk_wiz_0 rise edge)
                                                      0.000     0.000 r  
    W5                                                0.000     0.000 r  clk_in (IN)
                         net (fo=0)                   0.000     0.000    u_clk_wiz/inst/clk_in1
    W5                   IBUF (Prop_ibuf_I_O)         1.388     1.388 r  u_clk_wiz/inst/clkin1_ibufg/O
                         net (fo=1, routed)           1.181     2.569    u_clk_wiz/inst/clk_in1_clk_wiz_0
    PLLE2_ADV_X1Y0       PLLE2_ADV (Prop_plle2_adv_CLKIN1_CLKOUT0)
                                                     -7.750    -5.181 r  u_clk_wiz/inst/plle2_adv_inst/CLKOUT0
                         net (fo=1, routed)           1.576    -3.604    u_clk_wiz/inst/clk_out1_clk_wiz_0
    BUFGCTRL_X0Y0        BUFG (Prop_bufg_I_O)         0.091    -3.513 r  u_clk_wiz/inst/clkout1_buf/O
                         net (fo=1596, routed)        1.494    -2.020    R2R_ADC_SUBSYSTEM/sawtooth_pwm_inst/clk
    SLICE_X64Y76         FDRE                                         r  R2R_ADC_SUBSYSTEM/sawtooth_pwm_inst/duty_cycle_reg[13]/C

Slack:                    inf
  Source:                 reset
                            (input port)
  Destination:            R2R_ADC_SUBSYSTEM/sawtooth_pwm_inst/duty_cycle_reg[14]/R
                            (rising edge-triggered cell FDRE clocked by clk_out1_clk_wiz_0  {rise@0.000ns fall@5.000ns period=10.000ns})
  Path Group:             (none)
  Path Type:              Setup (Max at Slow Process Corner)
  Data Path Delay:        12.742ns  (logic 1.565ns (12.284%)  route 11.177ns (87.716%))
  Logic Levels:           2  (IBUF=1 LUT2=1)
  Clock Path Skew:        -2.020ns (DCD - SCD + CPR)
    Destination Clock Delay (DCD):    -2.020ns
    Source Clock Delay      (SCD):    0.000ns
    Clock Pessimism Removal (CPR):    0.000ns
  Clock Uncertainty:      0.179ns  ((TSJ^2 + DJ^2)^1/2) / 2 + PE
    Total System Jitter     (TSJ):    0.050ns
    Discrete Jitter          (DJ):    0.138ns
    Phase Error              (PE):    0.105ns

    Location             Delay type                Incr(ns)  Path(ns)    Netlist Resource(s)
  -------------------------------------------------------------------    -------------------
    U18                                               0.000     0.000 r  reset (IN)
                         net (fo=0)                   0.000     0.000    reset
    U18                  IBUF (Prop_ibuf_I_O)         1.441     1.441 r  reset_IBUF_inst/O
                         net (fo=1141, routed)        9.367    10.809    R2R_ADC_SUBSYSTEM/sawtooth_pwm_inst/reset
    SLICE_X64Y65         LUT2 (Prop_lut2_I0_O)        0.124    10.933 r  R2R_ADC_SUBSYSTEM/sawtooth_pwm_inst/duty_cycle[7]_i_1/O
                         net (fo=16, routed)          1.810    12.742    R2R_ADC_SUBSYSTEM/sawtooth_pwm_inst/duty_cycle[7]_i_1_n_0
    SLICE_X64Y76         FDRE                                         r  R2R_ADC_SUBSYSTEM/sawtooth_pwm_inst/duty_cycle_reg[14]/R
  -------------------------------------------------------------------    -------------------

                         (clock clk_out1_clk_wiz_0 rise edge)
                                                      0.000     0.000 r  
    W5                                                0.000     0.000 r  clk_in (IN)
                         net (fo=0)                   0.000     0.000    u_clk_wiz/inst/clk_in1
    W5                   IBUF (Prop_ibuf_I_O)         1.388     1.388 r  u_clk_wiz/inst/clkin1_ibufg/O
                         net (fo=1, routed)           1.181     2.569    u_clk_wiz/inst/clk_in1_clk_wiz_0
    PLLE2_ADV_X1Y0       PLLE2_ADV (Prop_plle2_adv_CLKIN1_CLKOUT0)
                                                     -7.750    -5.181 r  u_clk_wiz/inst/plle2_adv_inst/CLKOUT0
                         net (fo=1, routed)           1.576    -3.604    u_clk_wiz/inst/clk_out1_clk_wiz_0
    BUFGCTRL_X0Y0        BUFG (Prop_bufg_I_O)         0.091    -3.513 r  u_clk_wiz/inst/clkout1_buf/O
                         net (fo=1596, routed)        1.494    -2.020    R2R_ADC_SUBSYSTEM/sawtooth_pwm_inst/clk
    SLICE_X64Y76         FDRE                                         r  R2R_ADC_SUBSYSTEM/sawtooth_pwm_inst/duty_cycle_reg[14]/C

Slack:                    inf
  Source:                 reset
                            (input port)
  Destination:            R2R_ADC_SUBSYSTEM/sawtooth_pwm_inst/duty_cycle_reg[15]/R
                            (rising edge-triggered cell FDRE clocked by clk_out1_clk_wiz_0  {rise@0.000ns fall@5.000ns period=10.000ns})
  Path Group:             (none)
  Path Type:              Setup (Max at Slow Process Corner)
  Data Path Delay:        12.742ns  (logic 1.565ns (12.284%)  route 11.177ns (87.716%))
  Logic Levels:           2  (IBUF=1 LUT2=1)
  Clock Path Skew:        -2.020ns (DCD - SCD + CPR)
    Destination Clock Delay (DCD):    -2.020ns
    Source Clock Delay      (SCD):    0.000ns
    Clock Pessimism Removal (CPR):    0.000ns
  Clock Uncertainty:      0.179ns  ((TSJ^2 + DJ^2)^1/2) / 2 + PE
    Total System Jitter     (TSJ):    0.050ns
    Discrete Jitter          (DJ):    0.138ns
    Phase Error              (PE):    0.105ns

    Location             Delay type                Incr(ns)  Path(ns)    Netlist Resource(s)
  -------------------------------------------------------------------    -------------------
    U18                                               0.000     0.000 r  reset (IN)
                         net (fo=0)                   0.000     0.000    reset
    U18                  IBUF (Prop_ibuf_I_O)         1.441     1.441 r  reset_IBUF_inst/O
                         net (fo=1141, routed)        9.367    10.809    R2R_ADC_SUBSYSTEM/sawtooth_pwm_inst/reset
    SLICE_X64Y65         LUT2 (Prop_lut2_I0_O)        0.124    10.933 r  R2R_ADC_SUBSYSTEM/sawtooth_pwm_inst/duty_cycle[7]_i_1/O
                         net (fo=16, routed)          1.810    12.742    R2R_ADC_SUBSYSTEM/sawtooth_pwm_inst/duty_cycle[7]_i_1_n_0
    SLICE_X64Y76         FDRE                                         r  R2R_ADC_SUBSYSTEM/sawtooth_pwm_inst/duty_cycle_reg[15]/R
  -------------------------------------------------------------------    -------------------

                         (clock clk_out1_clk_wiz_0 rise edge)
                                                      0.000     0.000 r  
    W5                                                0.000     0.000 r  clk_in (IN)
                         net (fo=0)                   0.000     0.000    u_clk_wiz/inst/clk_in1
    W5                   IBUF (Prop_ibuf_I_O)         1.388     1.388 r  u_clk_wiz/inst/clkin1_ibufg/O
                         net (fo=1, routed)           1.181     2.569    u_clk_wiz/inst/clk_in1_clk_wiz_0
    PLLE2_ADV_X1Y0       PLLE2_ADV (Prop_plle2_adv_CLKIN1_CLKOUT0)
                                                     -7.750    -5.181 r  u_clk_wiz/inst/plle2_adv_inst/CLKOUT0
                         net (fo=1, routed)           1.576    -3.604    u_clk_wiz/inst/clk_out1_clk_wiz_0
    BUFGCTRL_X0Y0        BUFG (Prop_bufg_I_O)         0.091    -3.513 r  u_clk_wiz/inst/clkout1_buf/O
                         net (fo=1596, routed)        1.494    -2.020    R2R_ADC_SUBSYSTEM/sawtooth_pwm_inst/clk
    SLICE_X64Y76         FDRE                                         r  R2R_ADC_SUBSYSTEM/sawtooth_pwm_inst/duty_cycle_reg[15]/C

Slack:                    inf
  Source:                 reset
                            (input port)
  Destination:            R2R_ADC_SUBSYSTEM/sawtooth_pwm_inst/duty_cycle_reg[10]/R
                            (rising edge-triggered cell FDRE clocked by clk_out1_clk_wiz_0  {rise@0.000ns fall@5.000ns period=10.000ns})
  Path Group:             (none)
  Path Type:              Setup (Max at Slow Process Corner)
  Data Path Delay:        12.452ns  (logic 1.565ns (12.571%)  route 10.887ns (87.429%))
  Logic Levels:           2  (IBUF=1 LUT2=1)
  Clock Path Skew:        -2.022ns (DCD - SCD + CPR)
    Destination Clock Delay (DCD):    -2.022ns
    Source Clock Delay      (SCD):    0.000ns
    Clock Pessimism Removal (CPR):    0.000ns
  Clock Uncertainty:      0.179ns  ((TSJ^2 + DJ^2)^1/2) / 2 + PE
    Total System Jitter     (TSJ):    0.050ns
    Discrete Jitter          (DJ):    0.138ns
    Phase Error              (PE):    0.105ns

    Location             Delay type                Incr(ns)  Path(ns)    Netlist Resource(s)
  -------------------------------------------------------------------    -------------------
    U18                                               0.000     0.000 r  reset (IN)
                         net (fo=0)                   0.000     0.000    reset
    U18                  IBUF (Prop_ibuf_I_O)         1.441     1.441 r  reset_IBUF_inst/O
                         net (fo=1141, routed)        9.367    10.809    R2R_ADC_SUBSYSTEM/sawtooth_pwm_inst/reset
    SLICE_X64Y65         LUT2 (Prop_lut2_I0_O)        0.124    10.933 r  R2R_ADC_SUBSYSTEM/sawtooth_pwm_inst/duty_cycle[7]_i_1/O
                         net (fo=16, routed)          1.519    12.452    R2R_ADC_SUBSYSTEM/sawtooth_pwm_inst/duty_cycle[7]_i_1_n_0
    SLICE_X64Y75         FDRE                                         r  R2R_ADC_SUBSYSTEM/sawtooth_pwm_inst/duty_cycle_reg[10]/R
  -------------------------------------------------------------------    -------------------

                         (clock clk_out1_clk_wiz_0 rise edge)
                                                      0.000     0.000 r  
    W5                                                0.000     0.000 r  clk_in (IN)
                         net (fo=0)                   0.000     0.000    u_clk_wiz/inst/clk_in1
    W5                   IBUF (Prop_ibuf_I_O)         1.388     1.388 r  u_clk_wiz/inst/clkin1_ibufg/O
                         net (fo=1, routed)           1.181     2.569    u_clk_wiz/inst/clk_in1_clk_wiz_0
    PLLE2_ADV_X1Y0       PLLE2_ADV (Prop_plle2_adv_CLKIN1_CLKOUT0)
                                                     -7.750    -5.181 r  u_clk_wiz/inst/plle2_adv_inst/CLKOUT0
                         net (fo=1, routed)           1.576    -3.604    u_clk_wiz/inst/clk_out1_clk_wiz_0
    BUFGCTRL_X0Y0        BUFG (Prop_bufg_I_O)         0.091    -3.513 r  u_clk_wiz/inst/clkout1_buf/O
                         net (fo=1596, routed)        1.492    -2.022    R2R_ADC_SUBSYSTEM/sawtooth_pwm_inst/clk
    SLICE_X64Y75         FDRE                                         r  R2R_ADC_SUBSYSTEM/sawtooth_pwm_inst/duty_cycle_reg[10]/C

Slack:                    inf
  Source:                 reset
                            (input port)
  Destination:            R2R_ADC_SUBSYSTEM/sawtooth_pwm_inst/duty_cycle_reg[11]/R
                            (rising edge-triggered cell FDRE clocked by clk_out1_clk_wiz_0  {rise@0.000ns fall@5.000ns period=10.000ns})
  Path Group:             (none)
  Path Type:              Setup (Max at Slow Process Corner)
  Data Path Delay:        12.452ns  (logic 1.565ns (12.571%)  route 10.887ns (87.429%))
  Logic Levels:           2  (IBUF=1 LUT2=1)
  Clock Path Skew:        -2.022ns (DCD - SCD + CPR)
    Destination Clock Delay (DCD):    -2.022ns
    Source Clock Delay      (SCD):    0.000ns
    Clock Pessimism Removal (CPR):    0.000ns
  Clock Uncertainty:      0.179ns  ((TSJ^2 + DJ^2)^1/2) / 2 + PE
    Total System Jitter     (TSJ):    0.050ns
    Discrete Jitter          (DJ):    0.138ns
    Phase Error              (PE):    0.105ns

    Location             Delay type                Incr(ns)  Path(ns)    Netlist Resource(s)
  -------------------------------------------------------------------    -------------------
    U18                                               0.000     0.000 r  reset (IN)
                         net (fo=0)                   0.000     0.000    reset
    U18                  IBUF (Prop_ibuf_I_O)         1.441     1.441 r  reset_IBUF_inst/O
                         net (fo=1141, routed)        9.367    10.809    R2R_ADC_SUBSYSTEM/sawtooth_pwm_inst/reset
    SLICE_X64Y65         LUT2 (Prop_lut2_I0_O)        0.124    10.933 r  R2R_ADC_SUBSYSTEM/sawtooth_pwm_inst/duty_cycle[7]_i_1/O
                         net (fo=16, routed)          1.519    12.452    R2R_ADC_SUBSYSTEM/sawtooth_pwm_inst/duty_cycle[7]_i_1_n_0
    SLICE_X64Y75         FDRE                                         r  R2R_ADC_SUBSYSTEM/sawtooth_pwm_inst/duty_cycle_reg[11]/R
  -------------------------------------------------------------------    -------------------

                         (clock clk_out1_clk_wiz_0 rise edge)
                                                      0.000     0.000 r  
    W5                                                0.000     0.000 r  clk_in (IN)
                         net (fo=0)                   0.000     0.000    u_clk_wiz/inst/clk_in1
    W5                   IBUF (Prop_ibuf_I_O)         1.388     1.388 r  u_clk_wiz/inst/clkin1_ibufg/O
                         net (fo=1, routed)           1.181     2.569    u_clk_wiz/inst/clk_in1_clk_wiz_0
    PLLE2_ADV_X1Y0       PLLE2_ADV (Prop_plle2_adv_CLKIN1_CLKOUT0)
                                                     -7.750    -5.181 r  u_clk_wiz/inst/plle2_adv_inst/CLKOUT0
                         net (fo=1, routed)           1.576    -3.604    u_clk_wiz/inst/clk_out1_clk_wiz_0
    BUFGCTRL_X0Y0        BUFG (Prop_bufg_I_O)         0.091    -3.513 r  u_clk_wiz/inst/clkout1_buf/O
                         net (fo=1596, routed)        1.492    -2.022    R2R_ADC_SUBSYSTEM/sawtooth_pwm_inst/clk
    SLICE_X64Y75         FDRE                                         r  R2R_ADC_SUBSYSTEM/sawtooth_pwm_inst/duty_cycle_reg[11]/C

Slack:                    inf
  Source:                 reset
                            (input port)
  Destination:            R2R_ADC_SUBSYSTEM/sawtooth_pwm_inst/duty_cycle_reg[9]/R
                            (rising edge-triggered cell FDRE clocked by clk_out1_clk_wiz_0  {rise@0.000ns fall@5.000ns period=10.000ns})
  Path Group:             (none)
  Path Type:              Setup (Max at Slow Process Corner)
  Data Path Delay:        12.452ns  (logic 1.565ns (12.571%)  route 10.887ns (87.429%))
  Logic Levels:           2  (IBUF=1 LUT2=1)
  Clock Path Skew:        -2.022ns (DCD - SCD + CPR)
    Destination Clock Delay (DCD):    -2.022ns
    Source Clock Delay      (SCD):    0.000ns
    Clock Pessimism Removal (CPR):    0.000ns
  Clock Uncertainty:      0.179ns  ((TSJ^2 + DJ^2)^1/2) / 2 + PE
    Total System Jitter     (TSJ):    0.050ns
    Discrete Jitter          (DJ):    0.138ns
    Phase Error              (PE):    0.105ns

    Location             Delay type                Incr(ns)  Path(ns)    Netlist Resource(s)
  -------------------------------------------------------------------    -------------------
    U18                                               0.000     0.000 r  reset (IN)
                         net (fo=0)                   0.000     0.000    reset
    U18                  IBUF (Prop_ibuf_I_O)         1.441     1.441 r  reset_IBUF_inst/O
                         net (fo=1141, routed)        9.367    10.809    R2R_ADC_SUBSYSTEM/sawtooth_pwm_inst/reset
    SLICE_X64Y65         LUT2 (Prop_lut2_I0_O)        0.124    10.933 r  R2R_ADC_SUBSYSTEM/sawtooth_pwm_inst/duty_cycle[7]_i_1/O
                         net (fo=16, routed)          1.519    12.452    R2R_ADC_SUBSYSTEM/sawtooth_pwm_inst/duty_cycle[7]_i_1_n_0
    SLICE_X64Y75         FDRE                                         r  R2R_ADC_SUBSYSTEM/sawtooth_pwm_inst/duty_cycle_reg[9]/R
  -------------------------------------------------------------------    -------------------

                         (clock clk_out1_clk_wiz_0 rise edge)
                                                      0.000     0.000 r  
    W5                                                0.000     0.000 r  clk_in (IN)
                         net (fo=0)                   0.000     0.000    u_clk_wiz/inst/clk_in1
    W5                   IBUF (Prop_ibuf_I_O)         1.388     1.388 r  u_clk_wiz/inst/clkin1_ibufg/O
                         net (fo=1, routed)           1.181     2.569    u_clk_wiz/inst/clk_in1_clk_wiz_0
    PLLE2_ADV_X1Y0       PLLE2_ADV (Prop_plle2_adv_CLKIN1_CLKOUT0)
                                                     -7.750    -5.181 r  u_clk_wiz/inst/plle2_adv_inst/CLKOUT0
                         net (fo=1, routed)           1.576    -3.604    u_clk_wiz/inst/clk_out1_clk_wiz_0
    BUFGCTRL_X0Y0        BUFG (Prop_bufg_I_O)         0.091    -3.513 r  u_clk_wiz/inst/clkout1_buf/O
                         net (fo=1596, routed)        1.492    -2.022    R2R_ADC_SUBSYSTEM/sawtooth_pwm_inst/clk
    SLICE_X64Y75         FDRE                                         r  R2R_ADC_SUBSYSTEM/sawtooth_pwm_inst/duty_cycle_reg[9]/C

Slack:                    inf
  Source:                 reset
                            (input port)
  Destination:            R2R_ADC_SUBSYSTEM/sawtooth_pwm_inst/duty_cycle_reg[6]/R
                            (rising edge-triggered cell FDRE clocked by clk_out1_clk_wiz_0  {rise@0.000ns fall@5.000ns period=10.000ns})
  Path Group:             (none)
  Path Type:              Setup (Max at Slow Process Corner)
  Data Path Delay:        12.275ns  (logic 1.565ns (12.751%)  route 10.710ns (87.249%))
  Logic Levels:           2  (IBUF=1 LUT2=1)
  Clock Path Skew:        -2.022ns (DCD - SCD + CPR)
    Destination Clock Delay (DCD):    -2.022ns
    Source Clock Delay      (SCD):    0.000ns
    Clock Pessimism Removal (CPR):    0.000ns
  Clock Uncertainty:      0.179ns  ((TSJ^2 + DJ^2)^1/2) / 2 + PE
    Total System Jitter     (TSJ):    0.050ns
    Discrete Jitter          (DJ):    0.138ns
    Phase Error              (PE):    0.105ns

    Location             Delay type                Incr(ns)  Path(ns)    Netlist Resource(s)
  -------------------------------------------------------------------    -------------------
    U18                                               0.000     0.000 r  reset (IN)
                         net (fo=0)                   0.000     0.000    reset
    U18                  IBUF (Prop_ibuf_I_O)         1.441     1.441 r  reset_IBUF_inst/O
                         net (fo=1141, routed)        9.367    10.809    R2R_ADC_SUBSYSTEM/sawtooth_pwm_inst/reset
    SLICE_X64Y65         LUT2 (Prop_lut2_I0_O)        0.124    10.933 r  R2R_ADC_SUBSYSTEM/sawtooth_pwm_inst/duty_cycle[7]_i_1/O
                         net (fo=16, routed)          1.343    12.275    R2R_ADC_SUBSYSTEM/sawtooth_pwm_inst/duty_cycle[7]_i_1_n_0
    SLICE_X64Y74         FDRE                                         r  R2R_ADC_SUBSYSTEM/sawtooth_pwm_inst/duty_cycle_reg[6]/R
  -------------------------------------------------------------------    -------------------

                         (clock clk_out1_clk_wiz_0 rise edge)
                                                      0.000     0.000 r  
    W5                                                0.000     0.000 r  clk_in (IN)
                         net (fo=0)                   0.000     0.000    u_clk_wiz/inst/clk_in1
    W5                   IBUF (Prop_ibuf_I_O)         1.388     1.388 r  u_clk_wiz/inst/clkin1_ibufg/O
                         net (fo=1, routed)           1.181     2.569    u_clk_wiz/inst/clk_in1_clk_wiz_0
    PLLE2_ADV_X1Y0       PLLE2_ADV (Prop_plle2_adv_CLKIN1_CLKOUT0)
                                                     -7.750    -5.181 r  u_clk_wiz/inst/plle2_adv_inst/CLKOUT0
                         net (fo=1, routed)           1.576    -3.604    u_clk_wiz/inst/clk_out1_clk_wiz_0
    BUFGCTRL_X0Y0        BUFG (Prop_bufg_I_O)         0.091    -3.513 r  u_clk_wiz/inst/clkout1_buf/O
                         net (fo=1596, routed)        1.492    -2.022    R2R_ADC_SUBSYSTEM/sawtooth_pwm_inst/clk
    SLICE_X64Y74         FDRE                                         r  R2R_ADC_SUBSYSTEM/sawtooth_pwm_inst/duty_cycle_reg[6]/C

Slack:                    inf
  Source:                 reset
                            (input port)
  Destination:            R2R_ADC_SUBSYSTEM/sawtooth_pwm_inst/duty_cycle_reg[8]/R
                            (rising edge-triggered cell FDRE clocked by clk_out1_clk_wiz_0  {rise@0.000ns fall@5.000ns period=10.000ns})
  Path Group:             (none)
  Path Type:              Setup (Max at Slow Process Corner)
  Data Path Delay:        12.275ns  (logic 1.565ns (12.751%)  route 10.710ns (87.249%))
  Logic Levels:           2  (IBUF=1 LUT2=1)
  Clock Path Skew:        -2.022ns (DCD - SCD + CPR)
    Destination Clock Delay (DCD):    -2.022ns
    Source Clock Delay      (SCD):    0.000ns
    Clock Pessimism Removal (CPR):    0.000ns
  Clock Uncertainty:      0.179ns  ((TSJ^2 + DJ^2)^1/2) / 2 + PE
    Total System Jitter     (TSJ):    0.050ns
    Discrete Jitter          (DJ):    0.138ns
    Phase Error              (PE):    0.105ns

    Location             Delay type                Incr(ns)  Path(ns)    Netlist Resource(s)
  -------------------------------------------------------------------    -------------------
    U18                                               0.000     0.000 r  reset (IN)
                         net (fo=0)                   0.000     0.000    reset
    U18                  IBUF (Prop_ibuf_I_O)         1.441     1.441 r  reset_IBUF_inst/O
                         net (fo=1141, routed)        9.367    10.809    R2R_ADC_SUBSYSTEM/sawtooth_pwm_inst/reset
    SLICE_X64Y65         LUT2 (Prop_lut2_I0_O)        0.124    10.933 r  R2R_ADC_SUBSYSTEM/sawtooth_pwm_inst/duty_cycle[7]_i_1/O
                         net (fo=16, routed)          1.343    12.275    R2R_ADC_SUBSYSTEM/sawtooth_pwm_inst/duty_cycle[7]_i_1_n_0
    SLICE_X64Y74         FDRE                                         r  R2R_ADC_SUBSYSTEM/sawtooth_pwm_inst/duty_cycle_reg[8]/R
  -------------------------------------------------------------------    -------------------

                         (clock clk_out1_clk_wiz_0 rise edge)
                                                      0.000     0.000 r  
    W5                                                0.000     0.000 r  clk_in (IN)
                         net (fo=0)                   0.000     0.000    u_clk_wiz/inst/clk_in1
    W5                   IBUF (Prop_ibuf_I_O)         1.388     1.388 r  u_clk_wiz/inst/clkin1_ibufg/O
                         net (fo=1, routed)           1.181     2.569    u_clk_wiz/inst/clk_in1_clk_wiz_0
    PLLE2_ADV_X1Y0       PLLE2_ADV (Prop_plle2_adv_CLKIN1_CLKOUT0)
                                                     -7.750    -5.181 r  u_clk_wiz/inst/plle2_adv_inst/CLKOUT0
                         net (fo=1, routed)           1.576    -3.604    u_clk_wiz/inst/clk_out1_clk_wiz_0
    BUFGCTRL_X0Y0        BUFG (Prop_bufg_I_O)         0.091    -3.513 r  u_clk_wiz/inst/clkout1_buf/O
                         net (fo=1596, routed)        1.492    -2.022    R2R_ADC_SUBSYSTEM/sawtooth_pwm_inst/clk
    SLICE_X64Y74         FDRE                                         r  R2R_ADC_SUBSYSTEM/sawtooth_pwm_inst/duty_cycle_reg[8]/C

Slack:                    inf
  Source:                 reset
                            (input port)
  Destination:            SEVEN_SEGMENT_DISPLAY/DIGIT_SELECTOR/q_reg[3]/D
                            (rising edge-triggered cell FDRE clocked by clk_out1_clk_wiz_0  {rise@0.000ns fall@5.000ns period=10.000ns})
  Path Group:             (none)
  Path Type:              Setup (Max at Slow Process Corner)
  Data Path Delay:        12.100ns  (logic 1.591ns (13.151%)  route 10.509ns (86.849%))
  Logic Levels:           2  (IBUF=1 LUT5=1)
  Clock Path Skew:        -2.007ns (DCD - SCD + CPR)
    Destination Clock Delay (DCD):    -2.007ns
    Source Clock Delay      (SCD):    0.000ns
    Clock Pessimism Removal (CPR):    0.000ns
  Clock Uncertainty:      0.179ns  ((TSJ^2 + DJ^2)^1/2) / 2 + PE
    Total System Jitter     (TSJ):    0.050ns
    Discrete Jitter          (DJ):    0.138ns
    Phase Error              (PE):    0.105ns

    Location             Delay type                Incr(ns)  Path(ns)    Netlist Resource(s)
  -------------------------------------------------------------------    -------------------
    U18                                               0.000     0.000 r  reset (IN)
                         net (fo=0)                   0.000     0.000    reset
    U18                  IBUF (Prop_ibuf_I_O)         1.441     1.441 r  reset_IBUF_inst/O
                         net (fo=1141, routed)       10.166    11.607    SEVEN_SEGMENT_DISPLAY/DIGIT_SELECTOR/reset
    SLICE_X60Y58         LUT5 (Prop_lut5_I0_O)        0.150    11.757 r  SEVEN_SEGMENT_DISPLAY/DIGIT_SELECTOR/q[3]_i_1/O
                         net (fo=1, routed)           0.343    12.100    SEVEN_SEGMENT_DISPLAY/DIGIT_SELECTOR/q[3]_i_1_n_0
    SLICE_X61Y58         FDRE                                         r  SEVEN_SEGMENT_DISPLAY/DIGIT_SELECTOR/q_reg[3]/D
  -------------------------------------------------------------------    -------------------

                         (clock clk_out1_clk_wiz_0 rise edge)
                                                      0.000     0.000 r  
    W5                                                0.000     0.000 r  clk_in (IN)
                         net (fo=0)                   0.000     0.000    u_clk_wiz/inst/clk_in1
    W5                   IBUF (Prop_ibuf_I_O)         1.388     1.388 r  u_clk_wiz/inst/clkin1_ibufg/O
                         net (fo=1, routed)           1.181     2.569    u_clk_wiz/inst/clk_in1_clk_wiz_0
    PLLE2_ADV_X1Y0       PLLE2_ADV (Prop_plle2_adv_CLKIN1_CLKOUT0)
                                                     -7.750    -5.181 r  u_clk_wiz/inst/plle2_adv_inst/CLKOUT0
                         net (fo=1, routed)           1.576    -3.604    u_clk_wiz/inst/clk_out1_clk_wiz_0
    BUFGCTRL_X0Y0        BUFG (Prop_bufg_I_O)         0.091    -3.513 r  u_clk_wiz/inst/clkout1_buf/O
                         net (fo=1596, routed)        1.507    -2.007    SEVEN_SEGMENT_DISPLAY/DIGIT_SELECTOR/clk
    SLICE_X61Y58         FDRE                                         r  SEVEN_SEGMENT_DISPLAY/DIGIT_SELECTOR/q_reg[3]/C





Min Delay Paths
--------------------------------------------------------------------------------------
Slack:                    inf
  Source:                 ncompare_state1
                            (input port)
  Destination:            INPUT_SYNC/nout3_reg/D
                            (rising edge-triggered cell FDRE clocked by clk_out1_clk_wiz_0  {rise@0.000ns fall@5.000ns period=10.000ns})
  Path Group:             (none)
  Path Type:              Hold (Min at Fast Process Corner)
  Data Path Delay:        0.652ns  (logic 0.225ns (34.433%)  route 0.428ns (65.567%))
  Logic Levels:           1  (IBUF=1)
  Clock Path Skew:        -0.317ns (DCD - SCD - CPR)
    Destination Clock Delay (DCD):    -0.317ns
    Source Clock Delay      (SCD):    0.000ns
    Clock Pessimism Removal (CPR):    -0.000ns

    Location             Delay type                Incr(ns)  Path(ns)    Netlist Resource(s)
  -------------------------------------------------------------------    -------------------
    M2                                                0.000     0.000 r  ncompare_state1 (IN)
                         net (fo=0)                   0.000     0.000    ncompare_state1
    M2                   IBUF (Prop_ibuf_I_O)         0.225     0.225 r  ncompare_state1_IBUF_inst/O
                         net (fo=1, routed)           0.428     0.652    INPUT_SYNC/in3
    SLICE_X65Y78         FDRE                                         r  INPUT_SYNC/nout3_reg/D
  -------------------------------------------------------------------    -------------------

                         (clock clk_out1_clk_wiz_0 rise edge)
                                                      0.000     0.000 r  
    W5                                                0.000     0.000 r  clk_in (IN)
                         net (fo=0)                   0.000     0.000    u_clk_wiz/inst/clk_in1
    W5                   IBUF (Prop_ibuf_I_O)         0.414     0.414 r  u_clk_wiz/inst/clkin1_ibufg/O
                         net (fo=1, routed)           0.481     0.895    u_clk_wiz/inst/clk_in1_clk_wiz_0
    PLLE2_ADV_X1Y0       PLLE2_ADV (Prop_plle2_adv_CLKIN1_CLKOUT0)
                                                     -2.638    -1.743 r  u_clk_wiz/inst/plle2_adv_inst/CLKOUT0
                         net (fo=1, routed)           0.546    -1.197    u_clk_wiz/inst/clk_out1_clk_wiz_0
    BUFGCTRL_X0Y0        BUFG (Prop_bufg_I_O)         0.029    -1.168 r  u_clk_wiz/inst/clkout1_buf/O
                         net (fo=1596, routed)        0.851    -0.317    INPUT_SYNC/clk
    SLICE_X65Y78         FDRE                                         r  INPUT_SYNC/nout3_reg/C

Slack:                    inf
  Source:                 ncompare_state2
                            (input port)
  Destination:            INPUT_SYNC/nout4_reg/D
                            (rising edge-triggered cell FDRE clocked by clk_out1_clk_wiz_0  {rise@0.000ns fall@5.000ns period=10.000ns})
  Path Group:             (none)
  Path Type:              Hold (Min at Fast Process Corner)
  Data Path Delay:        0.770ns  (logic 0.217ns (28.132%)  route 0.553ns (71.868%))
  Logic Levels:           1  (IBUF=1)
  Clock Path Skew:        -0.317ns (DCD - SCD - CPR)
    Destination Clock Delay (DCD):    -0.317ns
    Source Clock Delay      (SCD):    0.000ns
    Clock Pessimism Removal (CPR):    -0.000ns

    Location             Delay type                Incr(ns)  Path(ns)    Netlist Resource(s)
  -------------------------------------------------------------------    -------------------
    L3                                                0.000     0.000 r  ncompare_state2 (IN)
                         net (fo=0)                   0.000     0.000    ncompare_state2
    L3                   IBUF (Prop_ibuf_I_O)         0.217     0.217 r  ncompare_state2_IBUF_inst/O
                         net (fo=1, routed)           0.553     0.770    INPUT_SYNC/in4
    SLICE_X65Y71         FDRE                                         r  INPUT_SYNC/nout4_reg/D
  -------------------------------------------------------------------    -------------------

                         (clock clk_out1_clk_wiz_0 rise edge)
                                                      0.000     0.000 r  
    W5                                                0.000     0.000 r  clk_in (IN)
                         net (fo=0)                   0.000     0.000    u_clk_wiz/inst/clk_in1
    W5                   IBUF (Prop_ibuf_I_O)         0.414     0.414 r  u_clk_wiz/inst/clkin1_ibufg/O
                         net (fo=1, routed)           0.481     0.895    u_clk_wiz/inst/clk_in1_clk_wiz_0
    PLLE2_ADV_X1Y0       PLLE2_ADV (Prop_plle2_adv_CLKIN1_CLKOUT0)
                                                     -2.638    -1.743 r  u_clk_wiz/inst/plle2_adv_inst/CLKOUT0
                         net (fo=1, routed)           0.546    -1.197    u_clk_wiz/inst/clk_out1_clk_wiz_0
    BUFGCTRL_X0Y0        BUFG (Prop_bufg_I_O)         0.029    -1.168 r  u_clk_wiz/inst/clkout1_buf/O
                         net (fo=1596, routed)        0.851    -0.317    INPUT_SYNC/clk
    SLICE_X65Y71         FDRE                                         r  INPUT_SYNC/nout4_reg/C

Slack:                    inf
  Source:                 nmode_select[0]
                            (input port)
  Destination:            INPUT_SYNC/nout2_reg[0]/D
                            (rising edge-triggered cell FDRE clocked by clk_out1_clk_wiz_0  {rise@0.000ns fall@5.000ns period=10.000ns})
  Path Group:             (none)
  Path Type:              Hold (Min at Fast Process Corner)
  Data Path Delay:        0.772ns  (logic 0.223ns (28.912%)  route 0.549ns (71.088%))
  Logic Levels:           1  (IBUF=1)
  Clock Path Skew:        -0.307ns (DCD - SCD - CPR)
    Destination Clock Delay (DCD):    -0.307ns
    Source Clock Delay      (SCD):    0.000ns
    Clock Pessimism Removal (CPR):    -0.000ns

    Location             Delay type                Incr(ns)  Path(ns)    Netlist Resource(s)
  -------------------------------------------------------------------    -------------------
    T1                                                0.000     0.000 r  nmode_select[0] (IN)
                         net (fo=0)                   0.000     0.000    nmode_select[0]
    T1                   IBUF (Prop_ibuf_I_O)         0.223     0.223 r  nmode_select_IBUF[0]_inst/O
                         net (fo=1, routed)           0.549     0.772    INPUT_SYNC/in2[0]
    SLICE_X64Y60         FDRE                                         r  INPUT_SYNC/nout2_reg[0]/D
  -------------------------------------------------------------------    -------------------

                         (clock clk_out1_clk_wiz_0 rise edge)
                                                      0.000     0.000 r  
    W5                                                0.000     0.000 r  clk_in (IN)
                         net (fo=0)                   0.000     0.000    u_clk_wiz/inst/clk_in1
    W5                   IBUF (Prop_ibuf_I_O)         0.414     0.414 r  u_clk_wiz/inst/clkin1_ibufg/O
                         net (fo=1, routed)           0.481     0.895    u_clk_wiz/inst/clk_in1_clk_wiz_0
    PLLE2_ADV_X1Y0       PLLE2_ADV (Prop_plle2_adv_CLKIN1_CLKOUT0)
                                                     -2.638    -1.743 r  u_clk_wiz/inst/plle2_adv_inst/CLKOUT0
                         net (fo=1, routed)           0.546    -1.197    u_clk_wiz/inst/clk_out1_clk_wiz_0
    BUFGCTRL_X0Y0        BUFG (Prop_bufg_I_O)         0.029    -1.168 r  u_clk_wiz/inst/clkout1_buf/O
                         net (fo=1596, routed)        0.861    -0.307    INPUT_SYNC/clk
    SLICE_X64Y60         FDRE                                         r  INPUT_SYNC/nout2_reg[0]/C

Slack:                    inf
  Source:                 nmode_select[1]
                            (input port)
  Destination:            INPUT_SYNC/nout2_reg[1]/D
                            (rising edge-triggered cell FDRE clocked by clk_out1_clk_wiz_0  {rise@0.000ns fall@5.000ns period=10.000ns})
  Path Group:             (none)
  Path Type:              Hold (Min at Fast Process Corner)
  Data Path Delay:        0.808ns  (logic 0.224ns (27.751%)  route 0.584ns (72.249%))
  Logic Levels:           1  (IBUF=1)
  Clock Path Skew:        -0.314ns (DCD - SCD - CPR)
    Destination Clock Delay (DCD):    -0.314ns
    Source Clock Delay      (SCD):    0.000ns
    Clock Pessimism Removal (CPR):    -0.000ns

    Location             Delay type                Incr(ns)  Path(ns)    Netlist Resource(s)
  -------------------------------------------------------------------    -------------------
    R2                                                0.000     0.000 r  nmode_select[1] (IN)
                         net (fo=0)                   0.000     0.000    nmode_select[1]
    R2                   IBUF (Prop_ibuf_I_O)         0.224     0.224 r  nmode_select_IBUF[1]_inst/O
                         net (fo=1, routed)           0.584     0.808    INPUT_SYNC/in2[1]
    SLICE_X61Y66         FDRE                                         r  INPUT_SYNC/nout2_reg[1]/D
  -------------------------------------------------------------------    -------------------

                         (clock clk_out1_clk_wiz_0 rise edge)
                                                      0.000     0.000 r  
    W5                                                0.000     0.000 r  clk_in (IN)
                         net (fo=0)                   0.000     0.000    u_clk_wiz/inst/clk_in1
    W5                   IBUF (Prop_ibuf_I_O)         0.414     0.414 r  u_clk_wiz/inst/clkin1_ibufg/O
                         net (fo=1, routed)           0.481     0.895    u_clk_wiz/inst/clk_in1_clk_wiz_0
    PLLE2_ADV_X1Y0       PLLE2_ADV (Prop_plle2_adv_CLKIN1_CLKOUT0)
                                                     -2.638    -1.743 r  u_clk_wiz/inst/plle2_adv_inst/CLKOUT0
                         net (fo=1, routed)           0.546    -1.197    u_clk_wiz/inst/clk_out1_clk_wiz_0
    BUFGCTRL_X0Y0        BUFG (Prop_bufg_I_O)         0.029    -1.168 r  u_clk_wiz/inst/clkout1_buf/O
                         net (fo=1596, routed)        0.855    -0.314    INPUT_SYNC/clk
    SLICE_X61Y66         FDRE                                         r  INPUT_SYNC/nout2_reg[1]/C

Slack:                    inf
  Source:                 nsar_switch
                            (input port)
  Destination:            INPUT_SYNC/nout5_reg/D
                            (rising edge-triggered cell FDRE clocked by clk_out1_clk_wiz_0  {rise@0.000ns fall@5.000ns period=10.000ns})
  Path Group:             (none)
  Path Type:              Hold (Min at Fast Process Corner)
  Data Path Delay:        0.842ns  (logic 0.221ns (26.236%)  route 0.621ns (73.764%))
  Logic Levels:           1  (IBUF=1)
  Clock Path Skew:        -0.313ns (DCD - SCD - CPR)
    Destination Clock Delay (DCD):    -0.313ns
    Source Clock Delay      (SCD):    0.000ns
    Clock Pessimism Removal (CPR):    -0.000ns

    Location             Delay type                Incr(ns)  Path(ns)    Netlist Resource(s)
  -------------------------------------------------------------------    -------------------
    U1                                                0.000     0.000 r  nsar_switch (IN)
                         net (fo=0)                   0.000     0.000    nsar_switch
    U1                   IBUF (Prop_ibuf_I_O)         0.221     0.221 r  nsar_switch_IBUF_inst/O
                         net (fo=1, routed)           0.621     0.842    INPUT_SYNC/in5
    SLICE_X61Y65         FDRE                                         r  INPUT_SYNC/nout5_reg/D
  -------------------------------------------------------------------    -------------------

                         (clock clk_out1_clk_wiz_0 rise edge)
                                                      0.000     0.000 r  
    W5                                                0.000     0.000 r  clk_in (IN)
                         net (fo=0)                   0.000     0.000    u_clk_wiz/inst/clk_in1
    W5                   IBUF (Prop_ibuf_I_O)         0.414     0.414 r  u_clk_wiz/inst/clkin1_ibufg/O
                         net (fo=1, routed)           0.481     0.895    u_clk_wiz/inst/clk_in1_clk_wiz_0
    PLLE2_ADV_X1Y0       PLLE2_ADV (Prop_plle2_adv_CLKIN1_CLKOUT0)
                                                     -2.638    -1.743 r  u_clk_wiz/inst/plle2_adv_inst/CLKOUT0
                         net (fo=1, routed)           0.546    -1.197    u_clk_wiz/inst/clk_out1_clk_wiz_0
    BUFGCTRL_X0Y0        BUFG (Prop_bufg_I_O)         0.029    -1.168 r  u_clk_wiz/inst/clkout1_buf/O
                         net (fo=1596, routed)        0.855    -0.313    INPUT_SYNC/clk
    SLICE_X61Y65         FDRE                                         r  INPUT_SYNC/nout5_reg/C

Slack:                    inf
  Source:                 reset
                            (input port)
  Destination:            ADC_PROC_XADC/averager/REG_ARRAY_reg_r_52/R
                            (rising edge-triggered cell FDRE clocked by clk_out1_clk_wiz_0  {rise@0.000ns fall@5.000ns period=10.000ns})
  Path Group:             (none)
  Path Type:              Hold (Min at Fast Process Corner)
  Data Path Delay:        1.527ns  (logic 0.210ns (13.723%)  route 1.317ns (86.277%))
  Logic Levels:           1  (IBUF=1)
  Clock Path Skew:        -0.340ns (DCD - SCD - CPR)
    Destination Clock Delay (DCD):    -0.340ns
    Source Clock Delay      (SCD):    0.000ns
    Clock Pessimism Removal (CPR):    -0.000ns

    Location             Delay type                Incr(ns)  Path(ns)    Netlist Resource(s)
  -------------------------------------------------------------------    -------------------
    U18                                               0.000     0.000 r  reset (IN)
                         net (fo=0)                   0.000     0.000    reset
    U18                  IBUF (Prop_ibuf_I_O)         0.210     0.210 r  reset_IBUF_inst/O
                         net (fo=1141, routed)        1.317     1.527    ADC_PROC_XADC/averager/reset
    SLICE_X31Y59         FDRE                                         r  ADC_PROC_XADC/averager/REG_ARRAY_reg_r_52/R
  -------------------------------------------------------------------    -------------------

                         (clock clk_out1_clk_wiz_0 rise edge)
                                                      0.000     0.000 r  
    W5                                                0.000     0.000 r  clk_in (IN)
                         net (fo=0)                   0.000     0.000    u_clk_wiz/inst/clk_in1
    W5                   IBUF (Prop_ibuf_I_O)         0.414     0.414 r  u_clk_wiz/inst/clkin1_ibufg/O
                         net (fo=1, routed)           0.481     0.895    u_clk_wiz/inst/clk_in1_clk_wiz_0
    PLLE2_ADV_X1Y0       PLLE2_ADV (Prop_plle2_adv_CLKIN1_CLKOUT0)
                                                     -2.638    -1.743 r  u_clk_wiz/inst/plle2_adv_inst/CLKOUT0
                         net (fo=1, routed)           0.546    -1.197    u_clk_wiz/inst/clk_out1_clk_wiz_0
    BUFGCTRL_X0Y0        BUFG (Prop_bufg_I_O)         0.029    -1.168 r  u_clk_wiz/inst/clkout1_buf/O
                         net (fo=1596, routed)        0.828    -0.340    ADC_PROC_XADC/averager/clk
    SLICE_X31Y59         FDRE                                         r  ADC_PROC_XADC/averager/REG_ARRAY_reg_r_52/C

Slack:                    inf
  Source:                 reset
                            (input port)
  Destination:            ADC_PROC_XADC/averager/REG_ARRAY_reg_r_53/R
                            (rising edge-triggered cell FDRE clocked by clk_out1_clk_wiz_0  {rise@0.000ns fall@5.000ns period=10.000ns})
  Path Group:             (none)
  Path Type:              Hold (Min at Fast Process Corner)
  Data Path Delay:        1.527ns  (logic 0.210ns (13.723%)  route 1.317ns (86.277%))
  Logic Levels:           1  (IBUF=1)
  Clock Path Skew:        -0.340ns (DCD - SCD - CPR)
    Destination Clock Delay (DCD):    -0.340ns
    Source Clock Delay      (SCD):    0.000ns
    Clock Pessimism Removal (CPR):    -0.000ns

    Location             Delay type                Incr(ns)  Path(ns)    Netlist Resource(s)
  -------------------------------------------------------------------    -------------------
    U18                                               0.000     0.000 r  reset (IN)
                         net (fo=0)                   0.000     0.000    reset
    U18                  IBUF (Prop_ibuf_I_O)         0.210     0.210 r  reset_IBUF_inst/O
                         net (fo=1141, routed)        1.317     1.527    ADC_PROC_XADC/averager/reset
    SLICE_X31Y59         FDRE                                         r  ADC_PROC_XADC/averager/REG_ARRAY_reg_r_53/R
  -------------------------------------------------------------------    -------------------

                         (clock clk_out1_clk_wiz_0 rise edge)
                                                      0.000     0.000 r  
    W5                                                0.000     0.000 r  clk_in (IN)
                         net (fo=0)                   0.000     0.000    u_clk_wiz/inst/clk_in1
    W5                   IBUF (Prop_ibuf_I_O)         0.414     0.414 r  u_clk_wiz/inst/clkin1_ibufg/O
                         net (fo=1, routed)           0.481     0.895    u_clk_wiz/inst/clk_in1_clk_wiz_0
    PLLE2_ADV_X1Y0       PLLE2_ADV (Prop_plle2_adv_CLKIN1_CLKOUT0)
                                                     -2.638    -1.743 r  u_clk_wiz/inst/plle2_adv_inst/CLKOUT0
                         net (fo=1, routed)           0.546    -1.197    u_clk_wiz/inst/clk_out1_clk_wiz_0
    BUFGCTRL_X0Y0        BUFG (Prop_bufg_I_O)         0.029    -1.168 r  u_clk_wiz/inst/clkout1_buf/O
                         net (fo=1596, routed)        0.828    -0.340    ADC_PROC_XADC/averager/clk
    SLICE_X31Y59         FDRE                                         r  ADC_PROC_XADC/averager/REG_ARRAY_reg_r_53/C

Slack:                    inf
  Source:                 reset
                            (input port)
  Destination:            ADC_PROC_XADC/averager/REG_ARRAY_reg_r_54/R
                            (rising edge-triggered cell FDRE clocked by clk_out1_clk_wiz_0  {rise@0.000ns fall@5.000ns period=10.000ns})
  Path Group:             (none)
  Path Type:              Hold (Min at Fast Process Corner)
  Data Path Delay:        1.527ns  (logic 0.210ns (13.723%)  route 1.317ns (86.277%))
  Logic Levels:           1  (IBUF=1)
  Clock Path Skew:        -0.340ns (DCD - SCD - CPR)
    Destination Clock Delay (DCD):    -0.340ns
    Source Clock Delay      (SCD):    0.000ns
    Clock Pessimism Removal (CPR):    -0.000ns

    Location             Delay type                Incr(ns)  Path(ns)    Netlist Resource(s)
  -------------------------------------------------------------------    -------------------
    U18                                               0.000     0.000 r  reset (IN)
                         net (fo=0)                   0.000     0.000    reset
    U18                  IBUF (Prop_ibuf_I_O)         0.210     0.210 r  reset_IBUF_inst/O
                         net (fo=1141, routed)        1.317     1.527    ADC_PROC_XADC/averager/reset
    SLICE_X31Y59         FDRE                                         r  ADC_PROC_XADC/averager/REG_ARRAY_reg_r_54/R
  -------------------------------------------------------------------    -------------------

                         (clock clk_out1_clk_wiz_0 rise edge)
                                                      0.000     0.000 r  
    W5                                                0.000     0.000 r  clk_in (IN)
                         net (fo=0)                   0.000     0.000    u_clk_wiz/inst/clk_in1
    W5                   IBUF (Prop_ibuf_I_O)         0.414     0.414 r  u_clk_wiz/inst/clkin1_ibufg/O
                         net (fo=1, routed)           0.481     0.895    u_clk_wiz/inst/clk_in1_clk_wiz_0
    PLLE2_ADV_X1Y0       PLLE2_ADV (Prop_plle2_adv_CLKIN1_CLKOUT0)
                                                     -2.638    -1.743 r  u_clk_wiz/inst/plle2_adv_inst/CLKOUT0
                         net (fo=1, routed)           0.546    -1.197    u_clk_wiz/inst/clk_out1_clk_wiz_0
    BUFGCTRL_X0Y0        BUFG (Prop_bufg_I_O)         0.029    -1.168 r  u_clk_wiz/inst/clkout1_buf/O
                         net (fo=1596, routed)        0.828    -0.340    ADC_PROC_XADC/averager/clk
    SLICE_X31Y59         FDRE                                         r  ADC_PROC_XADC/averager/REG_ARRAY_reg_r_54/C

Slack:                    inf
  Source:                 reset
                            (input port)
  Destination:            ADC_PROC_XADC/averager/REG_ARRAY_reg_r_55/R
                            (rising edge-triggered cell FDRE clocked by clk_out1_clk_wiz_0  {rise@0.000ns fall@5.000ns period=10.000ns})
  Path Group:             (none)
  Path Type:              Hold (Min at Fast Process Corner)
  Data Path Delay:        1.527ns  (logic 0.210ns (13.723%)  route 1.317ns (86.277%))
  Logic Levels:           1  (IBUF=1)
  Clock Path Skew:        -0.340ns (DCD - SCD - CPR)
    Destination Clock Delay (DCD):    -0.340ns
    Source Clock Delay      (SCD):    0.000ns
    Clock Pessimism Removal (CPR):    -0.000ns

    Location             Delay type                Incr(ns)  Path(ns)    Netlist Resource(s)
  -------------------------------------------------------------------    -------------------
    U18                                               0.000     0.000 r  reset (IN)
                         net (fo=0)                   0.000     0.000    reset
    U18                  IBUF (Prop_ibuf_I_O)         0.210     0.210 r  reset_IBUF_inst/O
                         net (fo=1141, routed)        1.317     1.527    ADC_PROC_XADC/averager/reset
    SLICE_X31Y59         FDRE                                         r  ADC_PROC_XADC/averager/REG_ARRAY_reg_r_55/R
  -------------------------------------------------------------------    -------------------

                         (clock clk_out1_clk_wiz_0 rise edge)
                                                      0.000     0.000 r  
    W5                                                0.000     0.000 r  clk_in (IN)
                         net (fo=0)                   0.000     0.000    u_clk_wiz/inst/clk_in1
    W5                   IBUF (Prop_ibuf_I_O)         0.414     0.414 r  u_clk_wiz/inst/clkin1_ibufg/O
                         net (fo=1, routed)           0.481     0.895    u_clk_wiz/inst/clk_in1_clk_wiz_0
    PLLE2_ADV_X1Y0       PLLE2_ADV (Prop_plle2_adv_CLKIN1_CLKOUT0)
                                                     -2.638    -1.743 r  u_clk_wiz/inst/plle2_adv_inst/CLKOUT0
                         net (fo=1, routed)           0.546    -1.197    u_clk_wiz/inst/clk_out1_clk_wiz_0
    BUFGCTRL_X0Y0        BUFG (Prop_bufg_I_O)         0.029    -1.168 r  u_clk_wiz/inst/clkout1_buf/O
                         net (fo=1596, routed)        0.828    -0.340    ADC_PROC_XADC/averager/clk
    SLICE_X31Y59         FDRE                                         r  ADC_PROC_XADC/averager/REG_ARRAY_reg_r_55/C

Slack:                    inf
  Source:                 reset
                            (input port)
  Destination:            ADC_PROC_XADC/averager/REG_ARRAY_reg_r_56/R
                            (rising edge-triggered cell FDRE clocked by clk_out1_clk_wiz_0  {rise@0.000ns fall@5.000ns period=10.000ns})
  Path Group:             (none)
  Path Type:              Hold (Min at Fast Process Corner)
  Data Path Delay:        1.527ns  (logic 0.210ns (13.723%)  route 1.317ns (86.277%))
  Logic Levels:           1  (IBUF=1)
  Clock Path Skew:        -0.340ns (DCD - SCD - CPR)
    Destination Clock Delay (DCD):    -0.340ns
    Source Clock Delay      (SCD):    0.000ns
    Clock Pessimism Removal (CPR):    -0.000ns

    Location             Delay type                Incr(ns)  Path(ns)    Netlist Resource(s)
  -------------------------------------------------------------------    -------------------
    U18                                               0.000     0.000 r  reset (IN)
                         net (fo=0)                   0.000     0.000    reset
    U18                  IBUF (Prop_ibuf_I_O)         0.210     0.210 r  reset_IBUF_inst/O
                         net (fo=1141, routed)        1.317     1.527    ADC_PROC_XADC/averager/reset
    SLICE_X30Y59         FDRE                                         r  ADC_PROC_XADC/averager/REG_ARRAY_reg_r_56/R
  -------------------------------------------------------------------    -------------------

                         (clock clk_out1_clk_wiz_0 rise edge)
                                                      0.000     0.000 r  
    W5                                                0.000     0.000 r  clk_in (IN)
                         net (fo=0)                   0.000     0.000    u_clk_wiz/inst/clk_in1
    W5                   IBUF (Prop_ibuf_I_O)         0.414     0.414 r  u_clk_wiz/inst/clkin1_ibufg/O
                         net (fo=1, routed)           0.481     0.895    u_clk_wiz/inst/clk_in1_clk_wiz_0
    PLLE2_ADV_X1Y0       PLLE2_ADV (Prop_plle2_adv_CLKIN1_CLKOUT0)
                                                     -2.638    -1.743 r  u_clk_wiz/inst/plle2_adv_inst/CLKOUT0
                         net (fo=1, routed)           0.546    -1.197    u_clk_wiz/inst/clk_out1_clk_wiz_0
    BUFGCTRL_X0Y0        BUFG (Prop_bufg_I_O)         0.029    -1.168 r  u_clk_wiz/inst/clkout1_buf/O
                         net (fo=1596, routed)        0.828    -0.340    ADC_PROC_XADC/averager/clk
    SLICE_X30Y59         FDRE                                         r  ADC_PROC_XADC/averager/REG_ARRAY_reg_r_56/C





--------------------------------------------------------------------------------------
Path Group:  (none)
From Clock:  
  To Clock:  clk_out1_clk_wiz_0_1

Max Delay          1216 Endpoints
Min Delay          1216 Endpoints
--------------------------------------------------------------------------------------


Max Delay Paths
--------------------------------------------------------------------------------------
Slack:                    inf
  Source:                 reset
                            (input port)
  Destination:            R2R_ADC_SUBSYSTEM/sawtooth_pwm_inst/duty_cycle_reg[12]/R
                            (rising edge-triggered cell FDRE clocked by clk_out1_clk_wiz_0_1  {rise@0.000ns fall@5.000ns period=10.000ns})
  Path Group:             (none)
  Path Type:              Setup (Max at Slow Process Corner)
  Data Path Delay:        12.742ns  (logic 1.565ns (12.284%)  route 11.177ns (87.716%))
  Logic Levels:           2  (IBUF=1 LUT2=1)
  Clock Path Skew:        -2.020ns (DCD - SCD + CPR)
    Destination Clock Delay (DCD):    -2.020ns
    Source Clock Delay      (SCD):    0.000ns
    Clock Pessimism Removal (CPR):    0.000ns
  Clock Uncertainty:      0.178ns  ((TSJ^2 + DJ^2)^1/2) / 2 + PE
    Total System Jitter     (TSJ):    0.050ns
    Discrete Jitter          (DJ):    0.136ns
    Phase Error              (PE):    0.105ns

    Location             Delay type                Incr(ns)  Path(ns)    Netlist Resource(s)
  -------------------------------------------------------------------    -------------------
    U18                                               0.000     0.000 r  reset (IN)
                         net (fo=0)                   0.000     0.000    reset
    U18                  IBUF (Prop_ibuf_I_O)         1.441     1.441 r  reset_IBUF_inst/O
                         net (fo=1141, routed)        9.367    10.809    R2R_ADC_SUBSYSTEM/sawtooth_pwm_inst/reset
    SLICE_X64Y65         LUT2 (Prop_lut2_I0_O)        0.124    10.933 r  R2R_ADC_SUBSYSTEM/sawtooth_pwm_inst/duty_cycle[7]_i_1/O
                         net (fo=16, routed)          1.810    12.742    R2R_ADC_SUBSYSTEM/sawtooth_pwm_inst/duty_cycle[7]_i_1_n_0
    SLICE_X64Y76         FDRE                                         r  R2R_ADC_SUBSYSTEM/sawtooth_pwm_inst/duty_cycle_reg[12]/R
  -------------------------------------------------------------------    -------------------

                         (clock clk_out1_clk_wiz_0_1 rise edge)
                                                      0.000     0.000 r  
    W5                                                0.000     0.000 r  clk_in (IN)
                         net (fo=0)                   0.000     0.000    u_clk_wiz/inst/clk_in1
    W5                   IBUF (Prop_ibuf_I_O)         1.388     1.388 r  u_clk_wiz/inst/clkin1_ibufg/O
                         net (fo=1, routed)           1.181     2.569    u_clk_wiz/inst/clk_in1_clk_wiz_0
    PLLE2_ADV_X1Y0       PLLE2_ADV (Prop_plle2_adv_CLKIN1_CLKOUT0)
                                                     -7.750    -5.181 r  u_clk_wiz/inst/plle2_adv_inst/CLKOUT0
                         net (fo=1, routed)           1.576    -3.604    u_clk_wiz/inst/clk_out1_clk_wiz_0
    BUFGCTRL_X0Y0        BUFG (Prop_bufg_I_O)         0.091    -3.513 r  u_clk_wiz/inst/clkout1_buf/O
                         net (fo=1596, routed)        1.494    -2.020    R2R_ADC_SUBSYSTEM/sawtooth_pwm_inst/clk
    SLICE_X64Y76         FDRE                                         r  R2R_ADC_SUBSYSTEM/sawtooth_pwm_inst/duty_cycle_reg[12]/C

Slack:                    inf
  Source:                 reset
                            (input port)
  Destination:            R2R_ADC_SUBSYSTEM/sawtooth_pwm_inst/duty_cycle_reg[13]/R
                            (rising edge-triggered cell FDRE clocked by clk_out1_clk_wiz_0_1  {rise@0.000ns fall@5.000ns period=10.000ns})
  Path Group:             (none)
  Path Type:              Setup (Max at Slow Process Corner)
  Data Path Delay:        12.742ns  (logic 1.565ns (12.284%)  route 11.177ns (87.716%))
  Logic Levels:           2  (IBUF=1 LUT2=1)
  Clock Path Skew:        -2.020ns (DCD - SCD + CPR)
    Destination Clock Delay (DCD):    -2.020ns
    Source Clock Delay      (SCD):    0.000ns
    Clock Pessimism Removal (CPR):    0.000ns
  Clock Uncertainty:      0.178ns  ((TSJ^2 + DJ^2)^1/2) / 2 + PE
    Total System Jitter     (TSJ):    0.050ns
    Discrete Jitter          (DJ):    0.136ns
    Phase Error              (PE):    0.105ns

    Location             Delay type                Incr(ns)  Path(ns)    Netlist Resource(s)
  -------------------------------------------------------------------    -------------------
    U18                                               0.000     0.000 r  reset (IN)
                         net (fo=0)                   0.000     0.000    reset
    U18                  IBUF (Prop_ibuf_I_O)         1.441     1.441 r  reset_IBUF_inst/O
                         net (fo=1141, routed)        9.367    10.809    R2R_ADC_SUBSYSTEM/sawtooth_pwm_inst/reset
    SLICE_X64Y65         LUT2 (Prop_lut2_I0_O)        0.124    10.933 r  R2R_ADC_SUBSYSTEM/sawtooth_pwm_inst/duty_cycle[7]_i_1/O
                         net (fo=16, routed)          1.810    12.742    R2R_ADC_SUBSYSTEM/sawtooth_pwm_inst/duty_cycle[7]_i_1_n_0
    SLICE_X64Y76         FDRE                                         r  R2R_ADC_SUBSYSTEM/sawtooth_pwm_inst/duty_cycle_reg[13]/R
  -------------------------------------------------------------------    -------------------

                         (clock clk_out1_clk_wiz_0_1 rise edge)
                                                      0.000     0.000 r  
    W5                                                0.000     0.000 r  clk_in (IN)
                         net (fo=0)                   0.000     0.000    u_clk_wiz/inst/clk_in1
    W5                   IBUF (Prop_ibuf_I_O)         1.388     1.388 r  u_clk_wiz/inst/clkin1_ibufg/O
                         net (fo=1, routed)           1.181     2.569    u_clk_wiz/inst/clk_in1_clk_wiz_0
    PLLE2_ADV_X1Y0       PLLE2_ADV (Prop_plle2_adv_CLKIN1_CLKOUT0)
                                                     -7.750    -5.181 r  u_clk_wiz/inst/plle2_adv_inst/CLKOUT0
                         net (fo=1, routed)           1.576    -3.604    u_clk_wiz/inst/clk_out1_clk_wiz_0
    BUFGCTRL_X0Y0        BUFG (Prop_bufg_I_O)         0.091    -3.513 r  u_clk_wiz/inst/clkout1_buf/O
                         net (fo=1596, routed)        1.494    -2.020    R2R_ADC_SUBSYSTEM/sawtooth_pwm_inst/clk
    SLICE_X64Y76         FDRE                                         r  R2R_ADC_SUBSYSTEM/sawtooth_pwm_inst/duty_cycle_reg[13]/C

Slack:                    inf
  Source:                 reset
                            (input port)
  Destination:            R2R_ADC_SUBSYSTEM/sawtooth_pwm_inst/duty_cycle_reg[14]/R
                            (rising edge-triggered cell FDRE clocked by clk_out1_clk_wiz_0_1  {rise@0.000ns fall@5.000ns period=10.000ns})
  Path Group:             (none)
  Path Type:              Setup (Max at Slow Process Corner)
  Data Path Delay:        12.742ns  (logic 1.565ns (12.284%)  route 11.177ns (87.716%))
  Logic Levels:           2  (IBUF=1 LUT2=1)
  Clock Path Skew:        -2.020ns (DCD - SCD + CPR)
    Destination Clock Delay (DCD):    -2.020ns
    Source Clock Delay      (SCD):    0.000ns
    Clock Pessimism Removal (CPR):    0.000ns
  Clock Uncertainty:      0.178ns  ((TSJ^2 + DJ^2)^1/2) / 2 + PE
    Total System Jitter     (TSJ):    0.050ns
    Discrete Jitter          (DJ):    0.136ns
    Phase Error              (PE):    0.105ns

    Location             Delay type                Incr(ns)  Path(ns)    Netlist Resource(s)
  -------------------------------------------------------------------    -------------------
    U18                                               0.000     0.000 r  reset (IN)
                         net (fo=0)                   0.000     0.000    reset
    U18                  IBUF (Prop_ibuf_I_O)         1.441     1.441 r  reset_IBUF_inst/O
                         net (fo=1141, routed)        9.367    10.809    R2R_ADC_SUBSYSTEM/sawtooth_pwm_inst/reset
    SLICE_X64Y65         LUT2 (Prop_lut2_I0_O)        0.124    10.933 r  R2R_ADC_SUBSYSTEM/sawtooth_pwm_inst/duty_cycle[7]_i_1/O
                         net (fo=16, routed)          1.810    12.742    R2R_ADC_SUBSYSTEM/sawtooth_pwm_inst/duty_cycle[7]_i_1_n_0
    SLICE_X64Y76         FDRE                                         r  R2R_ADC_SUBSYSTEM/sawtooth_pwm_inst/duty_cycle_reg[14]/R
  -------------------------------------------------------------------    -------------------

                         (clock clk_out1_clk_wiz_0_1 rise edge)
                                                      0.000     0.000 r  
    W5                                                0.000     0.000 r  clk_in (IN)
                         net (fo=0)                   0.000     0.000    u_clk_wiz/inst/clk_in1
    W5                   IBUF (Prop_ibuf_I_O)         1.388     1.388 r  u_clk_wiz/inst/clkin1_ibufg/O
                         net (fo=1, routed)           1.181     2.569    u_clk_wiz/inst/clk_in1_clk_wiz_0
    PLLE2_ADV_X1Y0       PLLE2_ADV (Prop_plle2_adv_CLKIN1_CLKOUT0)
                                                     -7.750    -5.181 r  u_clk_wiz/inst/plle2_adv_inst/CLKOUT0
                         net (fo=1, routed)           1.576    -3.604    u_clk_wiz/inst/clk_out1_clk_wiz_0
    BUFGCTRL_X0Y0        BUFG (Prop_bufg_I_O)         0.091    -3.513 r  u_clk_wiz/inst/clkout1_buf/O
                         net (fo=1596, routed)        1.494    -2.020    R2R_ADC_SUBSYSTEM/sawtooth_pwm_inst/clk
    SLICE_X64Y76         FDRE                                         r  R2R_ADC_SUBSYSTEM/sawtooth_pwm_inst/duty_cycle_reg[14]/C

Slack:                    inf
  Source:                 reset
                            (input port)
  Destination:            R2R_ADC_SUBSYSTEM/sawtooth_pwm_inst/duty_cycle_reg[15]/R
                            (rising edge-triggered cell FDRE clocked by clk_out1_clk_wiz_0_1  {rise@0.000ns fall@5.000ns period=10.000ns})
  Path Group:             (none)
  Path Type:              Setup (Max at Slow Process Corner)
  Data Path Delay:        12.742ns  (logic 1.565ns (12.284%)  route 11.177ns (87.716%))
  Logic Levels:           2  (IBUF=1 LUT2=1)
  Clock Path Skew:        -2.020ns (DCD - SCD + CPR)
    Destination Clock Delay (DCD):    -2.020ns
    Source Clock Delay      (SCD):    0.000ns
    Clock Pessimism Removal (CPR):    0.000ns
  Clock Uncertainty:      0.178ns  ((TSJ^2 + DJ^2)^1/2) / 2 + PE
    Total System Jitter     (TSJ):    0.050ns
    Discrete Jitter          (DJ):    0.136ns
    Phase Error              (PE):    0.105ns

    Location             Delay type                Incr(ns)  Path(ns)    Netlist Resource(s)
  -------------------------------------------------------------------    -------------------
    U18                                               0.000     0.000 r  reset (IN)
                         net (fo=0)                   0.000     0.000    reset
    U18                  IBUF (Prop_ibuf_I_O)         1.441     1.441 r  reset_IBUF_inst/O
                         net (fo=1141, routed)        9.367    10.809    R2R_ADC_SUBSYSTEM/sawtooth_pwm_inst/reset
    SLICE_X64Y65         LUT2 (Prop_lut2_I0_O)        0.124    10.933 r  R2R_ADC_SUBSYSTEM/sawtooth_pwm_inst/duty_cycle[7]_i_1/O
                         net (fo=16, routed)          1.810    12.742    R2R_ADC_SUBSYSTEM/sawtooth_pwm_inst/duty_cycle[7]_i_1_n_0
    SLICE_X64Y76         FDRE                                         r  R2R_ADC_SUBSYSTEM/sawtooth_pwm_inst/duty_cycle_reg[15]/R
  -------------------------------------------------------------------    -------------------

                         (clock clk_out1_clk_wiz_0_1 rise edge)
                                                      0.000     0.000 r  
    W5                                                0.000     0.000 r  clk_in (IN)
                         net (fo=0)                   0.000     0.000    u_clk_wiz/inst/clk_in1
    W5                   IBUF (Prop_ibuf_I_O)         1.388     1.388 r  u_clk_wiz/inst/clkin1_ibufg/O
                         net (fo=1, routed)           1.181     2.569    u_clk_wiz/inst/clk_in1_clk_wiz_0
    PLLE2_ADV_X1Y0       PLLE2_ADV (Prop_plle2_adv_CLKIN1_CLKOUT0)
                                                     -7.750    -5.181 r  u_clk_wiz/inst/plle2_adv_inst/CLKOUT0
                         net (fo=1, routed)           1.576    -3.604    u_clk_wiz/inst/clk_out1_clk_wiz_0
    BUFGCTRL_X0Y0        BUFG (Prop_bufg_I_O)         0.091    -3.513 r  u_clk_wiz/inst/clkout1_buf/O
                         net (fo=1596, routed)        1.494    -2.020    R2R_ADC_SUBSYSTEM/sawtooth_pwm_inst/clk
    SLICE_X64Y76         FDRE                                         r  R2R_ADC_SUBSYSTEM/sawtooth_pwm_inst/duty_cycle_reg[15]/C

Slack:                    inf
  Source:                 reset
                            (input port)
  Destination:            R2R_ADC_SUBSYSTEM/sawtooth_pwm_inst/duty_cycle_reg[10]/R
                            (rising edge-triggered cell FDRE clocked by clk_out1_clk_wiz_0_1  {rise@0.000ns fall@5.000ns period=10.000ns})
  Path Group:             (none)
  Path Type:              Setup (Max at Slow Process Corner)
  Data Path Delay:        12.452ns  (logic 1.565ns (12.571%)  route 10.887ns (87.429%))
  Logic Levels:           2  (IBUF=1 LUT2=1)
  Clock Path Skew:        -2.022ns (DCD - SCD + CPR)
    Destination Clock Delay (DCD):    -2.022ns
    Source Clock Delay      (SCD):    0.000ns
    Clock Pessimism Removal (CPR):    0.000ns
  Clock Uncertainty:      0.178ns  ((TSJ^2 + DJ^2)^1/2) / 2 + PE
    Total System Jitter     (TSJ):    0.050ns
    Discrete Jitter          (DJ):    0.136ns
    Phase Error              (PE):    0.105ns

    Location             Delay type                Incr(ns)  Path(ns)    Netlist Resource(s)
  -------------------------------------------------------------------    -------------------
    U18                                               0.000     0.000 r  reset (IN)
                         net (fo=0)                   0.000     0.000    reset
    U18                  IBUF (Prop_ibuf_I_O)         1.441     1.441 r  reset_IBUF_inst/O
                         net (fo=1141, routed)        9.367    10.809    R2R_ADC_SUBSYSTEM/sawtooth_pwm_inst/reset
    SLICE_X64Y65         LUT2 (Prop_lut2_I0_O)        0.124    10.933 r  R2R_ADC_SUBSYSTEM/sawtooth_pwm_inst/duty_cycle[7]_i_1/O
                         net (fo=16, routed)          1.519    12.452    R2R_ADC_SUBSYSTEM/sawtooth_pwm_inst/duty_cycle[7]_i_1_n_0
    SLICE_X64Y75         FDRE                                         r  R2R_ADC_SUBSYSTEM/sawtooth_pwm_inst/duty_cycle_reg[10]/R
  -------------------------------------------------------------------    -------------------

                         (clock clk_out1_clk_wiz_0_1 rise edge)
                                                      0.000     0.000 r  
    W5                                                0.000     0.000 r  clk_in (IN)
                         net (fo=0)                   0.000     0.000    u_clk_wiz/inst/clk_in1
    W5                   IBUF (Prop_ibuf_I_O)         1.388     1.388 r  u_clk_wiz/inst/clkin1_ibufg/O
                         net (fo=1, routed)           1.181     2.569    u_clk_wiz/inst/clk_in1_clk_wiz_0
    PLLE2_ADV_X1Y0       PLLE2_ADV (Prop_plle2_adv_CLKIN1_CLKOUT0)
                                                     -7.750    -5.181 r  u_clk_wiz/inst/plle2_adv_inst/CLKOUT0
                         net (fo=1, routed)           1.576    -3.604    u_clk_wiz/inst/clk_out1_clk_wiz_0
    BUFGCTRL_X0Y0        BUFG (Prop_bufg_I_O)         0.091    -3.513 r  u_clk_wiz/inst/clkout1_buf/O
                         net (fo=1596, routed)        1.492    -2.022    R2R_ADC_SUBSYSTEM/sawtooth_pwm_inst/clk
    SLICE_X64Y75         FDRE                                         r  R2R_ADC_SUBSYSTEM/sawtooth_pwm_inst/duty_cycle_reg[10]/C

Slack:                    inf
  Source:                 reset
                            (input port)
  Destination:            R2R_ADC_SUBSYSTEM/sawtooth_pwm_inst/duty_cycle_reg[11]/R
                            (rising edge-triggered cell FDRE clocked by clk_out1_clk_wiz_0_1  {rise@0.000ns fall@5.000ns period=10.000ns})
  Path Group:             (none)
  Path Type:              Setup (Max at Slow Process Corner)
  Data Path Delay:        12.452ns  (logic 1.565ns (12.571%)  route 10.887ns (87.429%))
  Logic Levels:           2  (IBUF=1 LUT2=1)
  Clock Path Skew:        -2.022ns (DCD - SCD + CPR)
    Destination Clock Delay (DCD):    -2.022ns
    Source Clock Delay      (SCD):    0.000ns
    Clock Pessimism Removal (CPR):    0.000ns
  Clock Uncertainty:      0.178ns  ((TSJ^2 + DJ^2)^1/2) / 2 + PE
    Total System Jitter     (TSJ):    0.050ns
    Discrete Jitter          (DJ):    0.136ns
    Phase Error              (PE):    0.105ns

    Location             Delay type                Incr(ns)  Path(ns)    Netlist Resource(s)
  -------------------------------------------------------------------    -------------------
    U18                                               0.000     0.000 r  reset (IN)
                         net (fo=0)                   0.000     0.000    reset
    U18                  IBUF (Prop_ibuf_I_O)         1.441     1.441 r  reset_IBUF_inst/O
                         net (fo=1141, routed)        9.367    10.809    R2R_ADC_SUBSYSTEM/sawtooth_pwm_inst/reset
    SLICE_X64Y65         LUT2 (Prop_lut2_I0_O)        0.124    10.933 r  R2R_ADC_SUBSYSTEM/sawtooth_pwm_inst/duty_cycle[7]_i_1/O
                         net (fo=16, routed)          1.519    12.452    R2R_ADC_SUBSYSTEM/sawtooth_pwm_inst/duty_cycle[7]_i_1_n_0
    SLICE_X64Y75         FDRE                                         r  R2R_ADC_SUBSYSTEM/sawtooth_pwm_inst/duty_cycle_reg[11]/R
  -------------------------------------------------------------------    -------------------

                         (clock clk_out1_clk_wiz_0_1 rise edge)
                                                      0.000     0.000 r  
    W5                                                0.000     0.000 r  clk_in (IN)
                         net (fo=0)                   0.000     0.000    u_clk_wiz/inst/clk_in1
    W5                   IBUF (Prop_ibuf_I_O)         1.388     1.388 r  u_clk_wiz/inst/clkin1_ibufg/O
                         net (fo=1, routed)           1.181     2.569    u_clk_wiz/inst/clk_in1_clk_wiz_0
    PLLE2_ADV_X1Y0       PLLE2_ADV (Prop_plle2_adv_CLKIN1_CLKOUT0)
                                                     -7.750    -5.181 r  u_clk_wiz/inst/plle2_adv_inst/CLKOUT0
                         net (fo=1, routed)           1.576    -3.604    u_clk_wiz/inst/clk_out1_clk_wiz_0
    BUFGCTRL_X0Y0        BUFG (Prop_bufg_I_O)         0.091    -3.513 r  u_clk_wiz/inst/clkout1_buf/O
                         net (fo=1596, routed)        1.492    -2.022    R2R_ADC_SUBSYSTEM/sawtooth_pwm_inst/clk
    SLICE_X64Y75         FDRE                                         r  R2R_ADC_SUBSYSTEM/sawtooth_pwm_inst/duty_cycle_reg[11]/C

Slack:                    inf
  Source:                 reset
                            (input port)
  Destination:            R2R_ADC_SUBSYSTEM/sawtooth_pwm_inst/duty_cycle_reg[9]/R
                            (rising edge-triggered cell FDRE clocked by clk_out1_clk_wiz_0_1  {rise@0.000ns fall@5.000ns period=10.000ns})
  Path Group:             (none)
  Path Type:              Setup (Max at Slow Process Corner)
  Data Path Delay:        12.452ns  (logic 1.565ns (12.571%)  route 10.887ns (87.429%))
  Logic Levels:           2  (IBUF=1 LUT2=1)
  Clock Path Skew:        -2.022ns (DCD - SCD + CPR)
    Destination Clock Delay (DCD):    -2.022ns
    Source Clock Delay      (SCD):    0.000ns
    Clock Pessimism Removal (CPR):    0.000ns
  Clock Uncertainty:      0.178ns  ((TSJ^2 + DJ^2)^1/2) / 2 + PE
    Total System Jitter     (TSJ):    0.050ns
    Discrete Jitter          (DJ):    0.136ns
    Phase Error              (PE):    0.105ns

    Location             Delay type                Incr(ns)  Path(ns)    Netlist Resource(s)
  -------------------------------------------------------------------    -------------------
    U18                                               0.000     0.000 r  reset (IN)
                         net (fo=0)                   0.000     0.000    reset
    U18                  IBUF (Prop_ibuf_I_O)         1.441     1.441 r  reset_IBUF_inst/O
                         net (fo=1141, routed)        9.367    10.809    R2R_ADC_SUBSYSTEM/sawtooth_pwm_inst/reset
    SLICE_X64Y65         LUT2 (Prop_lut2_I0_O)        0.124    10.933 r  R2R_ADC_SUBSYSTEM/sawtooth_pwm_inst/duty_cycle[7]_i_1/O
                         net (fo=16, routed)          1.519    12.452    R2R_ADC_SUBSYSTEM/sawtooth_pwm_inst/duty_cycle[7]_i_1_n_0
    SLICE_X64Y75         FDRE                                         r  R2R_ADC_SUBSYSTEM/sawtooth_pwm_inst/duty_cycle_reg[9]/R
  -------------------------------------------------------------------    -------------------

                         (clock clk_out1_clk_wiz_0_1 rise edge)
                                                      0.000     0.000 r  
    W5                                                0.000     0.000 r  clk_in (IN)
                         net (fo=0)                   0.000     0.000    u_clk_wiz/inst/clk_in1
    W5                   IBUF (Prop_ibuf_I_O)         1.388     1.388 r  u_clk_wiz/inst/clkin1_ibufg/O
                         net (fo=1, routed)           1.181     2.569    u_clk_wiz/inst/clk_in1_clk_wiz_0
    PLLE2_ADV_X1Y0       PLLE2_ADV (Prop_plle2_adv_CLKIN1_CLKOUT0)
                                                     -7.750    -5.181 r  u_clk_wiz/inst/plle2_adv_inst/CLKOUT0
                         net (fo=1, routed)           1.576    -3.604    u_clk_wiz/inst/clk_out1_clk_wiz_0
    BUFGCTRL_X0Y0        BUFG (Prop_bufg_I_O)         0.091    -3.513 r  u_clk_wiz/inst/clkout1_buf/O
                         net (fo=1596, routed)        1.492    -2.022    R2R_ADC_SUBSYSTEM/sawtooth_pwm_inst/clk
    SLICE_X64Y75         FDRE                                         r  R2R_ADC_SUBSYSTEM/sawtooth_pwm_inst/duty_cycle_reg[9]/C

Slack:                    inf
  Source:                 reset
                            (input port)
  Destination:            R2R_ADC_SUBSYSTEM/sawtooth_pwm_inst/duty_cycle_reg[6]/R
                            (rising edge-triggered cell FDRE clocked by clk_out1_clk_wiz_0_1  {rise@0.000ns fall@5.000ns period=10.000ns})
  Path Group:             (none)
  Path Type:              Setup (Max at Slow Process Corner)
  Data Path Delay:        12.275ns  (logic 1.565ns (12.751%)  route 10.710ns (87.249%))
  Logic Levels:           2  (IBUF=1 LUT2=1)
  Clock Path Skew:        -2.022ns (DCD - SCD + CPR)
    Destination Clock Delay (DCD):    -2.022ns
    Source Clock Delay      (SCD):    0.000ns
    Clock Pessimism Removal (CPR):    0.000ns
  Clock Uncertainty:      0.178ns  ((TSJ^2 + DJ^2)^1/2) / 2 + PE
    Total System Jitter     (TSJ):    0.050ns
    Discrete Jitter          (DJ):    0.136ns
    Phase Error              (PE):    0.105ns

    Location             Delay type                Incr(ns)  Path(ns)    Netlist Resource(s)
  -------------------------------------------------------------------    -------------------
    U18                                               0.000     0.000 r  reset (IN)
                         net (fo=0)                   0.000     0.000    reset
    U18                  IBUF (Prop_ibuf_I_O)         1.441     1.441 r  reset_IBUF_inst/O
                         net (fo=1141, routed)        9.367    10.809    R2R_ADC_SUBSYSTEM/sawtooth_pwm_inst/reset
    SLICE_X64Y65         LUT2 (Prop_lut2_I0_O)        0.124    10.933 r  R2R_ADC_SUBSYSTEM/sawtooth_pwm_inst/duty_cycle[7]_i_1/O
                         net (fo=16, routed)          1.343    12.275    R2R_ADC_SUBSYSTEM/sawtooth_pwm_inst/duty_cycle[7]_i_1_n_0
    SLICE_X64Y74         FDRE                                         r  R2R_ADC_SUBSYSTEM/sawtooth_pwm_inst/duty_cycle_reg[6]/R
  -------------------------------------------------------------------    -------------------

                         (clock clk_out1_clk_wiz_0_1 rise edge)
                                                      0.000     0.000 r  
    W5                                                0.000     0.000 r  clk_in (IN)
                         net (fo=0)                   0.000     0.000    u_clk_wiz/inst/clk_in1
    W5                   IBUF (Prop_ibuf_I_O)         1.388     1.388 r  u_clk_wiz/inst/clkin1_ibufg/O
                         net (fo=1, routed)           1.181     2.569    u_clk_wiz/inst/clk_in1_clk_wiz_0
    PLLE2_ADV_X1Y0       PLLE2_ADV (Prop_plle2_adv_CLKIN1_CLKOUT0)
                                                     -7.750    -5.181 r  u_clk_wiz/inst/plle2_adv_inst/CLKOUT0
                         net (fo=1, routed)           1.576    -3.604    u_clk_wiz/inst/clk_out1_clk_wiz_0
    BUFGCTRL_X0Y0        BUFG (Prop_bufg_I_O)         0.091    -3.513 r  u_clk_wiz/inst/clkout1_buf/O
                         net (fo=1596, routed)        1.492    -2.022    R2R_ADC_SUBSYSTEM/sawtooth_pwm_inst/clk
    SLICE_X64Y74         FDRE                                         r  R2R_ADC_SUBSYSTEM/sawtooth_pwm_inst/duty_cycle_reg[6]/C

Slack:                    inf
  Source:                 reset
                            (input port)
  Destination:            R2R_ADC_SUBSYSTEM/sawtooth_pwm_inst/duty_cycle_reg[8]/R
                            (rising edge-triggered cell FDRE clocked by clk_out1_clk_wiz_0_1  {rise@0.000ns fall@5.000ns period=10.000ns})
  Path Group:             (none)
  Path Type:              Setup (Max at Slow Process Corner)
  Data Path Delay:        12.275ns  (logic 1.565ns (12.751%)  route 10.710ns (87.249%))
  Logic Levels:           2  (IBUF=1 LUT2=1)
  Clock Path Skew:        -2.022ns (DCD - SCD + CPR)
    Destination Clock Delay (DCD):    -2.022ns
    Source Clock Delay      (SCD):    0.000ns
    Clock Pessimism Removal (CPR):    0.000ns
  Clock Uncertainty:      0.178ns  ((TSJ^2 + DJ^2)^1/2) / 2 + PE
    Total System Jitter     (TSJ):    0.050ns
    Discrete Jitter          (DJ):    0.136ns
    Phase Error              (PE):    0.105ns

    Location             Delay type                Incr(ns)  Path(ns)    Netlist Resource(s)
  -------------------------------------------------------------------    -------------------
    U18                                               0.000     0.000 r  reset (IN)
                         net (fo=0)                   0.000     0.000    reset
    U18                  IBUF (Prop_ibuf_I_O)         1.441     1.441 r  reset_IBUF_inst/O
                         net (fo=1141, routed)        9.367    10.809    R2R_ADC_SUBSYSTEM/sawtooth_pwm_inst/reset
    SLICE_X64Y65         LUT2 (Prop_lut2_I0_O)        0.124    10.933 r  R2R_ADC_SUBSYSTEM/sawtooth_pwm_inst/duty_cycle[7]_i_1/O
                         net (fo=16, routed)          1.343    12.275    R2R_ADC_SUBSYSTEM/sawtooth_pwm_inst/duty_cycle[7]_i_1_n_0
    SLICE_X64Y74         FDRE                                         r  R2R_ADC_SUBSYSTEM/sawtooth_pwm_inst/duty_cycle_reg[8]/R
  -------------------------------------------------------------------    -------------------

                         (clock clk_out1_clk_wiz_0_1 rise edge)
                                                      0.000     0.000 r  
    W5                                                0.000     0.000 r  clk_in (IN)
                         net (fo=0)                   0.000     0.000    u_clk_wiz/inst/clk_in1
    W5                   IBUF (Prop_ibuf_I_O)         1.388     1.388 r  u_clk_wiz/inst/clkin1_ibufg/O
                         net (fo=1, routed)           1.181     2.569    u_clk_wiz/inst/clk_in1_clk_wiz_0
    PLLE2_ADV_X1Y0       PLLE2_ADV (Prop_plle2_adv_CLKIN1_CLKOUT0)
                                                     -7.750    -5.181 r  u_clk_wiz/inst/plle2_adv_inst/CLKOUT0
                         net (fo=1, routed)           1.576    -3.604    u_clk_wiz/inst/clk_out1_clk_wiz_0
    BUFGCTRL_X0Y0        BUFG (Prop_bufg_I_O)         0.091    -3.513 r  u_clk_wiz/inst/clkout1_buf/O
                         net (fo=1596, routed)        1.492    -2.022    R2R_ADC_SUBSYSTEM/sawtooth_pwm_inst/clk
    SLICE_X64Y74         FDRE                                         r  R2R_ADC_SUBSYSTEM/sawtooth_pwm_inst/duty_cycle_reg[8]/C

Slack:                    inf
  Source:                 reset
                            (input port)
  Destination:            SEVEN_SEGMENT_DISPLAY/DIGIT_SELECTOR/q_reg[3]/D
                            (rising edge-triggered cell FDRE clocked by clk_out1_clk_wiz_0_1  {rise@0.000ns fall@5.000ns period=10.000ns})
  Path Group:             (none)
  Path Type:              Setup (Max at Slow Process Corner)
  Data Path Delay:        12.100ns  (logic 1.591ns (13.151%)  route 10.509ns (86.849%))
  Logic Levels:           2  (IBUF=1 LUT5=1)
  Clock Path Skew:        -2.007ns (DCD - SCD + CPR)
    Destination Clock Delay (DCD):    -2.007ns
    Source Clock Delay      (SCD):    0.000ns
    Clock Pessimism Removal (CPR):    0.000ns
  Clock Uncertainty:      0.178ns  ((TSJ^2 + DJ^2)^1/2) / 2 + PE
    Total System Jitter     (TSJ):    0.050ns
    Discrete Jitter          (DJ):    0.136ns
    Phase Error              (PE):    0.105ns

    Location             Delay type                Incr(ns)  Path(ns)    Netlist Resource(s)
  -------------------------------------------------------------------    -------------------
    U18                                               0.000     0.000 r  reset (IN)
                         net (fo=0)                   0.000     0.000    reset
    U18                  IBUF (Prop_ibuf_I_O)         1.441     1.441 r  reset_IBUF_inst/O
                         net (fo=1141, routed)       10.166    11.607    SEVEN_SEGMENT_DISPLAY/DIGIT_SELECTOR/reset
    SLICE_X60Y58         LUT5 (Prop_lut5_I0_O)        0.150    11.757 r  SEVEN_SEGMENT_DISPLAY/DIGIT_SELECTOR/q[3]_i_1/O
                         net (fo=1, routed)           0.343    12.100    SEVEN_SEGMENT_DISPLAY/DIGIT_SELECTOR/q[3]_i_1_n_0
    SLICE_X61Y58         FDRE                                         r  SEVEN_SEGMENT_DISPLAY/DIGIT_SELECTOR/q_reg[3]/D
  -------------------------------------------------------------------    -------------------

                         (clock clk_out1_clk_wiz_0_1 rise edge)
                                                      0.000     0.000 r  
    W5                                                0.000     0.000 r  clk_in (IN)
                         net (fo=0)                   0.000     0.000    u_clk_wiz/inst/clk_in1
    W5                   IBUF (Prop_ibuf_I_O)         1.388     1.388 r  u_clk_wiz/inst/clkin1_ibufg/O
                         net (fo=1, routed)           1.181     2.569    u_clk_wiz/inst/clk_in1_clk_wiz_0
    PLLE2_ADV_X1Y0       PLLE2_ADV (Prop_plle2_adv_CLKIN1_CLKOUT0)
                                                     -7.750    -5.181 r  u_clk_wiz/inst/plle2_adv_inst/CLKOUT0
                         net (fo=1, routed)           1.576    -3.604    u_clk_wiz/inst/clk_out1_clk_wiz_0
    BUFGCTRL_X0Y0        BUFG (Prop_bufg_I_O)         0.091    -3.513 r  u_clk_wiz/inst/clkout1_buf/O
                         net (fo=1596, routed)        1.507    -2.007    SEVEN_SEGMENT_DISPLAY/DIGIT_SELECTOR/clk
    SLICE_X61Y58         FDRE                                         r  SEVEN_SEGMENT_DISPLAY/DIGIT_SELECTOR/q_reg[3]/C





Min Delay Paths
--------------------------------------------------------------------------------------
Slack:                    inf
  Source:                 ncompare_state1
                            (input port)
  Destination:            INPUT_SYNC/nout3_reg/D
                            (rising edge-triggered cell FDRE clocked by clk_out1_clk_wiz_0_1  {rise@0.000ns fall@5.000ns period=10.000ns})
  Path Group:             (none)
  Path Type:              Hold (Min at Fast Process Corner)
  Data Path Delay:        0.652ns  (logic 0.225ns (34.433%)  route 0.428ns (65.567%))
  Logic Levels:           1  (IBUF=1)
  Clock Path Skew:        -0.317ns (DCD - SCD - CPR)
    Destination Clock Delay (DCD):    -0.317ns
    Source Clock Delay      (SCD):    0.000ns
    Clock Pessimism Removal (CPR):    -0.000ns

    Location             Delay type                Incr(ns)  Path(ns)    Netlist Resource(s)
  -------------------------------------------------------------------    -------------------
    M2                                                0.000     0.000 r  ncompare_state1 (IN)
                         net (fo=0)                   0.000     0.000    ncompare_state1
    M2                   IBUF (Prop_ibuf_I_O)         0.225     0.225 r  ncompare_state1_IBUF_inst/O
                         net (fo=1, routed)           0.428     0.652    INPUT_SYNC/in3
    SLICE_X65Y78         FDRE                                         r  INPUT_SYNC/nout3_reg/D
  -------------------------------------------------------------------    -------------------

                         (clock clk_out1_clk_wiz_0_1 rise edge)
                                                      0.000     0.000 r  
    W5                                                0.000     0.000 r  clk_in (IN)
                         net (fo=0)                   0.000     0.000    u_clk_wiz/inst/clk_in1
    W5                   IBUF (Prop_ibuf_I_O)         0.414     0.414 r  u_clk_wiz/inst/clkin1_ibufg/O
                         net (fo=1, routed)           0.481     0.895    u_clk_wiz/inst/clk_in1_clk_wiz_0
    PLLE2_ADV_X1Y0       PLLE2_ADV (Prop_plle2_adv_CLKIN1_CLKOUT0)
                                                     -2.638    -1.743 r  u_clk_wiz/inst/plle2_adv_inst/CLKOUT0
                         net (fo=1, routed)           0.546    -1.197    u_clk_wiz/inst/clk_out1_clk_wiz_0
    BUFGCTRL_X0Y0        BUFG (Prop_bufg_I_O)         0.029    -1.168 r  u_clk_wiz/inst/clkout1_buf/O
                         net (fo=1596, routed)        0.851    -0.317    INPUT_SYNC/clk
    SLICE_X65Y78         FDRE                                         r  INPUT_SYNC/nout3_reg/C

Slack:                    inf
  Source:                 ncompare_state2
                            (input port)
  Destination:            INPUT_SYNC/nout4_reg/D
                            (rising edge-triggered cell FDRE clocked by clk_out1_clk_wiz_0_1  {rise@0.000ns fall@5.000ns period=10.000ns})
  Path Group:             (none)
  Path Type:              Hold (Min at Fast Process Corner)
  Data Path Delay:        0.770ns  (logic 0.217ns (28.132%)  route 0.553ns (71.868%))
  Logic Levels:           1  (IBUF=1)
  Clock Path Skew:        -0.317ns (DCD - SCD - CPR)
    Destination Clock Delay (DCD):    -0.317ns
    Source Clock Delay      (SCD):    0.000ns
    Clock Pessimism Removal (CPR):    -0.000ns

    Location             Delay type                Incr(ns)  Path(ns)    Netlist Resource(s)
  -------------------------------------------------------------------    -------------------
    L3                                                0.000     0.000 r  ncompare_state2 (IN)
                         net (fo=0)                   0.000     0.000    ncompare_state2
    L3                   IBUF (Prop_ibuf_I_O)         0.217     0.217 r  ncompare_state2_IBUF_inst/O
                         net (fo=1, routed)           0.553     0.770    INPUT_SYNC/in4
    SLICE_X65Y71         FDRE                                         r  INPUT_SYNC/nout4_reg/D
  -------------------------------------------------------------------    -------------------

                         (clock clk_out1_clk_wiz_0_1 rise edge)
                                                      0.000     0.000 r  
    W5                                                0.000     0.000 r  clk_in (IN)
                         net (fo=0)                   0.000     0.000    u_clk_wiz/inst/clk_in1
    W5                   IBUF (Prop_ibuf_I_O)         0.414     0.414 r  u_clk_wiz/inst/clkin1_ibufg/O
                         net (fo=1, routed)           0.481     0.895    u_clk_wiz/inst/clk_in1_clk_wiz_0
    PLLE2_ADV_X1Y0       PLLE2_ADV (Prop_plle2_adv_CLKIN1_CLKOUT0)
                                                     -2.638    -1.743 r  u_clk_wiz/inst/plle2_adv_inst/CLKOUT0
                         net (fo=1, routed)           0.546    -1.197    u_clk_wiz/inst/clk_out1_clk_wiz_0
    BUFGCTRL_X0Y0        BUFG (Prop_bufg_I_O)         0.029    -1.168 r  u_clk_wiz/inst/clkout1_buf/O
                         net (fo=1596, routed)        0.851    -0.317    INPUT_SYNC/clk
    SLICE_X65Y71         FDRE                                         r  INPUT_SYNC/nout4_reg/C

Slack:                    inf
  Source:                 nmode_select[0]
                            (input port)
  Destination:            INPUT_SYNC/nout2_reg[0]/D
                            (rising edge-triggered cell FDRE clocked by clk_out1_clk_wiz_0_1  {rise@0.000ns fall@5.000ns period=10.000ns})
  Path Group:             (none)
  Path Type:              Hold (Min at Fast Process Corner)
  Data Path Delay:        0.772ns  (logic 0.223ns (28.912%)  route 0.549ns (71.088%))
  Logic Levels:           1  (IBUF=1)
  Clock Path Skew:        -0.307ns (DCD - SCD - CPR)
    Destination Clock Delay (DCD):    -0.307ns
    Source Clock Delay      (SCD):    0.000ns
    Clock Pessimism Removal (CPR):    -0.000ns

    Location             Delay type                Incr(ns)  Path(ns)    Netlist Resource(s)
  -------------------------------------------------------------------    -------------------
    T1                                                0.000     0.000 r  nmode_select[0] (IN)
                         net (fo=0)                   0.000     0.000    nmode_select[0]
    T1                   IBUF (Prop_ibuf_I_O)         0.223     0.223 r  nmode_select_IBUF[0]_inst/O
                         net (fo=1, routed)           0.549     0.772    INPUT_SYNC/in2[0]
    SLICE_X64Y60         FDRE                                         r  INPUT_SYNC/nout2_reg[0]/D
  -------------------------------------------------------------------    -------------------

                         (clock clk_out1_clk_wiz_0_1 rise edge)
                                                      0.000     0.000 r  
    W5                                                0.000     0.000 r  clk_in (IN)
                         net (fo=0)                   0.000     0.000    u_clk_wiz/inst/clk_in1
    W5                   IBUF (Prop_ibuf_I_O)         0.414     0.414 r  u_clk_wiz/inst/clkin1_ibufg/O
                         net (fo=1, routed)           0.481     0.895    u_clk_wiz/inst/clk_in1_clk_wiz_0
    PLLE2_ADV_X1Y0       PLLE2_ADV (Prop_plle2_adv_CLKIN1_CLKOUT0)
                                                     -2.638    -1.743 r  u_clk_wiz/inst/plle2_adv_inst/CLKOUT0
                         net (fo=1, routed)           0.546    -1.197    u_clk_wiz/inst/clk_out1_clk_wiz_0
    BUFGCTRL_X0Y0        BUFG (Prop_bufg_I_O)         0.029    -1.168 r  u_clk_wiz/inst/clkout1_buf/O
                         net (fo=1596, routed)        0.861    -0.307    INPUT_SYNC/clk
    SLICE_X64Y60         FDRE                                         r  INPUT_SYNC/nout2_reg[0]/C

Slack:                    inf
  Source:                 nmode_select[1]
                            (input port)
  Destination:            INPUT_SYNC/nout2_reg[1]/D
                            (rising edge-triggered cell FDRE clocked by clk_out1_clk_wiz_0_1  {rise@0.000ns fall@5.000ns period=10.000ns})
  Path Group:             (none)
  Path Type:              Hold (Min at Fast Process Corner)
  Data Path Delay:        0.808ns  (logic 0.224ns (27.751%)  route 0.584ns (72.249%))
  Logic Levels:           1  (IBUF=1)
  Clock Path Skew:        -0.314ns (DCD - SCD - CPR)
    Destination Clock Delay (DCD):    -0.314ns
    Source Clock Delay      (SCD):    0.000ns
    Clock Pessimism Removal (CPR):    -0.000ns

    Location             Delay type                Incr(ns)  Path(ns)    Netlist Resource(s)
  -------------------------------------------------------------------    -------------------
    R2                                                0.000     0.000 r  nmode_select[1] (IN)
                         net (fo=0)                   0.000     0.000    nmode_select[1]
    R2                   IBUF (Prop_ibuf_I_O)         0.224     0.224 r  nmode_select_IBUF[1]_inst/O
                         net (fo=1, routed)           0.584     0.808    INPUT_SYNC/in2[1]
    SLICE_X61Y66         FDRE                                         r  INPUT_SYNC/nout2_reg[1]/D
  -------------------------------------------------------------------    -------------------

                         (clock clk_out1_clk_wiz_0_1 rise edge)
                                                      0.000     0.000 r  
    W5                                                0.000     0.000 r  clk_in (IN)
                         net (fo=0)                   0.000     0.000    u_clk_wiz/inst/clk_in1
    W5                   IBUF (Prop_ibuf_I_O)         0.414     0.414 r  u_clk_wiz/inst/clkin1_ibufg/O
                         net (fo=1, routed)           0.481     0.895    u_clk_wiz/inst/clk_in1_clk_wiz_0
    PLLE2_ADV_X1Y0       PLLE2_ADV (Prop_plle2_adv_CLKIN1_CLKOUT0)
                                                     -2.638    -1.743 r  u_clk_wiz/inst/plle2_adv_inst/CLKOUT0
                         net (fo=1, routed)           0.546    -1.197    u_clk_wiz/inst/clk_out1_clk_wiz_0
    BUFGCTRL_X0Y0        BUFG (Prop_bufg_I_O)         0.029    -1.168 r  u_clk_wiz/inst/clkout1_buf/O
                         net (fo=1596, routed)        0.855    -0.314    INPUT_SYNC/clk
    SLICE_X61Y66         FDRE                                         r  INPUT_SYNC/nout2_reg[1]/C

Slack:                    inf
  Source:                 nsar_switch
                            (input port)
  Destination:            INPUT_SYNC/nout5_reg/D
                            (rising edge-triggered cell FDRE clocked by clk_out1_clk_wiz_0_1  {rise@0.000ns fall@5.000ns period=10.000ns})
  Path Group:             (none)
  Path Type:              Hold (Min at Fast Process Corner)
  Data Path Delay:        0.842ns  (logic 0.221ns (26.236%)  route 0.621ns (73.764%))
  Logic Levels:           1  (IBUF=1)
  Clock Path Skew:        -0.313ns (DCD - SCD - CPR)
    Destination Clock Delay (DCD):    -0.313ns
    Source Clock Delay      (SCD):    0.000ns
    Clock Pessimism Removal (CPR):    -0.000ns

    Location             Delay type                Incr(ns)  Path(ns)    Netlist Resource(s)
  -------------------------------------------------------------------    -------------------
    U1                                                0.000     0.000 r  nsar_switch (IN)
                         net (fo=0)                   0.000     0.000    nsar_switch
    U1                   IBUF (Prop_ibuf_I_O)         0.221     0.221 r  nsar_switch_IBUF_inst/O
                         net (fo=1, routed)           0.621     0.842    INPUT_SYNC/in5
    SLICE_X61Y65         FDRE                                         r  INPUT_SYNC/nout5_reg/D
  -------------------------------------------------------------------    -------------------

                         (clock clk_out1_clk_wiz_0_1 rise edge)
                                                      0.000     0.000 r  
    W5                                                0.000     0.000 r  clk_in (IN)
                         net (fo=0)                   0.000     0.000    u_clk_wiz/inst/clk_in1
    W5                   IBUF (Prop_ibuf_I_O)         0.414     0.414 r  u_clk_wiz/inst/clkin1_ibufg/O
                         net (fo=1, routed)           0.481     0.895    u_clk_wiz/inst/clk_in1_clk_wiz_0
    PLLE2_ADV_X1Y0       PLLE2_ADV (Prop_plle2_adv_CLKIN1_CLKOUT0)
                                                     -2.638    -1.743 r  u_clk_wiz/inst/plle2_adv_inst/CLKOUT0
                         net (fo=1, routed)           0.546    -1.197    u_clk_wiz/inst/clk_out1_clk_wiz_0
    BUFGCTRL_X0Y0        BUFG (Prop_bufg_I_O)         0.029    -1.168 r  u_clk_wiz/inst/clkout1_buf/O
                         net (fo=1596, routed)        0.855    -0.313    INPUT_SYNC/clk
    SLICE_X61Y65         FDRE                                         r  INPUT_SYNC/nout5_reg/C

Slack:                    inf
  Source:                 reset
                            (input port)
  Destination:            ADC_PROC_XADC/averager/REG_ARRAY_reg_r_52/R
                            (rising edge-triggered cell FDRE clocked by clk_out1_clk_wiz_0_1  {rise@0.000ns fall@5.000ns period=10.000ns})
  Path Group:             (none)
  Path Type:              Hold (Min at Fast Process Corner)
  Data Path Delay:        1.527ns  (logic 0.210ns (13.723%)  route 1.317ns (86.277%))
  Logic Levels:           1  (IBUF=1)
  Clock Path Skew:        -0.340ns (DCD - SCD - CPR)
    Destination Clock Delay (DCD):    -0.340ns
    Source Clock Delay      (SCD):    0.000ns
    Clock Pessimism Removal (CPR):    -0.000ns

    Location             Delay type                Incr(ns)  Path(ns)    Netlist Resource(s)
  -------------------------------------------------------------------    -------------------
    U18                                               0.000     0.000 r  reset (IN)
                         net (fo=0)                   0.000     0.000    reset
    U18                  IBUF (Prop_ibuf_I_O)         0.210     0.210 r  reset_IBUF_inst/O
                         net (fo=1141, routed)        1.317     1.527    ADC_PROC_XADC/averager/reset
    SLICE_X31Y59         FDRE                                         r  ADC_PROC_XADC/averager/REG_ARRAY_reg_r_52/R
  -------------------------------------------------------------------    -------------------

                         (clock clk_out1_clk_wiz_0_1 rise edge)
                                                      0.000     0.000 r  
    W5                                                0.000     0.000 r  clk_in (IN)
                         net (fo=0)                   0.000     0.000    u_clk_wiz/inst/clk_in1
    W5                   IBUF (Prop_ibuf_I_O)         0.414     0.414 r  u_clk_wiz/inst/clkin1_ibufg/O
                         net (fo=1, routed)           0.481     0.895    u_clk_wiz/inst/clk_in1_clk_wiz_0
    PLLE2_ADV_X1Y0       PLLE2_ADV (Prop_plle2_adv_CLKIN1_CLKOUT0)
                                                     -2.638    -1.743 r  u_clk_wiz/inst/plle2_adv_inst/CLKOUT0
                         net (fo=1, routed)           0.546    -1.197    u_clk_wiz/inst/clk_out1_clk_wiz_0
    BUFGCTRL_X0Y0        BUFG (Prop_bufg_I_O)         0.029    -1.168 r  u_clk_wiz/inst/clkout1_buf/O
                         net (fo=1596, routed)        0.828    -0.340    ADC_PROC_XADC/averager/clk
    SLICE_X31Y59         FDRE                                         r  ADC_PROC_XADC/averager/REG_ARRAY_reg_r_52/C

Slack:                    inf
  Source:                 reset
                            (input port)
  Destination:            ADC_PROC_XADC/averager/REG_ARRAY_reg_r_53/R
                            (rising edge-triggered cell FDRE clocked by clk_out1_clk_wiz_0_1  {rise@0.000ns fall@5.000ns period=10.000ns})
  Path Group:             (none)
  Path Type:              Hold (Min at Fast Process Corner)
  Data Path Delay:        1.527ns  (logic 0.210ns (13.723%)  route 1.317ns (86.277%))
  Logic Levels:           1  (IBUF=1)
  Clock Path Skew:        -0.340ns (DCD - SCD - CPR)
    Destination Clock Delay (DCD):    -0.340ns
    Source Clock Delay      (SCD):    0.000ns
    Clock Pessimism Removal (CPR):    -0.000ns

    Location             Delay type                Incr(ns)  Path(ns)    Netlist Resource(s)
  -------------------------------------------------------------------    -------------------
    U18                                               0.000     0.000 r  reset (IN)
                         net (fo=0)                   0.000     0.000    reset
    U18                  IBUF (Prop_ibuf_I_O)         0.210     0.210 r  reset_IBUF_inst/O
                         net (fo=1141, routed)        1.317     1.527    ADC_PROC_XADC/averager/reset
    SLICE_X31Y59         FDRE                                         r  ADC_PROC_XADC/averager/REG_ARRAY_reg_r_53/R
  -------------------------------------------------------------------    -------------------

                         (clock clk_out1_clk_wiz_0_1 rise edge)
                                                      0.000     0.000 r  
    W5                                                0.000     0.000 r  clk_in (IN)
                         net (fo=0)                   0.000     0.000    u_clk_wiz/inst/clk_in1
    W5                   IBUF (Prop_ibuf_I_O)         0.414     0.414 r  u_clk_wiz/inst/clkin1_ibufg/O
                         net (fo=1, routed)           0.481     0.895    u_clk_wiz/inst/clk_in1_clk_wiz_0
    PLLE2_ADV_X1Y0       PLLE2_ADV (Prop_plle2_adv_CLKIN1_CLKOUT0)
                                                     -2.638    -1.743 r  u_clk_wiz/inst/plle2_adv_inst/CLKOUT0
                         net (fo=1, routed)           0.546    -1.197    u_clk_wiz/inst/clk_out1_clk_wiz_0
    BUFGCTRL_X0Y0        BUFG (Prop_bufg_I_O)         0.029    -1.168 r  u_clk_wiz/inst/clkout1_buf/O
                         net (fo=1596, routed)        0.828    -0.340    ADC_PROC_XADC/averager/clk
    SLICE_X31Y59         FDRE                                         r  ADC_PROC_XADC/averager/REG_ARRAY_reg_r_53/C

Slack:                    inf
  Source:                 reset
                            (input port)
  Destination:            ADC_PROC_XADC/averager/REG_ARRAY_reg_r_54/R
                            (rising edge-triggered cell FDRE clocked by clk_out1_clk_wiz_0_1  {rise@0.000ns fall@5.000ns period=10.000ns})
  Path Group:             (none)
  Path Type:              Hold (Min at Fast Process Corner)
  Data Path Delay:        1.527ns  (logic 0.210ns (13.723%)  route 1.317ns (86.277%))
  Logic Levels:           1  (IBUF=1)
  Clock Path Skew:        -0.340ns (DCD - SCD - CPR)
    Destination Clock Delay (DCD):    -0.340ns
    Source Clock Delay      (SCD):    0.000ns
    Clock Pessimism Removal (CPR):    -0.000ns

    Location             Delay type                Incr(ns)  Path(ns)    Netlist Resource(s)
  -------------------------------------------------------------------    -------------------
    U18                                               0.000     0.000 r  reset (IN)
                         net (fo=0)                   0.000     0.000    reset
    U18                  IBUF (Prop_ibuf_I_O)         0.210     0.210 r  reset_IBUF_inst/O
                         net (fo=1141, routed)        1.317     1.527    ADC_PROC_XADC/averager/reset
    SLICE_X31Y59         FDRE                                         r  ADC_PROC_XADC/averager/REG_ARRAY_reg_r_54/R
  -------------------------------------------------------------------    -------------------

                         (clock clk_out1_clk_wiz_0_1 rise edge)
                                                      0.000     0.000 r  
    W5                                                0.000     0.000 r  clk_in (IN)
                         net (fo=0)                   0.000     0.000    u_clk_wiz/inst/clk_in1
    W5                   IBUF (Prop_ibuf_I_O)         0.414     0.414 r  u_clk_wiz/inst/clkin1_ibufg/O
                         net (fo=1, routed)           0.481     0.895    u_clk_wiz/inst/clk_in1_clk_wiz_0
    PLLE2_ADV_X1Y0       PLLE2_ADV (Prop_plle2_adv_CLKIN1_CLKOUT0)
                                                     -2.638    -1.743 r  u_clk_wiz/inst/plle2_adv_inst/CLKOUT0
                         net (fo=1, routed)           0.546    -1.197    u_clk_wiz/inst/clk_out1_clk_wiz_0
    BUFGCTRL_X0Y0        BUFG (Prop_bufg_I_O)         0.029    -1.168 r  u_clk_wiz/inst/clkout1_buf/O
                         net (fo=1596, routed)        0.828    -0.340    ADC_PROC_XADC/averager/clk
    SLICE_X31Y59         FDRE                                         r  ADC_PROC_XADC/averager/REG_ARRAY_reg_r_54/C

Slack:                    inf
  Source:                 reset
                            (input port)
  Destination:            ADC_PROC_XADC/averager/REG_ARRAY_reg_r_55/R
                            (rising edge-triggered cell FDRE clocked by clk_out1_clk_wiz_0_1  {rise@0.000ns fall@5.000ns period=10.000ns})
  Path Group:             (none)
  Path Type:              Hold (Min at Fast Process Corner)
  Data Path Delay:        1.527ns  (logic 0.210ns (13.723%)  route 1.317ns (86.277%))
  Logic Levels:           1  (IBUF=1)
  Clock Path Skew:        -0.340ns (DCD - SCD - CPR)
    Destination Clock Delay (DCD):    -0.340ns
    Source Clock Delay      (SCD):    0.000ns
    Clock Pessimism Removal (CPR):    -0.000ns

    Location             Delay type                Incr(ns)  Path(ns)    Netlist Resource(s)
  -------------------------------------------------------------------    -------------------
    U18                                               0.000     0.000 r  reset (IN)
                         net (fo=0)                   0.000     0.000    reset
    U18                  IBUF (Prop_ibuf_I_O)         0.210     0.210 r  reset_IBUF_inst/O
                         net (fo=1141, routed)        1.317     1.527    ADC_PROC_XADC/averager/reset
    SLICE_X31Y59         FDRE                                         r  ADC_PROC_XADC/averager/REG_ARRAY_reg_r_55/R
  -------------------------------------------------------------------    -------------------

                         (clock clk_out1_clk_wiz_0_1 rise edge)
                                                      0.000     0.000 r  
    W5                                                0.000     0.000 r  clk_in (IN)
                         net (fo=0)                   0.000     0.000    u_clk_wiz/inst/clk_in1
    W5                   IBUF (Prop_ibuf_I_O)         0.414     0.414 r  u_clk_wiz/inst/clkin1_ibufg/O
                         net (fo=1, routed)           0.481     0.895    u_clk_wiz/inst/clk_in1_clk_wiz_0
    PLLE2_ADV_X1Y0       PLLE2_ADV (Prop_plle2_adv_CLKIN1_CLKOUT0)
                                                     -2.638    -1.743 r  u_clk_wiz/inst/plle2_adv_inst/CLKOUT0
                         net (fo=1, routed)           0.546    -1.197    u_clk_wiz/inst/clk_out1_clk_wiz_0
    BUFGCTRL_X0Y0        BUFG (Prop_bufg_I_O)         0.029    -1.168 r  u_clk_wiz/inst/clkout1_buf/O
                         net (fo=1596, routed)        0.828    -0.340    ADC_PROC_XADC/averager/clk
    SLICE_X31Y59         FDRE                                         r  ADC_PROC_XADC/averager/REG_ARRAY_reg_r_55/C

Slack:                    inf
  Source:                 reset
                            (input port)
  Destination:            ADC_PROC_XADC/averager/REG_ARRAY_reg_r_56/R
                            (rising edge-triggered cell FDRE clocked by clk_out1_clk_wiz_0_1  {rise@0.000ns fall@5.000ns period=10.000ns})
  Path Group:             (none)
  Path Type:              Hold (Min at Fast Process Corner)
  Data Path Delay:        1.527ns  (logic 0.210ns (13.723%)  route 1.317ns (86.277%))
  Logic Levels:           1  (IBUF=1)
  Clock Path Skew:        -0.340ns (DCD - SCD - CPR)
    Destination Clock Delay (DCD):    -0.340ns
    Source Clock Delay      (SCD):    0.000ns
    Clock Pessimism Removal (CPR):    -0.000ns

    Location             Delay type                Incr(ns)  Path(ns)    Netlist Resource(s)
  -------------------------------------------------------------------    -------------------
    U18                                               0.000     0.000 r  reset (IN)
                         net (fo=0)                   0.000     0.000    reset
    U18                  IBUF (Prop_ibuf_I_O)         0.210     0.210 r  reset_IBUF_inst/O
                         net (fo=1141, routed)        1.317     1.527    ADC_PROC_XADC/averager/reset
    SLICE_X30Y59         FDRE                                         r  ADC_PROC_XADC/averager/REG_ARRAY_reg_r_56/R
  -------------------------------------------------------------------    -------------------

                         (clock clk_out1_clk_wiz_0_1 rise edge)
                                                      0.000     0.000 r  
    W5                                                0.000     0.000 r  clk_in (IN)
                         net (fo=0)                   0.000     0.000    u_clk_wiz/inst/clk_in1
    W5                   IBUF (Prop_ibuf_I_O)         0.414     0.414 r  u_clk_wiz/inst/clkin1_ibufg/O
                         net (fo=1, routed)           0.481     0.895    u_clk_wiz/inst/clk_in1_clk_wiz_0
    PLLE2_ADV_X1Y0       PLLE2_ADV (Prop_plle2_adv_CLKIN1_CLKOUT0)
                                                     -2.638    -1.743 r  u_clk_wiz/inst/plle2_adv_inst/CLKOUT0
                         net (fo=1, routed)           0.546    -1.197    u_clk_wiz/inst/clk_out1_clk_wiz_0
    BUFGCTRL_X0Y0        BUFG (Prop_bufg_I_O)         0.029    -1.168 r  u_clk_wiz/inst/clkout1_buf/O
                         net (fo=1596, routed)        0.828    -0.340    ADC_PROC_XADC/averager/clk
    SLICE_X30Y59         FDRE                                         r  ADC_PROC_XADC/averager/REG_ARRAY_reg_r_56/C





